"category","subcategory","ID","Description","GeneRatio","BgRatio","RichFactor","FoldEnrichment","zScore","pvalue","p.adjust","qvalue","geneID","Count","cell_type"
"Cellular Processes","Cellular community - eukaryotes","hsa04520","Adherens junction","35/959","92/8292",0.380434782608696,3.28943192637258,7.98521549722107,3.88746776304295e-11,1.30230170061939e-08,8.96163621164639e-09,"54922/1003/4233/57493/5787/5797/7048/83439/87/6615/51176/2260/3643/7082/9411/5819/51701/9475/64750/7525/1500/1495/2241/57154/6934/5595/1499/4301/10163/1387/10580/9855/4088/5879/5908",35,"ACKR1+ endothelial"
"Cellular Processes","Cellular community - eukaryotes","hsa04510","Focal adhesion","53/959","200/8292",0.265,2.29132429614181,6.68489056062736,3.05023087446707e-09,5.10913671473234e-07,3.51579242899099e-07,"7450/3691/8515/4233/3680/2324/7148/3912/3655/2321/7424/2012/3791/87/8516/3909/3678/3673/1282/1284/3911/9564/29780/6464/3910/5829/1793/3913/857/7410/10000/5747/858/8503/9475/83660/2013/3915/2317/1398/23396/5595/6654/1499/2932/54776/55742/3685/824/5879/2889/5908/3688",53,"ACKR1+ endothelial"
"Environmental Information Processing","Signaling molecules and interaction","hsa04518","Integrin signaling","42/959","153/8292",0.274509803921569,2.3735508802061,6.20121603533628,4.56332608162347e-08,5.09571412447954e-06,3.50655583114224e-06,"7450/7412/3691/8515/4233/55679/3680/2324/7148/3912/2200/3655/2321/7424/3383/3791/87/8516/3909/3678/3673/1282/1284/3911/29780/3910/10979/5829/3913/10000/5747/8503/83660/3915/2317/3987/1499/2932/55742/3685/5879/3688",42,"ACKR1+ endothelial"
"Environmental Information Processing","Signal transduction","hsa04015","Rap1 signaling pathway","51/959","210/8292",0.242857142857143,2.09986593177417,5.83797045822759,1.34587630635025e-07,9.28872427185496e-06,6.39192652171637e-06,"7010/196883/11069/10411/4233/5332/64411/2324/5600/2321/7424/9771/3791/2776/9732/23236/9223/22808/3397/9564/6300/2260/3643/7074/7410/9863/25780/23683/10000/91860/5899/8503/83660/25865/1500/1398/5595/5335/1499/5900/2149/260425/4301/2771/9693/9855/5879/1435/2889/5908/3688",51,"ACKR1+ endothelial"
"Human Diseases","Endocrine and metabolic disease","hsa04933","AGE-RAGE signaling pathway in diabetic complications","31/959","100/8292",0.31,2.68041710114703,6.11355803755071,1.38637675699328e-07,9.28872427185496e-06,6.39192652171637e-06,"6401/7412/7056/4846/5332/5600/7424/7048/3383/5054/23236/1282/1284/2308/6300/6347/1906/10000/5336/8503/3717/5581/5595/4772/5335/6776/6774/4313/6777/4088/5879",31,"ACKR1+ endothelial"
"Organismal Systems","Immune system","hsa04670","Leukocyte transendothelial migration","33/959","114/8292",0.289473684210526,2.50293617254816,5.84307321782688,3.33372363112024e-07,1.77014242981775e-05,1.21810272468213e-05,"11069/7412/58494/10411/5175/1003/5600/90952/3383/87/24146/9564/7122/5829/6300/7410/5747/83700/5336/8503/9475/1500/4478/1495/2185/5335/1499/4301/2771/4313/5879/5908/3688",33,"ACKR1+ endothelial"
"Human Diseases","Infectious disease: bacterial","hsa05135","Yersinia infection","37/959","136/8292",0.272058823529412,2.35235846163283,5.75035407570268,3.69880507723112e-07,1.77014242981775e-05,1.21810272468213e-05,"5600/64283/7099/2776/3678/6196/9564/5829/9844/1793/6300/6347/7410/10000/5747/3551/8935/8503/9475/4775/6197/1398/23396/5595/4772/2185/5335/5586/29110/2932/147179/23365/4773/10163/10095/5879/3688",37,"ACKR1+ endothelial"
"Environmental Information Processing","Signal transduction","hsa04070","Phosphatidylinositol signaling system","29/959","96/8292",0.302083333333333,2.61196558915537,5.74463350588527,6.44167551235786e-07,2.69745162079985e-05,1.85621965421891e-05,"5332/23236/5286/5287/3628/160851/91860/5336/8503/3710/4534/8526/8396/23396/8867/80271/3632/5335/8898/253430/22876/5289/8871/23262/5298/5305/3635/3708/5297",29,"ACKR1+ endothelial"
"Organismal Systems","Endocrine system","hsa04935","Growth hormone synthesis, secretion and action","33/959","121/8292",0.272727272727273,2.35813821215281,5.44215575449712,1.48345937779872e-06,5.52176546180633e-05,3.79973805541426e-05,"196883/5332/5600/2776/23236/9021/9564/6464/775/6300/10000/5747/2767/5336/8503/3710/3717/1398/5595/6654/5335/2932/1386/4214/6776/6774/2771/2690/1387/3708/6777/8835/5566",33,"ACKR1+ endothelial"
"Environmental Information Processing","Signal transduction","hsa04014","Ras signaling pathway","52/959","234/8292",0.222222222222222,1.92144595064303,5.17054213638958,1.93312748502649e-06,6.47597707483875e-05,4.45636757074528e-05,"7010/4233/10156/51365/2324/2791/59345/2321/7424/27/5924/9771/2549/2114/3791/57186/9462/22808/6464/8844/8605/5338/2260/3643/7074/55970/25780/10000/91860/3551/5899/5336/23179/8503/11145/5863/5595/6654/5921/5335/29110/4763/5900/55770/4301/25/57148/5879/1435/8036/5908/5566",52,"ACKR1+ endothelial"
"Human Diseases","Infectious disease: viral","hsa05163","Human cytomegalovirus infection","50/959","223/8292",0.224215246636771,1.93867864975194,5.13844168756869,2.31795491488052e-06,6.77019637145312e-05,4.65883112442493e-05,"196883/5332/5600/2791/59345/3554/2776/23236/9564/5829/6300/7132/6347/55970/10000/5747/91860/3551/2767/8503/9475/5534/3710/6667/5925/4775/1398/5595/6376/6654/4772/2185/29110/1499/3133/2932/115004/7249/1386/23365/4773/6774/2771/3685/3708/1026/6891/5879/3716/5566",50,"ACKR1+ endothelial"
"Organismal Systems","Development and regeneration","hsa04360","Axon guidance","43/959","181/8292",0.237569060773481,2.05414249419573,5.18529329307342,2.43325448554818e-06,6.77019637145312e-05,4.65883112442493e-05,"57556/4233/659/10501/54434/2050/22885/27289/6091/91653/6405/8829/2043/5362/23380/80031/1808/5998/3983/2242/57522/5747/5336/8503/9475/5534/1948/4775/3985/54910/5595/5921/5335/2932/23365/4773/2771/25/6259/85464/59277/5879/3688",43,"ACKR1+ endothelial"
"Cellular Processes","Transport and catabolism","hsa04148","Efferocytosis","39/959","158/8292",0.246835443037975,2.13426433125223,5.20550242724889,2.63692520807643e-06,6.77019637145312e-05,4.65883112442493e-05,"5175/8578/23166/5600/8877/286410/5627/9564/9844/2621/23250/5087/1793/6300/140885/196527/5747/1901/3717/4775/6256/1398/5595/6868/6376/4772/1374/3091/5467/102/4773/23355/3685/5879/23339/55754/3988/7879/1788",39,"ACKR1+ endothelial"
"Human Diseases","Cancer: overview","hsa05205","Proteoglycans in cancer","46/959","200/8292",0.23,1.98869655891554,5.11825597471247,2.82933579702519e-06,6.77019637145312e-05,4.65883112442493e-05,"4233/3339/5600/7099/8322/2549/3791/8323/3678/22808/3673/7482/5962/5829/6300/2260/857/7074/7410/10000/5747/858/5336/8503/9475/7078/3710/4478/2017/5595/6654/3091/5335/10818/867/1499/23365/6774/54776/3685/4313/3708/1026/5879/3688/5566",46,"ACKR1+ endothelial"
"Human Diseases","Infectious disease: bacterial","hsa05131","Shigellosis","50/959","226/8292",0.221238938053097,1.9129439774101,5.03200608222151,3.48612307355368e-06,7.33412581403504e-05,5.04689254759992e-05,"5332/5600/7099/87/3554/23236/3678/10392/9564/5829/9844/2308/1793/6300/7132/10000/5747/3551/4671/5336/8503/9475/3710/5581/25851/83660/837/57521/9181/1398/54874/9267/2017/5595/3098/5335/29110/2932/115004/5289/10163/92610/22863/3708/9266/10095/824/7323/5879/3688",50,"ACKR1+ endothelial"
"Environmental Information Processing","Signaling molecules and interaction","hsa04517","IgSF CAM signaling","61/959","296/8292",0.206081081081081,1.78188146436322,4.95361556328039,3.63943921257734e-06,7.33412581403504e-05,5.04689254759992e-05,"58494/54538/23136/5600/84617/57513/8828/90952/3383/6091/3791/87/8829/9223/3678/5362/23380/9564/6711/5962/5829/8777/2308/7204/6300/2260/7082/351/7410/9863/5376/57522/9788/10000/5819/5747/28964/83700/9414/5336/8503/5817/23085/6709/4478/2037/5595/5921/5335/1499/2932/4627/4301/25/3635/9693/10580/10095/5879/5908/3688",61,"ACKR1+ endothelial"
"Human Diseases","Cardiovascular disease","hsa05418","Fluid shear stress and atherosclerosis","35/959","137/8292",0.255474452554745,2.20896158559327,5.15979825192239,3.72179518921181e-06,7.33412581403504e-05,5.04689254759992e-05,"6401/7412/5175/5327/1003/7056/4846/659/5600/3383/3791/3554/4205/4208/6300/857/7132/6347/1906/445/10000/5747/91860/3551/1728/4258/858/8503/9181/5607/1499/10365/3685/4313/5879",35,"ACKR1+ endothelial"
"Environmental Information Processing","Signal transduction","hsa04151","PI3K-Akt signaling pathway","70/959","357/8292",0.196078431372549,1.6953934858615,4.85694492959087,4.52292711224154e-06,8.41766990333843e-05,5.79252068760759e-05,"7450/7010/3691/8515/3563/4233/4846/3680/2324/29941/7148/2791/3912/59345/3655/2321/7424/7099/3791/8516/9180/3909/9223/3678/3673/1282/1284/10161/3911/3910/3913/2260/3643/55970/9863/10000/5747/3551/1017/5525/23239/8503/3717/5519/3915/57521/6256/5595/6654/11140/5586/2932/3566/3455/7249/1386/5529/2149/5520/2690/3685/5516/23678/1026/55012/92579/5879/1435/3716/3688",70,"ACKR1+ endothelial"
"Metabolism","Carbohydrate metabolism","hsa00562","Inositol phosphate metabolism","23/959","78/8292",0.294871794871795,2.54961097296864,4.97238277987085,1.43360023525102e-05,0.000252766357267943,0.000173938200288074,"5332/23236/5286/5287/3628/5336/4534/8396/23396/8867/80271/3632/5335/8898/253430/22876/5289/8871/23262/5298/5305/3635/5297",23,"ACKR1+ endothelial"
"Human Diseases","Infectious disease: viral","hsa05167","Kaposi sarcoma-associated herpesvirus infection","43/959","194/8292",0.221649484536082,1.91649377035787,4.67103815397684,1.59622141015626e-05,0.000267367086201174,0.000183985520433801,"5600/2791/59345/83439/3383/1827/51176/6300/3572/7132/55970/10000/91860/3551/5336/8503/5534/3710/3717/5925/5610/4775/6773/6934/5595/4772/3091/5335/29110/1499/3133/2932/3455/5289/4773/6774/22863/2920/1387/3708/1026/5879/3716",43,"ACKR1+ endothelial"
"Genetic Information Processing","Folding, sorting and degradation","hsa04120","Ubiquitin mediated proteolysis","34/959","141/8292",0.24113475177305,2.08497326559137,4.69888769597041,1.95108221251699e-05,0.000300201553490836,0.000206580173494087,"4734/9021/5071/5371/868/8924/55120/996/64750/57154/4281/9320/867/26091/51366/10393/55294/7325/4214/9063/1643/64326/55284/11059/7327/55236/9690/57448/7323/11060/8452/7324/8451/10277",34,"ACKR1+ endothelial"
"Cellular Processes","Cell motility","hsa04810","Regulation of actin cytoskeleton","48/959","227/8292",0.211453744493392,1.8283362349731,4.57603482667955,1.97147288859654e-05,0.000300201553490836,0.000206580173494087,"624/3691/8515/3680/54434/3655/87/8516/3678/22808/730/3673/9564/5962/5829/2934/1793/2260/7074/7410/55970/10000/5747/28964/8503/9475/10787/1730/8396/3985/1398/23396/4478/5595/6654/23191/324/4627/23365/2149/54776/5305/10163/85464/3685/10095/5879/3688",48,"ACKR1+ endothelial"
"Human Diseases","Infectious disease: viral","hsa05165","Human papillomavirus infection","63/959","329/8292",0.191489361702128,1.65571406385197,4.38880220392716,2.95051793583086e-05,0.00042974935152319,0.000295726969312109,"7450/3691/8515/3680/7148/3912/3655/83439/8322/8516/8323/3909/9223/3678/3673/1282/1284/3911/3910/7482/5829/4855/4851/2308/4599/3913/7132/10000/5747/1740/3551/1017/5525/8503/5519/3915/5925/5610/6773/6934/5595/6654/324/3280/29110/1499/3133/2932/3455/7249/5529/4242/1108/545/5520/3685/1387/5516/1026/55012/3716/3688/5566",63,"ACKR1+ endothelial"
"Human Diseases","Infectious disease: bacterial","hsa05100","Bacterial invasion of epithelial cells","22/959","77/8292",0.285714285714286,2.47043050796961,4.68768048313086,3.77116512431629e-05,0.000526391798602482,0.000362230334309328,"26052/4233/2549/3678/9564/6464/5829/9844/1793/857/5747/858/8503/1398/2017/1495/867/1499/10163/10095/5879/3688",22,"ACKR1+ endothelial"
"Environmental Information Processing","Signal transduction","hsa04072","Phospholipase D signaling pathway","34/959","146/8292",0.232876712328767,2.01357007156427,4.4681724042987,4.22800754527882e-05,0.000566553011067362,0.000389866801017289,"196883/11069/26052/10411/5332/8877/2549/23236/8613/22808/10161/6464/8605/5338/160851/3643/10000/5899/5336/8503/56895/8526/23396/9267/5595/6654/2185/5335/7249/5900/2149/10555/9266/55326",34,"ACKR1+ endothelial"
"Environmental Information Processing","Signaling molecules and interaction","hsa04519","Cadherin signaling","73/959","402/8292",0.181592039800995,1.57013680295083,4.23765424934403,4.5075910128304e-05,0.000580785765114686,0.000399660903566744,"27253/79633/1003/51294/4233/9620/2324/8642/5600/29964/4041/5099/83439/8463/8322/7004/3791/87/2697/25937/8323/9344/22808/1012/7482/10184/8777/4643/4040/51176/6300/5097/2260/7082/7003/166336/7410/10186/1822/5747/3551/55914/26524/9475/10787/6788/1500/51421/1495/4641/6934/51474/60485/5595/57551/2185/23191/324/23002/1499/154810/2932/102/4301/6259/1387/473/7431/10095/4642/5879/8036/10413",73,"ACKR1+ endothelial"
"Organismal Systems","Immune system","hsa04666","Fc gamma R-mediated phagosome formation","25/959","95/8292",0.263157894736842,2.27539652049833,4.52117670829583,5.25671191201182e-05,0.000652221663157022,0.000448818677867676,"8877/50807/8613/8853/2934/8605/5338/1793/7410/55616/10000/5336/8503/5581/3985/1398/23396/4651/5595/5335/4082/10163/3635/10095/5879",25,"ACKR1+ endothelial"
"Environmental Information Processing","Signal transduction","hsa04371","Apelin signaling pathway","32/959","138/8292",0.231884057971014,2.00498707893186,4.30513313464167,7.69555670464921e-05,0.000920718391449102,0.000633581548239916,"6263/187/196883/5327/4846/5332/2791/8877/59345/2776/5054/23236/22808/4205/4208/55970/6262/10000/91860/6546/3710/5581/5595/5289/1490/9759/10365/10014/2771/3708/4088/5566",32,"ACKR1+ endothelial"
"Human Diseases","Infectious disease: viral","hsa05166","Human T-cell leukemia virus 1 infection","45/959","221/8292",0.203619909502262,1.7606009276254,4.14439587326688,9.285204731278e-05,0.00107260123619935,0.000738097944156037,"196883/3600/7048/3383/2114/3554/8829/3601/958/7132/2648/4215/10000/3551/3127/1017/8061/8503/996/5534/83660/5925/4775/3123/5595/4772/5971/3133/3108/1386/10393/4214/4055/6776/4773/8295/545/1387/1026/6777/2224/64784/4088/3716/5566",45,"ACKR1+ endothelial"
"Environmental Information Processing","Signal transduction","hsa04010","MAPK signaling pathway","56/959","299/8292",0.187290969899666,1.61941264067573,3.94486976713667,0.000151327643546971,0.00168982535294117,0.0011628334714662,"84867/7010/4233/2324/5600/2122/2321/7424/7048/5924/3791/3554/9344/22808/6196/775/8605/4208/6300/2260/3643/408/7132/55970/4215/25780/4296/10000/3551/51701/5534/1848/1326/4775/6788/6197/1398/5607/5595/57551/6654/9448/4772/5921/5971/781/4763/1386/4214/8682/9693/23162/5879/1435/5908/5566",56,"ACKR1+ endothelial"
"Organismal Systems","Immune system","hsa04659","Th17 cell differentiation","26/959","107/8292",0.242990654205607,2.10102033855359,4.14524121105363,0.000158494104875586,0.00171275887526843,0.00117861490552643,"5600/7048/3554/6300/3572/3551/3127/5534/6095/3717/4775/6256/3123/5595/4772/3091/5335/3566/3108/6776/196/4773/6774/6777/4088/3716",26,"ACKR1+ endothelial"
"Human Diseases","Infectious disease: bacterial","hsa05132","Salmonella infection","48/959","247/8292",0.194331983805668,1.68029281513723,3.92512286155518,0.000180741052484231,0.00189213289319429,0.00130204902940943,"57381/113146/5600/84617/197259/5420/83439/7099/5286/10392/5287/8795/23643/9844/51176/6300/7132/10000/3551/4671/8743/9475/10787/837/9267/8797/3831/6934/5595/60412/3839/302/23191/1499/10640/3840/5289/79659/55770/1781/6281/9266/1783/10095/79026/5879/23339/7879",48,"ACKR1+ endothelial"
"Cellular Processes","Transport and catabolism","hsa04144","Endocytosis","48/959","249/8292",0.192771084337349,1.6667964873048,3.8632771123566,0.000220554082804846,0.00221670888054778,0.00152540218331489,"26052/64411/7048/4734/50807/30844/8853/26056/1601/5338/857/408/5371/55616/868/28964/89853/858/9372/116988/30846/64750/2869/8411/23396/161/9267/93343/57154/867/3133/147179/10564/8766/11059/9922/23527/6455/22905/9266/163/55680/10095/4088/23111/23325/9727/7879",48,"ACKR1+ endothelial"
"Organismal Systems","Immune system","hsa04062","Chemokine signaling pathway","39/959","190/8292",0.205263157894737,1.77480928598869,3.90703603470694,0.000224979408772013,0.00221670888054778,0.00152540218331489,"6358/196883/5332/2791/59345/2776/23236/9564/6464/5829/9844/408/6347/7074/7410/55970/10000/5747/3551/5336/8503/9475/3717/2869/1398/6773/5595/6376/6654/2185/5335/2932/6774/2771/2920/6777/5879/5908/5566",39,"ACKR1+ endothelial"
"Human Diseases","Cancer: specific types","hsa05222","Small cell lung cancer","23/959","92/8292",0.25,2.16162669447341,4.05158999306504,0.000238481903913627,0.00228261250888758,0.00157075299119051,"3912/3655/3909/3673/1282/1284/3911/3910/3913/10000/5747/3551/51426/1017/5915/8503/3915/5925/6256/1643/3685/1026/3688",23,"ACKR1+ endothelial"
"Human Diseases","Cancer: overview","hsa05206","MicroRNAs in cancer","34/959","160/8292",0.2125,1.8373826903024,3.86773939736751,0.000284069284565317,0.00260871678828265,0.00179515782131626,"23414/5243/4233/659/7148/6624/3678/6464/5962/6935/4855/1545/4851/3551/5336/8503/7078/5581/57521/1398/27086/5595/6654/5335/4082/324/9759/6774/10014/25/1387/1026/7431/1788",34,"ACKR1+ endothelial"
"Human Diseases","Cancer: specific types","hsa05220","Chronic myeloid leukemia","20/959","76/8292",0.263157894736842,2.27539652049833,4.03918483670854,0.000288126928855098,0.00260871678828265,0.00179515782131626,"2122/613/7048/6464/10000/3551/51426/8503/1488/5925/1398/5595/6654/867/6776/1643/25/1026/6777/4088",20,"ACKR1+ endothelial"
"Cellular Processes","Cellular community - eukaryotes","hsa04530","Tight junction","35/959","168/8292",0.208333333333333,1.80135557872784,3.79460755297568,0.000346255784830443,0.00305251810311048,0.00210055448415144,"58494/4734/11346/87/24146/9223/7122/5962/8777/7082/7074/8531/1740/83700/9414/9475/5581/5519/9181/4478/2017/51421/5872/55114/154810/4627/4214/4301/5520/9693/5516/10095/5879/3688/5566",35,"ACKR1+ endothelial"
"Human Diseases","Cardiovascular disease","hsa05417","Lipid and atherosclerosis","42/959","214/8292",0.196261682242991,1.69697796575483,3.73547581932703,0.000362163642673791,0.00311089282809539,0.00214072436560217,"6401/6403/7412/4846/5332/5600/7099/3383/23236/8795/23643/6300/958/7132/6347/7410/10000/5747/91860/3551/3306/8503/8743/9475/5534/3717/9619/4775/6256/8797/5595/4772/5335/29110/2932/57534/4773/6774/2920/3708/5879/5908",42,"ACKR1+ endothelial"
"Organismal Systems","Nervous system","hsa04722","Neurotrophin signaling pathway","27/959","119/8292",0.226890756302521,1.96181246221116,3.82159842974215,0.000396780748239651,0.00332303876650708,0.00228671010169694,"5600/11213/2549/6196/6464/6300/4215/10000/91860/3551/5336/8503/6197/10019/1398/5607/5595/6654/5335/10818/2932/4214/25/57498/5879/2889/5908",27,"ACKR1+ endothelial"
"Human Diseases","Cancer: specific types","hsa05224","Breast cancer","31/959","147/8292",0.210884353741497,1.82341299397757,3.6425268174489,0.000595045408445306,0.0048619563860775,0.00334569818869119,"2324/28514/4041/83439/8322/8323/3714/6464/7482/4855/4851/4040/51176/2260/54567/10000/51426/8503/6667/5925/8648/6934/5595/6654/324/3280/1499/2932/1643/1026/8202",31,"ACKR1+ endothelial"
"Human Diseases","Cardiovascular disease","hsa05412","Arrhythmogenic right ventricular cardiomyopathy","21/959","86/8292",0.244186046511628,2.11135630622984,3.74635308454176,0.000615515047933989,0.00487262524994565,0.00335303984206787,"3691/8515/3680/3655/83439/2697/8516/3678/6645/3673/775/51176/6262/6546/1495/6934/781/1499/3685/4000/3688",21,"ACKR1+ endothelial"
"Human Diseases","Infectious disease: parasitic","hsa05145","Toxoplasmosis","25/959","110/8292",0.227272727272727,1.96511517679401,3.68483180160306,0.000625441449993024,0.00487262524994565,0.00335303984206787,"5600/3912/3655/7099/4261/3909/23643/3911/3910/6300/3913/958/7132/10000/3551/3127/3717/3915/3123/5595/3108/6774/2771/3716/3688",25,"ACKR1+ endothelial"
"Environmental Information Processing","Signal transduction","hsa04370","VEGF signaling pathway","16/959","58/8292",0.275862068965517,2.38524324907411,3.82830496321697,0.000650402211249865,0.00495192592656147,0.00340760967138087,"4846/5600/8877/3791/5829/8605/6300/10000/5747/5336/8503/5534/5595/5335/4773/5879",16,"ACKR1+ endothelial"
"Environmental Information Processing","Signal transduction","hsa04392","Hippo signaling pathway - multiple species","10/959","28/8292",0.357142857142857,3.08803813496201,4.00215778077385,0.000756757847952588,0.00563364175698038,0.00387672441407291,"79633/8642/8463/7004/25937/7003/26524/6788/60485/10413",10,"ACKR1+ endothelial"
"Human Diseases","Infectious disease: viral","hsa05164","Influenza A","34/959","169/8292",0.201183431952663,1.7395339079786,3.51249031752897,0.000810513689668427,0.00590265404432442,0.00406184206035207,"90865/7099/3383/4261/8795/4940/9021/7706/64135/4599/7132/6347/5371/10000/3551/3127/8503/8743/3717/5610/8797/3123/6773/5595/4939/29110/3455/3108/8766/57506/1387/2224/10482/3716",34,"ACKR1+ endothelial"
"Organismal Systems","Endocrine system","hsa04910","Insulin signaling pathway","29/959","138/8292",0.210144927536232,1.817019540282,3.49992349976892,0.00093549402290706,0.0065350486622689,0.00449701698990382,"32/9021/6464/2308/5575/3643/10000/868/91860/3551/8503/9322/10211/57521/1398/5595/6654/3098/5257/3632/867/2932/7249/9847/10580/8835/92579/2889/5566",29,"ACKR1+ endothelial"
"Environmental Information Processing","Signal transduction","hsa04310","Wnt signaling pathway","35/959","177/8292",0.19774011299435,1.7097612272671,3.45164848490191,0.000946526711337629,0.0065350486622689,0.00449701698990382,"5332/9620/64321/29964/4041/83439/8322/8323/23236/7482/4040/51176/166336/51701/8061/9475/5534/1488/4163/4775/27130/6934/4772/324/23002/1499/2932/5467/4773/6259/1387/79718/4088/5879/5566",35,"ACKR1+ endothelial"
"Human Diseases","Infectious disease: bacterial","hsa05130","Pathogenic Escherichia coli infection","38/959","197/8292",0.192893401015228,1.66785409928913,3.43066412617482,0.000955872789406496,0.0065350486622689,0.00449701698990382,"5600/84617/7099/24146/3554/8795/7122/4643/55930/6300/7082/7132/3551/4671/8743/9475/10787/837/9181/9267/2017/8797/4641/4651/5595/23191/147179/4627/23365/2149/10427/10163/25/9266/10095/4642/5879/3688",38,"ACKR1+ endothelial"
"Environmental Information Processing","Signaling molecules and interaction","hsa04512","ECM-receptor interaction","21/959","89/8292",0.235955056179775,2.0401869925367,3.56773003787532,0.000995047420207136,0.00666681771538781,0.00458769231632342,"7450/3691/8515/3339/3680/7148/3912/3655/8516/3909/3678/3673/1282/1284/3911/3910/375790/3913/3915/3685/3688",21,"ACKR1+ endothelial"
"Organismal Systems","Endocrine system","hsa04919","Thyroid hormone signaling pathway","26/959","121/8292",0.214876033057851,1.85792707624161,3.437774398164,0.00119759782733039,0.0078665739638369,0.00541329048886184,"5332/1827/23236/4855/4851/2308/2648/10000/5336/8503/23389/8648/6256/5595/9969/3091/5335/1499/2932/25942/7249/3685/1387/8202/29079/5566",26,"ACKR1+ endothelial"
"Human Diseases","Infectious disease: viral","hsa05161","Hepatitis B","32/959","160/8292",0.2,1.72930135557873,3.36852865266028,0.00126332477820724,0.0081387269365274,0.00560056936087824,"3339/5600/843/7048/7099/64135/6300/10000/3551/1017/8503/3717/5925/4775/6773/5595/6654/4772/2185/29110/1386/4214/6776/1643/4773/6774/57506/1387/1026/6777/4088/3716",32,"ACKR1+ endothelial"
"Organismal Systems","Immune system","hsa04658","Th1 and Th2 cell differentiation","21/959","91/8292",0.230769230769231,1.99534771797546,3.45250275620602,0.00134746448107848,0.00851699247474135,0.00586086834868297,"28514/5600/3714/4851/6300/54567/3551/3127/5534/3717/4775/3123/5595/4772/5335/3566/3108/6776/4773/6777/3716",21,"ACKR1+ endothelial"
"Human Diseases","Endocrine and metabolic disease","hsa04934","Cushing syndrome","31/959","155/8292",0.2,1.72930135557873,3.31445884281887,0.00149397832306233,0.00926819885603479,0.00637780219786841,"196883/5332/83439/8322/2776/8323/23236/7482/775/5087/51176/1017/2767/3710/6667/5925/6934/5595/5151/324/1499/2932/1386/196/8085/2771/3708/1026/949/5908/5566",31,"ACKR1+ endothelial"
"Environmental Information Processing","Signal transduction","hsa04668","TNF signaling pathway","25/959","118/8292",0.211864406779661,1.83188702921475,3.29124307594563,0.0018166894965161,0.011065290569689,0.00761444975573254,"6401/7412/5600/843/3600/7424/197259/3383/9021/153090/6300/7132/6347/1906/10000/3551/8503/1326/5595/6868/6376/8837/1386/2920/1435",25,"ACKR1+ endothelial"
"Human Diseases","Infectious disease: parasitic","hsa05142","Chagas disease","22/959","101/8292",0.217821782178218,1.88339751597683,3.23013234281396,0.00231033913237611,0.0135783089358947,0.00934375383177041,"9630/624/5332/5600/7048/7099/2776/5054/23236/6300/7132/6347/10000/3551/2767/8503/5519/5595/8837/2771/5520/5516",22,"ACKR1+ endothelial"
"Human Diseases","Infectious disease: parasitic","hsa05146","Amoebiasis","22/959","101/8292",0.217821782178218,1.88339751597683,3.23013234281396,0.00231033913237611,0.0135783089358947,0.00934375383177041,"9630/5332/3912/7099/87/3554/2776/23236/3909/1282/1284/3911/3910/3913/5747/2767/8503/3915/5269/2920/7879/5566",22,"ACKR1+ endothelial"
"Human Diseases","Infectious disease: viral","hsa05160","Hepatitis C","30/959","154/8292",0.194805194805195,1.68438443725201,3.10008471302055,0.00269440877885243,0.0155625334640614,0.0107091746382701,"24146/4940/9021/7122/4599/7132/10000/3551/1017/8503/5519/5925/5610/6256/6773/5595/6654/8837/4939/29110/1499/2932/3455/6774/5520/57506/5516/1026/949/3716",30,"ACKR1+ endothelial"
"Human Diseases","Infectious disease: viral","hsa05168","Herpes simplex virus 1 infection","33/959","175/8292",0.188571428571429,1.63048413525994,3.04836757182196,0.00294035880339235,0.016695257612482,0.0114886454583929,"3678/4940/9021/64135/7132/6347/5371/10000/5819/3551/3127/8503/6429/3717/5610/972/6672/3123/6773/29990/4939/29110/3133/115004/684/3455/7249/3108/57506/56829/6891/10482/3716",33,"ACKR1+ endothelial"
"Cellular Processes","Cellular community - eukaryotes","hsa04550","Signaling pathways regulating pluripotency of stem cells","28/959","142/8292",0.197183098591549,1.7049449984579,3.06402652109588,0.00306549647492029,0.0171156886516383,0.0117779601404832,"659/4086/5600/3977/8322/8323/3397/4093/7703/7482/6300/3572/2260/3399/10000/9314/8503/3717/10336/5595/324/1499/2932/6774/4088/56916/3720/3716",28,"ACKR1+ endothelial"
"Human Diseases","Infectious disease: viral","hsa05170","Human immunodeficiency virus 1 infection","38/959","210/8292",0.180952380952381,1.56460598838075,2.99686805953547,0.00315591914480487,0.0172257617051088,0.0118537056195407,"5600/2791/59345/7099/2776/5829/6300/7132/55970/10000/5747/91860/3551/8905/2767/5336/85363/8503/5534/3710/4775/3985/1398/5595/4772/2185/5335/29110/3133/115004/684/4773/545/2771/3708/6891/5879/8451",38,"ACKR1+ endothelial"
"Human Diseases","Cancer: specific types","hsa05226","Gastric cancer","29/959","149/8292",0.194630872483221,1.68287715811353,3.04169330252158,0.00318805142004999,0.0172257617051088,0.0118537056195407,"5243/4233/4041/7048/83439/8322/2549/8323/6464/7482/4040/51176/10000/51426/1017/5915/8503/5925/6256/1495/6934/5595/6654/324/1499/2932/1643/1026/4088",29,"ACKR1+ endothelial"
"Organismal Systems","Endocrine system","hsa04912","GnRH signaling pathway","20/959","92/8292",0.217391304347826,1.87967538649862,3.06818361702603,0.00366514888003954,0.0189542641220024,0.0130431542583457,"196883/5332/5600/2776/23236/775/8605/5338/6300/4215/91860/2767/3710/5595/6654/2185/4214/4313/3708/5566",20,"ACKR1+ endothelial"
"Environmental Information Processing","Signal transduction","hsa04071","Sphingolipid signaling pathway","25/959","124/8292",0.201612903225806,1.74324733425275,3.01549252972552,0.00367769303859748,0.0189542641220024,0.0130431542583457,"624/4846/5332/5600/8877/2776/23236/9517/5338/6300/7132/10000/1901/5525/8503/9475/5581/5519/5595/5529/2771/5520/5516/55012/5879",25,"ACKR1+ endothelial"
"Organismal Systems","Immune system","hsa04611","Platelet activation","25/959","124/8292",0.201612903225806,1.74324733425275,3.01549252972552,0.00367769303859748,0.0189542641220024,0.0130431542583457,"7450/196883/4846/5332/5600/2776/23236/3673/8605/6300/10000/5336/8503/9475/3710/83660/5595/8773/23365/2149/2771/3708/5908/3688/5566",25,"ACKR1+ endothelial"
"Human Diseases","Cancer: specific types","hsa05210","Colorectal cancer","19/959","86/8292",0.22093023255814,1.91027475325557,3.06851242083493,0.00377879488005428,0.0191802467396695,0.0131986615427733,"7048/83439/51176/10000/51426/5899/8503/6934/5595/6654/324/1499/2932/5900/1643/1026/26060/4088/5879",19,"ACKR1+ endothelial"
"Human Diseases","Cancer: specific types","hsa05211","Renal cell carcinoma","16/959","68/8292",0.235294117647059,2.0344721830338,3.09744526836616,0.00394353657205765,0.0197176828602883,0.0135684918975746,"4233/2549/2034/10000/54583/8503/1398/5595/6654/3091/112398/1387/1026/5879/2889/5908",16,"ACKR1+ endothelial"
"Human Diseases","Cancer: overview","hsa05202","Transcriptional misregulation in cancer","33/959","179/8292",0.184357541899441,1.59404873558933,2.90555949102463,0.00424736508971787,0.0209245191919925,0.0143989621462572,"7102/5327/2078/4233/4086/862/4005/3087/2321/7048/2313/6935/2308/4066/5087/4208/958/5371/5747/51426/2120/4299/1848/4291/6667/6256/221037/25942/1643/1025/1026/55589/7403",33,"ACKR1+ endothelial"
"Organismal Systems","Endocrine system","hsa04928","Parathyroid hormone synthesis, secretion and action","23/959","114/8292",0.201754385964912,1.74447066571538,2.89433223296774,0.00516365404741899,0.0250699145780487,0.0172515672980131,"196883/5332/4041/2776/23236/4205/4040/5338/4208/2260/408/2767/3710/6667/6256/5595/1386/2771/3708/1026/5144/65125/5566",23,"ACKR1+ endothelial"
"Human Diseases","Cancer: specific types","hsa05213","Endometrial cancer","14/959","58/8292",0.241379310344828,2.08708784293984,3.00431262694195,0.00533821607023324,0.0253587435057129,0.0174503215326037,"83439/51176/10000/51426/8503/1495/6934/5595/6654/324/1499/2932/1643/1026",14,"ACKR1+ endothelial"
"Human Diseases","Drug resistance: antineoplastic","hsa01522","Endocrine resistance","20/959","95/8292",0.210526315789474,1.82031721639866,2.90795766852695,0.00537453966837496,0.0253587435057129,0.0174503215326037,"196883/28514/5600/3714/6464/4855/4851/6300/54567/10000/5747/8503/6667/5925/5595/6654/4313/1026/8202/5566",20,"ACKR1+ endothelial"
"Environmental Information Processing","Signal transduction","hsa04390","Hippo signaling pathway","29/959","155/8292",0.187096774193548,1.61773352618655,2.80741607390811,0.00572940184231667,0.0266576335718901,0.0183441374775929,"659/4086/7048/83439/8463/8322/7004/25937/8323/5054/3397/7482/51176/7003/1740/26524/5519/6788/1495/6934/60485/324/1499/2932/1490/5520/5516/4088/10413",29,"ACKR1+ endothelial"
"Organismal Systems","Immune system","hsa04621","NOD-like receptor signaling pathway","33/959","183/8292",0.180327868852459,1.5592061402759,2.76621380761815,0.00601631484257607,0.0276091160583971,0.018998888976556,"5332/5600/7099/23236/10392/3428/4940/115361/90550/6300/6347/22900/2633/3551/4671/55914/10628/3710/837/2635/6773/22861/5595/4939/5586/29110/3455/57506/54822/2920/3708/114769/3716",33,"ACKR1+ endothelial"
"Environmental Information Processing","Signal transduction","hsa04012","ErbB signaling pathway","18/959","84/8292",0.214285714285714,1.85282288097721,2.84087242713704,0.00664316450169502,0.0300737852441599,0.0206949221318806,"27/2549/6464/10000/5747/868/5336/8503/1398/5595/6654/5335/867/2932/6776/25/1026/6777",18,"ACKR1+ endothelial"
"Human Diseases","Cancer: overview","hsa05231","Choline metabolism in cancer","20/959","97/8292",0.206185567010309,1.78278490265848,2.80430823812797,0.00684293481856289,0.0305651088562476,0.0210330207054775,"6583/8613/8605/5338/160851/10000/8503/6667/8526/23396/5595/6654/57153/3091/5335/7249/5900/10163/5879/23446",20,"ACKR1+ endothelial"
"Human Diseases","Cancer: specific types","hsa05223","Non-small cell lung cancer","16/959","72/8292",0.222222222222222,1.92144595064303,2.83969779322077,0.0071048887592593,0.0313176017677877,0.0215508398653433,"4233/10000/51426/5915/5336/8503/5925/6256/5595/6654/5335/6776/1643/6774/1026/6777",16,"ACKR1+ endothelial"
"Human Diseases","Cancer: specific types","hsa05216","Thyroid cancer","10/959","37/8292",0.27027027027027,2.33689372375504,2.94721030015603,0.0076466949917081,0.0328908057603316,0.0226334217172431,"83439/51176/51426/6256/6934/5595/1499/7170/1643/1026",10,"ACKR1+ endothelial"
"Organismal Systems","Nervous system","hsa04728","Dopaminergic synapse","25/959","131/8292",0.190839694656489,1.65009671333848,2.71215089128506,0.00765815775912198,0.0328908057603316,0.0226334217172431,"5332/5600/2791/59345/2776/23236/775/6300/408/55970/10000/91860/5525/3710/5519/9575/2932/1386/5529/2771/5520/5516/3708/55012/5566",25,"ACKR1+ endothelial"
"Organismal Systems","Nervous system","hsa04720","Long-term potentiation","15/959","67/8292",0.223880597014925,1.93578509952843,2.78110568193656,0.00838180956532872,0.035098827554814,0.0241528459843025,"10411/5332/2776/23236/6196/775/91860/5534/3710/6197/5595/1387/3708/5908/5566",15,"ACKR1+ endothelial"
"Human Diseases","Cancer: specific types","hsa05221","Acute myeloid leukemia","15/959","67/8292",0.223880597014925,1.93578509952843,2.78110568193656,0.00838180956532872,0.035098827554814,0.0241528459843025,"862/83439/51176/5371/10000/3551/8503/1848/6934/5595/6654/5467/6776/6774/6777",15,"ACKR1+ endothelial"
"Human Diseases","Cancer: specific types","hsa05225","Hepatocellular carcinoma","30/959","167/8292",0.179640718562874,1.55326469063958,2.6118691984742,0.00903083740327288,0.0373497596308199,0.0257017984576577,"4233/4041/7048/83439/8322/2549/8323/6464/7482/4040/51176/10000/51426/1728/4258/5336/8503/5925/6934/5595/6654/57492/5335/324/1499/2932/1643/196528/1026/4088",30,"ACKR1+ endothelial"
"Organismal Systems","Immune system","hsa04610","Complement and coagulation cascades","18/959","87/8292",0.206896551724138,1.78893243680558,2.67505098984383,0.00963996686250965,0.0393827914504968,0.0271008054286215,"7450/3426/624/5327/7056/1191/10544/2157/7035/5054/5627/3075/730/2/966/710/2149/1604",18,"ACKR1+ endothelial"
"Human Diseases","Cancer: specific types","hsa05212","Pancreatic cancer","16/959","76/8292",0.210526315789474,1.82031721639866,2.59794723328381,0.0120410140761454,0.0481236036160155,0.0331156926689941,"7048/5338/10000/3551/51426/5899/8503/5925/5595/5900/1643/6774/1026/4088/5879/3716",16,"ACKR1+ endothelial"
"Organismal Systems","Endocrine system","hsa04926","Relaxin signaling pathway","24/959","129/8292",0.186046511627907,1.60865242379417,2.51948183417152,0.0120878613464908,0.0481236036160155,0.0331156926689941,"196883/4846/5332/5600/2791/59345/7424/7048/23236/1282/1284/6464/6300/408/55970/1906/10000/8503/5595/6654/1386/2771/4313/5566",24,"ACKR1+ endothelial"
"Human Diseases","Infectious disease: viral","hsa05169","Epstein-Barr virus infection","34/959","199/8292",0.170854271356784,1.47729261531851,2.46449761197996,0.0122104665891382,0.0481236036160155,0.0331156926689941,"5600/953/3383/4734/4940/6300/958/10000/3551/3127/51426/1017/5336/8503/5925/5610/3123/6773/4939/5971/3280/29110/3133/25942/3455/3108/1643/6774/57506/1026/7431/6891/5879/3716",34,"ACKR1+ endothelial"
"Environmental Information Processing","Signal transduction","hsa04066","HIF-1 signaling pathway","21/959","109/8292",0.192660550458716,1.665840755374,2.53045877483327,0.0124065763723307,0.0483279428457069,0.0332563063101644,"7010/4846/2321/7099/5054/2034/3643/1906/10000/54583/5336/8503/5595/3098/3091/5335/4055/6774/112398/1387/1026",21,"ACKR1+ endothelial"
"Human Diseases","Infectious disease: bacterial","hsa05120","Epithelial cell signaling in Helicobacter pylori infection","15/959","70/8292",0.214285714285714,1.85282288097721,2.59114099997381,0.0125930986139267,0.0484906670766143,0.0333682830786443,"58494/4233/5600/10392/6300/7082/3551/28964/83700/5336/6868/5335/102/2920/5879",15,"ACKR1+ endothelial"
"Organismal Systems","Immune system","hsa04660","T cell receptor signaling pathway","29/506","120/8292",0.241666666666667,3.9602766798419,8.32684085316919,8.30695563327861e-11,2.4837797343503e-08,1.90622771374183e-08,"925/7535/29851/5588/915/3932/916/917/10125/919/3702/27040/940/5788/5293/9402/2534/84433/5527/4773/3937/5295/5533/8440/868/5777/5525/5062/3845",29,"Activated CD8 T cells"
"Human Diseases","Cancer: overview","hsa05203","Viral carcinogenesis","33/506","165/8292",0.2,3.27747035573123,7.53270728287184,8.7395169194759e-10,1.30655777946165e-07,1.00274457286618e-07,"3718/5293/7185/3105/3134/894/1027/3107/841/5966/3133/5295/896/6777/5922/3106/4791/6672/2959/3716/7187/5366/3665/5934/3516/1021/5567/1385/10379/3845/1654/7529/7534",33,"Activated CD8 T cells"
"Organismal Systems","Immune system","hsa04650","Natural killer cell mediated cytotoxicity","27/506","123/8292",0.219512195121951,3.59722356116842,7.39773820117619,3.71536453073245e-09,3.70297998229667e-07,2.84192795684096e-07,"4068/7535/3932/22914/5551/3683/919/27040/10870/5880/5293/962/2534/3689/3105/5579/4773/3937/3107/3133/5295/5533/3106/3384/5777/2185/3845",27,"Activated CD8 T cells"
"Human Diseases","Infectious disease: viral","hsa05169","Epstein-Barr virus infection","35/506","199/8292",0.175879396984925,2.88219754900987,6.85107130871459,9.55942510025387e-09,7.14567026243977e-07,5.48409124172459e-07,"915/916/917/3683/919/3718/864/7128/5293/3105/3134/6890/894/1027/3107/841/6891/3133/965/567/5295/896/960/3106/4791/5971/3716/7187/3665/596/3516/1021/6892/6772/10379",35,"Activated CD8 T cells"
"Environmental Information Processing","Signaling molecules and interaction","hsa04517","IgSF CAM signaling","44/506","296/8292",0.148648648648649,2.43595769682726,6.41316811874187,2.48753953159966e-08,1.48754863989659e-06,1.141649721871e-06,"201633/4068/914/9046/7277/5588/10225/3932/3683/940/3676/5293/962/2534/3385/3689/5579/3937/1445/3635/5295/3384/2308/8573/7430/4155/4478/8440/10109/5777/10095/5906/51735/382/10627/10093/5062/6709/8826/10097/10096/81873/5908/7846",44,"Activated CD8 T cells"
"Organismal Systems","Immune system","hsa04659","Th17 cell differentiation","23/506","107/8292",0.214953271028037,3.52251486830926,6.6948029376194,8.19801092885302e-08,3.53813821450175e-06,2.71541676029354e-06,"3560/7535/5588/915/3932/916/917/919/27040/50615/3561/3718/9466/2625/7040/4773/6777/5533/3320/5914/3716/6095/6772",23,"Activated CD8 T cells"
"Organismal Systems","Immune system","hsa04658","Th1 and Th2 cell differentiation","21/506","91/8292",0.230769230769231,3.78169656430526,6.80171703766817,8.28326672291379e-08,3.53813821450175e-06,2.71541676029354e-06,"3560/7535/5588/915/3932/916/917/919/27040/3561/3718/6775/864/2625/4773/6777/5533/4094/3716/3516/6772",21,"Activated CD8 T cells"
"Human Diseases","Immune disease","hsa05340","Primary immunodeficiency","13/506","37/8292",0.351351351351351,5.7577181925008,7.39371241028447,1.28311931994195e-07,4.79565845828304e-06,3.68052647035981e-06,"925/7535/29851/915/3932/916/3561/3575/3718/5788/84876/6890/6891",13,"Activated CD8 T cells"
"Human Diseases","Infectious disease: viral","hsa05162","Measles","25/506","134/8292",0.186567164179104,3.05734174974928,6.12052257782476,4.10677443682248e-07,1.36436172956658e-05,1.04710740026585e-05,"3560/915/916/917/3561/940/3718/7128/5293/894/1027/841/5295/896/6777/3716/4478/7187/868/3312/3665/596/1021/6772/10379",25,"Activated CD8 T cells"
"Genetic Information Processing","Translation","hsa03010","Ribosome","29/506","173/8292",0.167630057803468,2.74701272590189,5.91955916641846,5.26397644249946e-07,1.3994054774455e-05,1.07400244352445e-05,"6232/6235/6158/6210/64968/6231/2197/29074/6188/6166/6144/6230/51187/6181/6206/6137/6227/6157/6223/6224/6170/6142/3921/6176/6164/6233/6134/6147/6208",29,"Activated CD8 T cells"
"Human Diseases","Infectious disease: bacterial","hsa05135","Yersinia infection","25/506","136/8292",0.183823529411765,3.01238084166473,6.03201671094806,5.5035783915756e-07,1.3994054774455e-05,1.07400244352445e-05,"925/7535/3932/27040/3676/5880/5293/2533/9138/7456/7454/4773/3937/391/5295/10109/10095/382/2185/10093/10097/10096/9844/81873/5585",25,"Activated CD8 T cells"
"Human Diseases","Infectious disease: viral","hsa05163","Human cytomegalovirus infection","34/506","223/8292",0.152466367713004,2.49852000212694,5.78264636897749,5.61634305329297e-07,1.3994054774455e-05,1.07400244352445e-05,"6352/54331/5880/7852/5293/3587/9138/6351/9560/5734/3105/5579/3134/6890/4773/3107/841/6891/3133/567/5295/5533/3106/3716/801/1021/2185/5567/6892/10672/1385/3845/11214/2771",34,"Activated CD8 T cells"
"Human Diseases","Infectious disease: viral","hsa05171","Coronavirus disease","34/506","228/8292",0.149122807017544,2.44372789681714,5.63506627956091,9.51256948020701e-07,2.18789098044761e-05,1.67914181917824e-05,"5293/5579/5295/6232/6235/3716/7187/6158/6772/6210/6231/2197/6188/6166/10379/6144/6230/51187/6181/6206/6137/6227/6157/6223/6224/6170/6142/3921/6176/6164/6233/6134/6147/6208",34,"Activated CD8 T cells"
"Human Diseases","Infectious disease: viral","hsa05170","Human immunodeficiency virus 1 infection","32/506","210/8292",0.152380952380952,2.49712027103331,5.60181073346603,1.23265046428027e-06,2.33108085797508e-05,1.78903582833504e-05,"60489/915/916/917/919/54331/5880/7852/5293/7133/3105/5579/3134/6890/4773/3107/841/6891/3133/567/5295/5533/3106/472/801/596/2185/6892/5062/3845/2771/25939",32,"Activated CD8 T cells"
"Human Diseases","Cancer: overview","hsa05235","PD-L1 expression and PD-1 checkpoint pathway in cancer","19/506","89/8292",0.213483146067416,3.49842341342097,6.04082430993851,1.23836523225115e-06,2.33108085797508e-05,1.78903582833504e-05,"7535/5588/915/3932/916/917/10125/919/27040/940/5293/27436/4773/5295/5533/3716/5777/6772/3845",19,"Activated CD8 T cells"
"Organismal Systems","Immune system","hsa04062","Chemokine signaling pathway","30/506","190/8292",0.157894736842105,2.58747659662991,5.64299322402643,1.24740112801342e-06,2.33108085797508e-05,1.78903582833504e-05,"10663/2833/6352/3702/3718/54331/5880/7852/5293/7454/6351/9560/5579/1794/57580/1236/2870/653361/5295/6777/409/156/5906/2185/5567/6772/3845/2771/9844/5908",30,"Activated CD8 T cells"
"Human Diseases","Infectious disease: viral","hsa05166","Human T-cell leukemia virus 1 infection","33/506","221/8292",0.149321266968326,2.44698012984458,5.55797446094672,1.33768764007651e-06,2.35275649636986e-05,1.80567124171318e-05,"3560/915/3932/916/917/3683/3561/3718/5293/3689/7040/3105/3134/4773/2113/894/3107/3133/567/5295/896/6777/5533/3106/4791/5971/9184/472/3716/5567/2874/1385/3845",33,"Activated CD8 T cells"
"Cellular Processes","Cell motility","hsa04810","Regulation of actin cytoskeleton","33/506","227/8292",0.145374449339207,2.38230224095001,5.38313499743119,2.45697950970596e-06,4.0813159633449e-05,3.13228966734444e-05,"3683/89846/3695/3676/5880/7852/5293/9138/28984/26999/3689/3071/5305/5295/7114/7430/4478/10109/10095/5216/10788/85464/1729/10627/10093/10672/5062/3845/8826/10097/10096/81873/5499",33,"Activated CD8 T cells"
"Organismal Systems","Development and regeneration","hsa04380","Osteoclast differentiation","23/506","132/8292",0.174242424242424,2.85537190082645,5.4776512414984,4.0742151027561e-06,6.09487747641217e-05,4.67763876028112e-05,"3932/814/5293/2534/8651/7040/4773/3937/1535/1540/653361/5295/5533/4791/489/2355/5971/3727/3716/6772/1385/10379/3726",23,"Activated CD8 T cells"
"Organismal Systems","Immune system","hsa04612","Antigen processing and presentation","16/506","71/8292",0.225352112676056,3.69292434448589,5.80914904104418,4.07684112134593e-06,6.09487747641217e-05,4.67763876028112e-05,"925/3105/3134/6890/3107/6891/3133/567/3106/3320/3312/6892/1385/3308/5720/5721",16,"Activated CD8 T cells"
"Organismal Systems","Immune system","hsa04670","Leukocyte transendothelial migration","21/506","114/8292",0.184210526315789,3.01872269606823,5.5325717466912,4.30841278380408e-06,6.13435915408295e-05,4.70793978380596e-05,"3683/3702/3676/5880/7852/5293/399/3689/5579/83593/1535/653361/5295/7430/6494/4478/5906/2185/10627/2771/5908",21,"Activated CD8 T cells"
"Human Diseases","Infectious disease: bacterial","hsa05131","Shigellosis","32/506","226/8292",0.141592920353982,2.32033299520795,5.13015047143799,6.18140311590422e-06,8.40108878025164e-05,6.44758793907713e-05,"6352/5588/5293/3059/23157/5295/23048/960/837/2308/472/10109/596/10095/9267/5216/10801/10318/382/1729/10627/10093/7322/7314/10097/7316/10096/81631/9844/81873/6233/7323",32,"Activated CD8 T cells"
"Human Diseases","Infectious disease: viral","hsa05168","Herpes simplex virus 1 infection","27/506","175/8292",0.154285714285714,2.52833427442123,5.20908111640775,6.66782676360624e-06,8.66817479268811e-05,6.6525685787925e-05,"6352/5293/330/3105/3134/6890/3107/6432/841/6891/3133/567/5295/56829/3106/6672/3716/8764/7187/329/3665/596/6427/6892/6772/10379/5499",27,"Activated CD8 T cells"
"Cellular Processes","Transport and catabolism","hsa04144","Endocytosis","34/506","249/8292",0.136546184738956,2.23763036335064,5.05478992341134,7.12715671563308e-06,8.87924940822622e-05,6.81456212284216e-05,"3560/9744/3561/7852/7456/116984/3105/3134/30011/274/2870/79720/3107/3133/64744/409/3106/829/868/3312/10109/10095/156/9267/382/57132/29082/10093/80223/1785/9525/10097/10096/81873",34,"Activated CD8 T cells"
"Environmental Information Processing","Signal transduction","hsa04064","NF-kappa B signaling pathway","19/506","102/8292",0.186274509803922,3.05254591955359,5.31707190177688,1.04063891298168e-05,0.000124460413992609,9.55196981178976e-05,"7535/5588/3932/27040/4050/7128/330/84433/6351/7185/9560/5579/1540/4791/5971/472/7187/329/596",19,"Activated CD8 T cells"
"Organismal Systems","Immune system","hsa04666","Fc gamma R-mediated phagosome formation","18/506","95/8292",0.189473684210526,3.1049719159559,5.26019879387119,1.38975470586089e-05,0.000159821791174003,0.000122658512501083,"27040/5788/5880/5293/7454/5579/274/3635/653361/5295/10109/10095/382/10093/1785/10097/10096/81873",18,"Activated CD8 T cells"
"Human Diseases","Infectious disease: bacterial","hsa05132","Salmonella infection","33/506","247/8292",0.133603238866397,2.18940327407147,4.8376684246379,1.54807305668699e-05,0.0001714347570183,0.000131571121387042,"7277/5788/5293/399/6932/330/26999/3071/391/841/3320/837/329/10109/596/10095/9267/5216/382/79792/10627/10093/10006/6188/1785/9648/10097/10096/9844/81873/5585/7846/2316",33,"Activated CD8 T cells"
"Organismal Systems","Immune system","hsa04621","NOD-like receptor signaling pathway","26/506","183/8292",0.14207650273224,2.32825762975442,4.63175661259276,4.33718394088539e-05,0.000462793996105369,0.000355180746878967,"6352/9051/115362/7128/63940/330/114769/22861/841/1535/23710/10010/3320/837/2634/3716/7187/329/3665/596/3428/6772/79792/10379/81631/5585",26,"Activated CD8 T cells"
"Human Diseases","Infectious disease: viral","hsa05167","Kaposi sarcoma-associated herpesvirus infection","27/506","194/8292",0.139175257731959,2.28071390733874,4.6013537257761,4.48863742041997e-05,0.000462793996105369,0.000355180746878967,"54331/5293/9976/6932/3105/3134/57580/4773/3107/841/3133/5295/5533/3106/3716/7187/801/3665/1021/6772/1385/10379/3845/7314/7316/81631/6233",27,"Activated CD8 T cells"
"Human Diseases","Infectious disease: bacterial","hsa05100","Bacterial invasion of epithelial cells","15/506","77/8292",0.194805194805195,3.19234125558236,4.92687168291121,5.14117213711985e-05,0.000512403489666278,0.000393254570488466,"1731/5293/3059/23157/391/5295/10109/10095/10801/10093/1785/10097/10096/9844/81873",15,"Activated CD8 T cells"
"Human Diseases","Infectious disease: bacterial","hsa05130","Pathogenic Escherichia coli infection","27/506","197/8292",0.137055837563452,2.24598222347064,4.51188528439976,5.89206606546069e-05,0.000568299275346047,0.000436152937952608,"7277/64005/4542/2534/9138/7456/26999/3059/3071/841/837/7430/8440/10109/5777/10095/9267/382/10093/10672/10006/5062/6188/10097/10096/81873/7846",27,"Activated CD8 T cells"
"Human Diseases","Cardiovascular disease","hsa05416","Viral myocarditis","13/506","67/8292",0.194029850746269,3.17963541973925,4.56640914357806,0.000168541987238315,0.00157481419325801,0.00120862346111687,"5551/3683/940/5880/2534/3689/3105/3134/3107/841/3133/3106/1604",13,"Activated CD8 T cells"
"Cellular Processes","Cell growth and death","hsa04218","Cellular senescence","22/506","156/8292",0.141025641025641,2.31103678929766,4.21398731754358,0.000185712479132349,0.00168266761395674,0.00129139778152638,"5293/678/7040/3105/3134/4773/2113/894/83593/3107/3133/5295/896/5533/3106/2308/472/801/5934/1021/3845/5499",22,"Activated CD8 T cells"
"Environmental Information Processing","Signaling molecules and interaction","hsa04514","Cell adhesion molecule (CAM) interaction","22/506","157/8292",0.140127388535032,2.29631680974799,4.18026406291219,0.000203965328110031,0.00179369509132056,0.00137660809684169,"925/201633/914/29851/923/3683/6404/940/3695/3676/5788/6693/3385/3689/3105/3134/3107/3133/965/64115/3106/3384",22,"Activated CD8 T cells"
"Environmental Information Processing","Signal transduction","hsa04630","JAK-STAT signaling pathway","22/506","167/8292",0.131736526946108,2.15881280916428,3.85639360643312,0.000493433488623979,0.00421533180281627,0.00323514287278278,"3560/50615/3561/3575/3718/6775/5293/9466/3587/8651/894/5292/5295/896/6777/3716/596/5777/6772/4170/5771/10379",22,"Activated CD8 T cells"
"Organismal Systems","Immune system","hsa04625","C-type lectin receptor signaling pathway","16/506","104/8292",0.153846153846154,2.52113104287017,3.97938444826807,0.000519984185574672,0.00431875754130075,0.00331451907763972,"5293/4046/4773/1263/841/1540/5295/5533/4791/5971/868/801/6772/10379/3845/3659",16,"Activated CD8 T cells"
"Cellular Processes","Cell growth and death","hsa04210","Apoptosis","18/506","136/8292",0.132352941176471,2.1689142059986,3.50376523084733,0.00148260459286341,0.0119810479261124,0.00919510103113012,"7277/1521/5551/5293/330/7185/841/5295/472/329/2081/5366/596/4170/1075/6709/3845/7846",18,"Activated CD8 T cells"
"Human Diseases","Infectious disease: viral","hsa05161","Hepatitis B","20/506","160/8292",0.125,2.04841897233202,3.41363980531488,0.00168923799660968,0.0129508246406742,0.00993937606642132,"3718/6775/5293/7040/5579/4773/841/5295/6777/3716/7187/3665/596/2185/6772/1385/3845/1654/7529/7534",20,"Activated CD8 T cells"
"Human Diseases","Cancer: overview","hsa05206","MicroRNAs in cancer","20/506","160/8292",0.125,2.04841897233202,3.41363980531488,0.00168923799660968,0.0129508246406742,0.00993937606642132,"5293/8651/5579/54541/894/1027/5292/5295/960/27250/7430/472/11186/596/2744/1786/1021/4170/9839/3845",20,"Activated CD8 T cells"
"Environmental Information Processing","Signal transduction","hsa04014","Ras signaling pathway","26/506","234/8292",0.111111111111111,1.82081686429513,3.24684894557628,0.00211577330205341,0.0158154054328492,0.0121378573644116,"7535/10125/64926/27040/54331/2323/5880/5293/6789/5579/2113/83593/5966/22821/5295/5922/253959/801/11186/5900/5906/382/5567/5062/3845/5908",26,"Activated CD8 T cells"
"Human Diseases","Infectious disease: viral","hsa05165","Human papillomavirus infection","33/506","329/8292",0.100303951367781,1.64371613585305,3.03721476880264,0.00314456350120308,0.0229323045575542,0.0175998676062201,"8638/3695/3676/5293/6932/5734/5527/3105/3134/894/1027/3107/841/3133/5295/896/3106/10312/2308/3955/472/3716/7187/5934/3516/1021/5567/6772/5525/1385/10379/3845/3659",33,"Activated CD8 T cells"
"Organismal Systems","Immune system","hsa04611","Platelet activation","16/506","124/8292",0.129032258064516,2.11449700369756,3.1875235314237,0.00345124965302287,0.0245696106250913,0.0188564517383204,"10125/5293/2534/54518/9138/84876/83706/3937/5295/5906/5567/10627/10672/2771/5908/5499",16,"Activated CD8 T cells"
"Organismal Systems","Endocrine system","hsa04928","Parathyroid hormone synthesis, secretion and action","15/506","114/8292",0.131578947368421,2.1562304971916,3.16879985244329,0.00378338741801049,0.026307740418259,0.0201904151071306,"2625/9138/4929/5579/5142/409/3727/596/5567/10672/1385/11214/2771/65125/4209",15,"Activated CD8 T cells"
"Human Diseases","Cancer: specific types","hsa05223","Non-small cell lung cancer","11/506","72/8292",0.152777777777778,2.5036231884058,3.26656173519398,0.00398272277821246,0.0270644116064892,0.0207711379342181,"3718/5293/6789/27436/5579/83593/5295/6777/11186/1021/3845",11,"Activated CD8 T cells"
"Environmental Information Processing","Signal transduction","hsa04015","Rap1 signaling pathway","23/506","210/8292",0.10952380952381,1.79480519480519,2.97394161138523,0.00446835475059839,0.0296897348984204,0.0227859961550982,"8631/3683/27040/5880/5293/2533/54518/51466/3689/5579/10636/3937/83593/5295/6494/801/5900/5906/5216/51735/3845/2771/5908",23,"Activated CD8 T cells"
"Human Diseases","Immune disease","hsa05330","Allograft rejection","7/506","36/8292",0.194444444444444,3.18642951251647,3.35137793031253,0.00536513674772511,0.0348733888602132,0.026764297734647,"5551/940/3105/3134/3107/3133/3106",7,"Activated CD8 T cells"
"Organismal Systems","Immune system","hsa04640","Hematopoietic cell lineage","13/506","97/8292",0.134020618556701,2.19624302188175,3.0210111061685,0.00581315035782371,0.0369815309997721,0.0283822346697776,"925/914/924/915/916/917/921/3575/2323/3676/951/960/1604",13,"Activated CD8 T cells"
"Human Diseases","Endocrine and metabolic disease","hsa04933","AGE-RAGE signaling pathway in diabetic complications","11/71","100/8292",0.11,12.8467605633803,11.0757959717494,6.30928268257205e-10,1.09781518676754e-07,6.90700419986835e-08,"3552/4313/3553/1281/1278/4790/1277/3576/6347/2335/1958",11,"Activated fibroblast/stromal"
"Organismal Systems","Immune system","hsa04620","Toll-like receptor signaling pathway","10/71","106/8292",0.0943396226415094,11.0178049428647,9.64628172485549,1.82927835664009e-08,1.59147217027688e-06,1.00128920573984e-06,"6696/3553/6349/6348/4790/3576/6351/9560/4792/2353",10,"Activated fibroblast/stromal"
"Human Diseases","Cardiovascular disease","hsa05417","Lipid and atherosclerosis","12/71","214/8292",0.0560747663551402,6.54890088192708,7.64244351084311,2.14966766600028e-07,9.95635422257148e-06,6.26413090833293e-06,"3553/6349/6348/19/4973/6648/4790/3576/6347/2920/4792/2353",12,"Activated fibroblast/stromal"
"Human Diseases","Infectious disease: bacterial","hsa05133","Pertussis","8/71","76/8292",0.105263157894737,12.2935507783543,9.19130965163978,2.28881706266011e-07,9.95635422257148e-06,6.26413090833293e-06,"3552/3553/716/3394/710/4790/3576/2353",8,"Activated fibroblast/stromal"
"Human Diseases","Immune disease","hsa05323","Rheumatoid arthritis","8/71","90/8292",0.0888888888888889,10.381220657277,8.31555099623461,8.55565619587786e-07,2.97736835616549e-05,1.87323840920273e-05,"3552/3553/6349/6348/3576/6347/2920/2353",8,"Activated fibroblast/stromal"
"Organismal Systems","Immune system","hsa04657","IL-17 signaling pathway","8/71","94/8292",0.0851063829787234,9.93946658675457,8.10012802492498,1.19568637845136e-06,3.46749049750894e-05,2.18160321682353e-05,"3553/1051/4790/3576/6347/2920/4792/2353",8,"Activated fibroblast/stromal"
"Human Diseases","Infectious disease: parasitic","hsa05142","Chagas disease","8/71","101/8292",0.0792079207920792,9.25059266490029,7.75260537741858,2.06998019578117e-06,4.18022835298685e-05,2.63002872783202e-05,"3553/6349/6348/4790/3576/6347/4792/2353",8,"Activated fibroblast/stromal"
"Human Diseases","Infectious disease: parasitic","hsa05146","Amoebiasis","8/71","101/8292",0.0792079207920792,9.25059266490029,7.75260537741858,2.06998019578117e-06,4.18022835298685e-05,2.63002872783202e-05,"3553/1281/1278/4790/1277/3576/2920/2335",8,"Activated fibroblast/stromal"
"Environmental Information Processing","Signal transduction","hsa04064","NF-kappa B signaling pathway","8/71","102/8292",0.0784313725490196,9.15990057995029,7.70572152629332,2.23093974447011e-06,4.18022835298685e-05,2.63002872783202e-05,"3553/597/4790/3576/6351/9560/2920/4792",8,"Activated fibroblast/stromal"
"Organismal Systems","Digestive system","hsa04974","Protein digestion and absorption","8/71","103/8292",0.0776699029126214,9.07096950635854,7.65947831731143,2.40243008792348e-06,4.18022835298685e-05,2.63002872783202e-05,"1295/117247/2006/7373/1281/1278/6546/1277",8,"Activated fibroblast/stromal"
"Cellular Processes","Cell motility","hsa04820","Cytoskeleton in muscle cells","11/71","232/8292",0.0474137931034483,5.53739679456047,6.51408677072742,3.78345368517115e-06,5.98473582927073e-05,3.76535103595981e-05,"1311/2006/2199/1462/633/1634/1281/1278/1277/2335/10398",11,"Activated fibroblast/stromal"
"Organismal Systems","Endocrine system","hsa04926","Relaxin signaling pathway","8/71","129/8292",0.062015503875969,7.24271208647232,6.64069555763224,1.29071297773181e-05,0.000187153381771112,0.000117749254108867,"4313/1281/1278/4790/1277/4792/59/2353",8,"Activated fibroblast/stromal"
"Environmental Information Processing","Signaling molecules and interaction","hsa04061","Viral protein interaction with cytokine and cytokine receptor","7/71","98/8292",0.0714285714285714,8.3420523138833,6.79442705631088,1.86092239883646e-05,0.000249077305690418,0.00015670925463886,"6349/6348/3576/6351/9560/6347/2920",7,"Activated fibroblast/stromal"
"Human Diseases","Cardiovascular disease","hsa05418","Fluid shear stress and atherosclerosis","8/71","137/8292",0.0583941605839416,6.8197799938316,6.38300487276479,2.00440365264695e-05,0.000249118739686121,0.000156735323214499,"3552/4313/3553/3162/4790/6347/2353/1843",8,"Activated fibroblast/stromal"
"Organismal Systems","Immune system","hsa04062","Chemokine signaling pathway","9/71","190/8292",0.0473684210526316,5.53209785025945,5.87286836734359,3.14880538987293e-05,0.000365261425225259,0.000229807551260901,"6349/6348/4790/3576/6351/9560/6347/2920/4792",9,"Activated fibroblast/stromal"
"Human Diseases","Cardiovascular disease","hsa05415","Diabetic cardiomyopathy","9/71","200/8292",0.045,5.25549295774648,5.6611836636664,4.71345738767263e-05,0.000512588490909399,0.000322499715998654,"4313/1281/1278/4790/1277/4540/4512/4509/4539",9,"Activated fibroblast/stromal"
"Environmental Information Processing","Signal transduction","hsa04668","TNF signaling pathway","7/71","118/8292",0.0593220338983051,6.92814514203867,6.0271614203864,6.19312935623245e-05,0.000633885004696733,0.000398814522011254,"3553/1051/4790/6347/2920/4792/2353",7,"Activated fibroblast/stromal"
"Human Diseases","Cancer: overview","hsa05208","Chemical carcinogenesis - reactive oxygen species","9/71","219/8292",0.0410958904109589,4.79953694771368,5.2954827915294,9.52600687806628e-05,0.000920847331546407,0.000579359482642627,"3162/6648/4790/4792/4540/4512/2353/4509/4539",9,"Activated fibroblast/stromal"
"Human Diseases","Infectious disease: bacterial","hsa05134","Legionellosis","5/71","56/8292",0.0892857142857143,10.4275653923541,6.57817928581228,0.000108620798864288,0.000952077442423836,0.000599008191240647,"3553/4790/3576/2920/4792",5,"Activated fibroblast/stromal"
"Human Diseases","Infectious disease: viral","hsa05163","Human cytomegalovirus infection","9/71","223/8292",0.0403587443946188,4.71344659887577,5.22384238171043,0.000109434188784349,0.000952077442423836,0.000599008191240647,"3553/6349/6348/4790/3576/6351/9560/6347/4792",9,"Activated fibroblast/stromal"
"Human Diseases","Infectious disease: bacterial","hsa05135","Yersinia infection","7/71","136/8292",0.0514705882352941,6.01118475559238,5.47572423503471,0.000151759989602549,0.0012574399138497,0.000791129770359155,"3553/4790/3576/6347/2335/4792/2353",7,"Activated fibroblast/stromal"
"Human Diseases","Cancer: overview","hsa05205","Proteoglycans in cancer","8/71","200/8292",0.04,4.67154929577465,4.88434949839332,0.000287967207719893,0.0022775588246937,0.00143294687095067,"4060/4313/5329/1634/1278/1277/2335/7078",8,"Activated fibroblast/stromal"
"Human Diseases","Infectious disease: parasitic","hsa05140","Leishmaniasis","5/71","74/8292",0.0675675675675676,7.89113056718691,5.53341926599841,0.000406613000852655,0.00307611574558096,0.0019353662283147,"3552/3553/4790/4792/2353",5,"Activated fibroblast/stromal"
"Organismal Systems","Immune system","hsa04623","Cytosolic DNA-sensing pathway","5/71","80/8292",0.0625,7.29929577464789,5.26117601427153,0.000583211851753996,0.00422828592521647,0.00266026458694805,"3553/4790/6351/9560/4792",5,"Activated fibroblast/stromal"
"Human Diseases","Infectious disease: viral","hsa05171","Coronavirus disease","8/71","228/8292",0.0350877192982456,4.09785025945145,4.4078102780938,0.000691168039968199,0.00481052955817866,0.00302658846975548,"3553/716/728/4790/3576/6347/4792/2353",8,"Activated fibroblast/stromal"
"Human Diseases","Infectious disease: parasitic","hsa05144","Malaria","4/71","49/8292",0.0816326530612245,9.53377407300948,5.56758477928655,0.00078193632192099,0.00523295846208663,0.00329236346071996,"1311/3553/3576/6347",4,"Activated fibroblast/stromal"
"Environmental Information Processing","Signaling molecules and interaction","hsa04060","Cytokine-cytokine receptor interaction","9/71","296/8292",0.0304054054054054,3.55100875523411,4.15328486793915,0.000886947175177421,0.00553976216470811,0.00348539180356711,"3552/3553/6349/6348/3576/6351/9560/6347/2920",9,"Activated fibroblast/stromal"
"Organismal Systems","Development and regeneration","hsa04380","Osteoclast differentiation","6/71","132/8292",0.0454545454545455,5.30857874519846,4.63709751317822,0.000891455980527742,0.00553976216470811,0.00348539180356711,"3552/3553/7305/4790/4792/2353",6,"Activated fibroblast/stromal"
"Environmental Information Processing","Signaling molecules and interaction","hsa04512","ECM-receptor interaction","5/71","89/8292",0.0561797752808989,6.56116474125653,4.90167729687588,0.000948857276558302,0.00569314365934981,0.00358189316740702,"1311/6696/1278/1277/2335",5,"Activated fibroblast/stromal"
"Human Diseases","Endocrine and metabolic disease","hsa04936","Alcoholic liver disease","6/71","141/8292",0.0425531914893617,4.96973329337728,4.41810209267489,0.0012560780087549,0.00728525245077844,0.0045835829091407,"3553/728/4790/3576/2920/4792",6,"Activated fibroblast/stromal"
"Organismal Systems","Digestive system","hsa04978","Mineral absorption","4/71","60/8292",0.0666666666666667,7.78591549295775,4.90232048063912,0.00167677171195928,0.00941155735099726,0.00592136699639271,"3162/6546/2495/2512",4,"Activated fibroblast/stromal"
"Human Diseases","Endocrine and metabolic disease","hsa04932","Non-alcoholic fatty liver disease","6/71","152/8292",0.0394736842105263,4.61008154188288,4.1744273858073,0.00184588217103666,0.0100369843050118,0.00631486005880961,"3552/3553/4790/3576/4512/2353",6,"Activated fibroblast/stromal"
"Human Diseases","Infectious disease: bacterial","hsa05120","Epithelial cell signaling in Helicobacter pylori infection","4/71","70/8292",0.0571428571428571,6.67364185110664,4.42988558155956,0.00295691657259654,0.015591014655509,0.00980922882137289,"4790/3576/2920/4792",4,"Activated fibroblast/stromal"
"Human Diseases","Infectious disease: viral","hsa05164","Influenza A","6/71","169/8292",0.0355029585798817,4.14634552879407,3.84027078366401,0.00314405112704084,0.0160901440030913,0.0101232605948064,"3552/3553/4790/3576/6347/4792",6,"Activated fibroblast/stromal"
"Human Diseases","Infectious disease: bacterial","hsa05152","Tuberculosis","6/71","177/8292",0.0338983050847458,3.95894008116496,3.69784624728124,0.00394977008506969,0.0196359998514893,0.0123541680856315,"3552/3553/2207/1520/1051/4790",6,"Activated fibroblast/stromal"
"Organismal Systems","Immune system","hsa04621","NOD-like receptor signaling pathway","6/71","183/8292",0.0327868852459016,3.8291387670284,3.5963872743678,0.0046480178199296,0.0224654194629931,0.0141343231951076,"3553/4790/3576/6347/2920/4792",6,"Activated fibroblast/stromal"
"Organismal Systems","Immune system","hsa04662","B cell receptor signaling pathway","4/71","81/8292",0.0493827160493827,5.76734480959833,4.00674178945458,0.00500064734635819,0.0232631899102051,0.0146362477353983,"118788/4790/4792/2353",4,"Activated fibroblast/stromal"
"Cellular Processes","Cell growth and death","hsa04216","Ferroptosis","3/71","41/8292",0.0731707317073171,8.54551700446582,4.500885291929,0.00508046676199883,0.0232631899102051,0.0146362477353983,"3162/2495/2512",3,"Activated fibroblast/stromal"
"Human Diseases","Infectious disease: viral","hsa05162","Measles","5/71","134/8292",0.0373134328358209,4.35778852217784,3.64153255414043,0.00567510337786638,0.0253196919935577,0.0159301147448881,"3552/3553/4790/4792/2353",5,"Activated fibroblast/stromal"
"Cellular Processes","Cell growth and death","hsa04210","Apoptosis","5/71","136/8292",0.0367647058823529,4.2937033968517,3.5990314452146,0.00603852879363513,0.0262676002523128,0.0165264998562646,"597/1520/4790/4792/2353",5,"Activated fibroblast/stromal"
"Organismal Systems","Immune system","hsa04610","Complement and coagulation cascades","4/71","87/8292",0.0459770114942529,5.369596891695,3.80743076950436,0.00643867326528469,0.0273251011746228,0.0171918361897203,"716/728/5329/710",4,"Activated fibroblast/stromal"
"Metabolism","Metabolism of cofactors and vitamins","hsa00860","Porphyrin metabolism","3/71","45/8292",0.0666666666666667,7.78591549295775,4.24167133607474,0.00660006119501541,0.0273431106650638,0.0172031670246016,"3162/2495/2512",3,"Activated fibroblast/stromal"
"Cellular Processes","Cellular community - eukaryotes","hsa04510","Focal adhesion","6/71","200/8292",0.03,3.50366197183099,3.33068116784715,0.00712142823306092,0.028816942152386,0.0181304415235823,"1311/6696/1278/1277/2335/10398",6,"Activated fibroblast/stromal"
"Human Diseases","Neurodegenerative disease","hsa05020","Prion disease","7/71","269/8292",0.0260223048327138,3.03911199539243,3.15950561256073,0.00791414386522577,0.0312968416488473,0.0196906928704182,"3552/3553/1958/4540/4512/4509/4539",7,"Activated fibroblast/stromal"
"Environmental Information Processing","Signaling molecules and interaction","hsa04518","Integrin signaling","5/71","153/8292",0.0326797385620915,3.81662524164595,3.26783083153025,0.00981582450129992,0.0379545214050264,0.0238794327049168,"1311/6696/1278/1277/2335",5,"Activated fibroblast/stromal"
"Environmental Information Processing","Signal transduction","hsa04151","PI3K-Akt signaling pathway","8/71","357/8292",0.0224089635854342,2.61711445141437,2.9024965257328,0.0108836676359051,0.0411686558401628,0.0259016346483783,"1311/6696/118788/1278/4790/1277/2335/3164",8,"Activated fibroblast/stromal"
"Organismal Systems","Immune system","hsa04625","C-type lectin receptor signaling pathway","4/71","104/8292",0.0384615384615385,4.49187432286024,3.33009532095934,0.0119349223165908,0.0441846060231233,0.0277991471651834,"3553/2207/4790/4792",4,"Activated fibroblast/stromal"
"Organismal Systems","Immune system","hsa04659","Th17 cell differentiation","4/71","107/8292",0.0373831775700935,4.36593392128472,3.25655517428558,0.0131418051550465,0.0476390436870437,0.0299725380729131,"3553/4790/4792/2353",4,"Activated fibroblast/stromal"
"Environmental Information Processing","Signal transduction","hsa04066","HIF-1 signaling pathway","4/71","109/8292",0.036697247706422,4.28582504199509,3.20901477255277,0.0139882264652745,0.0496724776521993,0.031251891565812,"3162/5209/4790/7076",4,"Activated fibroblast/stromal"
"Organismal Systems","Immune system","hsa04612","Antigen processing and presentation","15/96","71/8292",0.211267605633803,18.2482394366197,15.7960944486151,1.56831120990266e-15,3.00623205040758e-13,1.97002822704728e-13,"3117/3122/1508/3108/5641/3113/10437/3119/972/3123/3115/3127/3310/3304/3303",15,"Activated macrophage/myeloid"
"Human Diseases","Immune disease","hsa05323","Rheumatoid arthritis","16/96","90/8292",0.177777777777778,15.3555555555556,14.819019710854,3.06581532291795e-15,3.00623205040758e-13,1.97002822704728e-13,"6348/54/3576/3117/2920/3122/3108/3113/3119/3123/3115/6349/3127/3553/2353/3725",16,"Activated macrophage/myeloid"
"Human Diseases","Infectious disease: bacterial","hsa05150","Staphylococcus aureus infection","16/96","92/8292",0.173913043478261,15.0217391304348,14.6361539738819,4.4209294858935e-15,3.00623205040758e-13,1.97002822704728e-13,"629/2213/728/2212/3117/714/713/3122/712/3108/3113/3119/3123/718/3115/3127",16,"Activated macrophage/myeloid"
"Human Diseases","Immune disease","hsa05322","Systemic lupus erythematosus","13/96","53/8292",0.245283018867925,21.186320754717,15.9549685471472,1.67533813479871e-14,8.54422448747344e-13,5.59915639787991e-13,"2212/3117/714/713/3122/712/3108/3113/3119/3123/718/3115/3127",13,"Activated macrophage/myeloid"
"Human Diseases","Infectious disease: parasitic","hsa05140","Leishmaniasis","13/96","74/8292",0.175675675675676,15.1739864864865,13.2544864348755,1.71119400951858e-12,6.98167155883581e-11,4.57519240439705e-11,"2212/3117/3122/3108/3113/3119/3123/718/3115/3127/3553/2353/3725",13,"Activated macrophage/myeloid"
"Human Diseases","Immune disease","hsa05310","Asthma","9/96","29/8292",0.310344827586207,26.8060344827586,15.0657062401325,2.11176212000758e-11,7.17999120802577e-10,4.70515419720987e-10,"3117/3122/3108/3113/3119/3123/3115/3127/2207",9,"Activated macrophage/myeloid"
"Human Diseases","Immune disease","hsa05332","Graft-versus-host disease","9/96","39/8292",0.230769230769231,19.9326923076923,12.8255753657735,4.06344964818818e-10,1.18420532604341e-08,7.76027226044961e-09,"3117/3122/3108/3113/3119/3123/3115/3127/3553",9,"Activated macrophage/myeloid"
"Human Diseases","Endocrine and metabolic disease","hsa04940","Type I diabetes mellitus","9/96","42/8292",0.214285714285714,18.5089285714286,12.3110569732944,8.30966361230359e-10,2.11896422113741e-08,1.38858852468757e-08,"3117/3122/3108/3113/3119/3123/3115/3127/3553",9,"Activated macrophage/myeloid"
"Human Diseases","Neurodegenerative disease","hsa05020","Prion disease","18/96","269/8292",0.0669144981412639,5.77973977695167,8.62482111221785,1.26578801573677e-09,2.84522824975675e-08,1.86452006047011e-08,"714/713/712/1958/3310/3553/3304/3303/4512/4540/4541/4537/4538/4509/4539/4519/4513/4535",18,"Activated macrophage/myeloid"
"Human Diseases","Infectious disease: bacterial","hsa05152","Tuberculosis","15/96","177/8292",0.0847457627118644,7.31991525423729,9.19796441518365,1.39471973027291e-09,2.84522824975675e-08,1.86452006047011e-08,"2213/2212/3117/3122/3108/3113/3119/972/3123/718/3115/1509/3127/3553/2207",15,"Activated macrophage/myeloid"
"Human Diseases","Immune disease","hsa05321","Inflammatory bowel disease","10/96","64/8292",0.15625,13.49609375,10.8606350285061,2.42975367112661e-09,4.50608862645299e-08,2.95290637543617e-08,"3117/3122/3108/3113/3119/3123/3115/3127/3553/3725",10,"Activated macrophage/myeloid"
"Organismal Systems","Immune system","hsa04659","Th17 cell differentiation","12/96","107/8292",0.11214953271028,9.68691588785047,9.78782650493224,2.88809486510877e-09,4.9097612706849e-08,3.2174390163931e-08,"3117/3122/3108/3113/3119/3123/861/3115/3127/3553/2353/3725",12,"Activated macrophage/myeloid"
"Cellular Processes","Transport and catabolism","hsa04145","Phagocytosis","17/96","252/8292",0.0674603174603175,5.82688492063492,8.42126414872105,3.42085608972057e-09,5.36811263309998e-08,3.51780342829565e-08,"2213/2212/4973/4069/3117/4481/3122/1508/3108/3113/3119/3123/718/3115/7057/1509/3127",17,"Activated macrophage/myeloid"
"Human Diseases","Immune disease","hsa05330","Allograft rejection","8/96","36/8292",0.222222222222222,19.1944444444444,11.8397711137394,5.56908780879805e-09,8.11495652139145e-08,5.31785076479213e-08,"3117/3122/3108/3113/3119/3123/3115/3127",8,"Activated macrophage/myeloid"
"Human Diseases","Infectious disease: parasitic","hsa05142","Chagas disease","11/96","101/8292",0.108910891089109,9.40717821782178,9.19984641087625,1.88464177772699e-08,2.56311281770871e-07,1.67964565453564e-07,"5054/6348/3576/714/713/712/718/6349/3553/2353/3725",11,"Activated macrophage/myeloid"
"Organismal Systems","Immune system","hsa04672","Intestinal immune network for IgA production","8/96","46/8292",0.173913043478261,15.0217391304348,10.3204166988153,4.36772073815877e-08,5.56884394115243e-07,3.64934561675108e-07,"3117/3122/3108/3113/3119/3123/3115/3127",8,"Activated macrophage/myeloid"
"Human Diseases","Infectious disease: parasitic","hsa05145","Toxoplasmosis","11/96","110/8292",0.1,8.6375,8.72681817555349,4.64154879231196e-08,5.56985855077436e-07,3.65001050540941e-07,"3117/3122/3108/3113/3119/3123/3115/3127/3310/3304/3303",11,"Activated macrophage/myeloid"
"Organismal Systems","Immune system","hsa04658","Th1 and Th2 cell differentiation","10/96","91/8292",0.10989010989011,9.49175824175824,8.8150140907746,7.97645871249998e-08,9.03998654083331e-07,5.92403658764619e-07,"3117/3122/3108/3113/3119/3123/3115/3127/2353/3725",10,"Activated macrophage/myeloid"
"Human Diseases","Immune disease","hsa05320","Autoimmune thyroid disease","8/96","51/8292",0.156862745098039,13.5490196078431,9.72843604303939,1.01651764010556e-07,1.09141893990281e-06,7.15222937913604e-07,"3117/3122/3108/3113/3119/3123/3115/3127",8,"Activated macrophage/myeloid"
"Human Diseases","Cancer: overview","hsa05208","Chemical carcinogenesis - reactive oxygen species","14/96","219/8292",0.0639269406392694,5.52168949771689,7.33911033128933,1.86930538767953e-07,1.90669149543313e-06,1.24948307492264e-06,"3162/6648/4512/4540/4541/2353/3725/4537/4538/4509/4539/4519/4513/4535",14,"Activated macrophage/myeloid"
"Human Diseases","Cardiovascular disease","hsa05416","Viral myocarditis","8/96","67/8292",0.119402985074627,10.3134328358209,8.28356594995526,8.94688475405163e-07,8.69125947536444e-06,5.69551059531106e-06,"3117/3122/3108/3113/3119/3123/3115/3127",8,"Activated macrophage/myeloid"
"Human Diseases","Infectious disease: viral","hsa05166","Human T-cell leukemia virus 1 infection","13/96","221/8292",0.0588235294117647,5.08088235294118,6.65464108804347,1.37468337747283e-06,1.27470640456572e-05,8.35333918368659e-06,"1959/3117/3122/3108/3113/3119/3123/3115/3127/1958/7538/2353/3725",13,"Activated macrophage/myeloid"
"Organismal Systems","Immune system","hsa04640","Hematopoietic cell lineage","9/96","97/8292",0.0927835051546392,8.01417525773196,7.52014302472582,1.57926073126287e-06,1.40073560512011e-05,9.17922713365607e-06,"3117/3122/3108/3113/3119/3123/3115/3127/3553",9,"Activated macrophage/myeloid"
"Human Diseases","Infectious disease: bacterial","hsa05133","Pertussis","8/96","76/8292",0.105263157894737,9.09210526315789,7.66966161927988,2.37505235210734e-06,2.01879449929124e-05,1.32294582770891e-05,"3576/714/713/712/718/3553/2353/3725",8,"Activated macrophage/myeloid"
"Metabolism","Energy metabolism","hsa00190","Oxidative phosphorylation","10/96","132/8292",0.0757575757575758,6.54356060606061,6.94814359603266,2.62267958693814e-06,2.14010654294153e-05,1.40244340017324e-05,"4512/4540/4541/4537/4538/4509/4539/4519/4513/4535",10,"Activated macrophage/myeloid"
"Human Diseases","Infectious disease: bacterial","hsa05134","Legionellosis","7/96","56/8292",0.125,10.796875,7.96088793835476,3.26406467962347e-06,2.56103536401226e-05,1.67828426847037e-05,"3576/2920/718/3310/3553/3304/3303",7,"Activated macrophage/myeloid"
"Human Diseases","Infectious disease: viral","hsa05164","Influenza A","11/96","169/8292",0.0650887573964497,5.62204142011834,6.56987426374391,3.58697648942712e-06,2.71016001423382e-05,1.77600785246489e-05,"3576/3117/3122/3108/3113/3119/3123/3115/3127/3553/3337",11,"Activated macrophage/myeloid"
"Human Diseases","Infectious disease: viral","hsa05168","Herpes simplex virus 1 infection","11/96","175/8292",0.0628571428571429,5.42928571428572,6.4090409467078,5.03116865602964e-06,3.66556573510731e-05,2.40209932073596e-05,"3117/3122/3108/3113/3119/972/3123/718/3115/3127/3553",11,"Activated macrophage/myeloid"
"Human Diseases","Cardiovascular disease","hsa05417","Lipid and atherosclerosis","12/96","214/8292",0.0560747663551402,4.84345794392523,6.16474610317575,5.94536678159466e-06,4.18225801188038e-05,2.74069539478229e-05,"6348/4973/3576/2920/6648/6349/3310/3553/3304/3303/2353/3725",12,"Activated macrophage/myeloid"
"Organismal Systems","Immune system","hsa04610","Complement and coagulation cascades","8/96","87/8292",0.0919540229885057,7.94252873563218,7.04492086119375,6.63176521083546e-06,4.50960034336811e-05,2.95520765535475e-05,"5054/629/728/714/713/5328/712/718",8,"Activated macrophage/myeloid"
"Human Diseases","Cardiovascular disease","hsa05415","Diabetic cardiomyopathy","11/96","200/8292",0.055,4.750625,5.8107046861589,1.79486977863323e-05,0.00011811401123909,7.74018546303633e-05,"1509/4512/4540/4541/4537/4538/4509/4539/4519/4513/4535",11,"Activated macrophage/myeloid"
"Organismal Systems","Development and regeneration","hsa04380","Osteoclast differentiation","9/96","132/8292",0.0681818181818182,5.88920454545455,6.12799203729358,2.01039692832397e-05,0.000128162804180653,8.39869769398502e-05,"2213/2212/54/7305/3553/2354/8878/2353/3725",9,"Activated macrophage/myeloid"
"Organismal Systems","Immune system","hsa04620","Toll-like receptor signaling pathway","8/96","106/8292",0.0754716981132075,6.5188679245283,6.18878168071803,2.85910178643651e-05,0.00017674447407062,0.000115823262161862,"6348/3576/6349/6351/3553/2353/9560/3725",8,"Activated macrophage/myeloid"
"Human Diseases","Neurodegenerative disease","hsa05012","Parkinson disease","12/96","264/8292",0.0454545454545455,3.92613636363636,5.22914809860528,4.87820737295161e-05,0.000292692442377096,0.000191805676893144,"1843/4512/4540/4541/4537/4538/4509/4539/4519/7316/4513/4535",12,"Activated macrophage/myeloid"
"Human Diseases","Infectious disease: viral","hsa05171","Coronavirus disease","11/96","228/8292",0.0482456140350877,4.1672149122807,5.24816882006167,6.01752017478276e-05,0.000350735461615909,0.000229842123969146,"629/728/2212/3576/714/713/712/718/3553/2353/3725",11,"Activated macrophage/myeloid"
"Environmental Information Processing","Signaling molecules and interaction","hsa04514","Cell adhesion molecule (CAM) interaction","9/96","157/8292",0.0573248407643312,4.95143312101911,5.40958292488437,7.90174124980549e-05,0.000447765337488978,0.000293427233545409,"3117/3122/3108/3113/3119/3123/3115/3127/1364",9,"Activated macrophage/myeloid"
"Human Diseases","Infectious disease: viral","hsa05169","Epstein-Barr virus infection","10/96","199/8292",0.050251256281407,4.34045226130653,5.16196596616475,9.47621776468636e-05,0.000522472547025951,0.000342383970445283,"3117/3122/3108/3113/3119/3123/3115/3127/4616/3725",10,"Activated macrophage/myeloid"
"Environmental Information Processing","Signal transduction","hsa04064","NF-kappa B signaling pathway","7/96","102/8292",0.0686274509803922,5.92769607843137,5.4192620078329,0.000168618129884768,0.000905213118328756,0.000593199515107079,"3576/2920/5328/6351/3553/4616/9560",7,"Activated macrophage/myeloid"
"Human Diseases","Endocrine and metabolic disease","hsa04936","Alcoholic liver disease","8/96","141/8292",0.0567375886524823,4.90070921985816,5.05575227348693,0.000215501483893666,0.0011272385311361,0.000738696044655751,"728/3576/714/713/2920/712/718/3553",8,"Activated macrophage/myeloid"
"Organismal Systems","Environmental adaptation","hsa04714","Thermogenesis","10/96","229/8292",0.0436681222707424,3.77183406113537,4.6033578591517,0.000299052120321735,0.00152516581364085,0.0009994636652858,"4512/4540/4541/4537/4538/4509/4539/4519/4513/4535",10,"Activated macrophage/myeloid"
"Organismal Systems","Aging","hsa04213","Longevity regulating pathway - multiple species","5/96","61/8292",0.0819672131147541,7.07991803278688,5.15791807970324,0.000667665196967281,0.0033220414678372,0.00217698279884069,"1410/6648/3310/3304/3303",5,"Activated macrophage/myeloid"
"Human Diseases","Neurodegenerative disease","hsa05016","Huntington disease","11/96","303/8292",0.0363036303630363,3.13572607260726,4.0988191102715,0.000715179044492405,0.00347372678753454,0.00227638442733172,"6648/4512/4540/4541/4537/4538/4509/4539/4519/4513/4535",11,"Activated macrophage/myeloid"
"Organismal Systems","Immune system","hsa04657","IL-17 signaling pathway","6/96","94/8292",0.0638297872340425,5.51329787234042,4.76257761560456,0.000738144100608367,0.00350189294242109,0.00229484212429039,"3576/2920/3553/2354/2353/3725",6,"Activated macrophage/myeloid"
"Human Diseases","Infectious disease: viral","hsa05162","Measles","7/96","134/8292",0.0522388059701493,4.51212686567164,4.43576819961366,0.000887728503392661,0.00411583215209325,0.00269716554858536,"2213/3310/3553/3304/3303/2353/3725",7,"Activated macrophage/myeloid"
"Environmental Information Processing","Signaling molecules and interaction","hsa04061","Viral protein interaction with cytokine and cytokine receptor","6/96","98/8292",0.0612244897959184,5.28826530612245,4.62151964737835,0.000919569809319162,0.00416871646891354,0.00273182142183704,"6348/3576/2920/6349/6351/9560",6,"Activated macrophage/myeloid"
"Human Diseases","Cardiovascular disease","hsa05418","Fluid shear stress and atherosclerosis","7/96","137/8292",0.0510948905109489,4.41332116788321,4.35976975438543,0.00101141414148104,0.00448540184482895,0.00293935002215313,"3162/3553/658/1843/8878/2353/3725",7,"Activated macrophage/myeloid"
"Cellular Processes","Cell growth and death","hsa04216","Ferroptosis","4/96","41/8292",0.0975609756097561,8.42682926829268,5.15917398812327,0.0012307338054218,0.00534190843204354,0.00350063142863534,"3162/2512/2495/6303",4,"Activated macrophage/myeloid"
"Human Diseases","Neurodegenerative disease","hsa05010","Alzheimer disease","12/96","381/8292",0.031496062992126,2.72047244094488,3.72076820334958,0.00141319653997763,0.00600608529490495,0.00393587632844648,"348/3553/4512/4540/4541/4537/4538/4509/4539/4519/4513/4535",12,"Activated macrophage/myeloid"
"Human Diseases","Endocrine and metabolic disease","hsa04932","Non-alcoholic fatty liver disease","7/96","152/8292",0.0460526315789474,3.97779605263158,4.00998400798559,0.00184760081210966,0.00769205236061982,0.00504071542723796,"3576/3553/4512/2353/3725/4519/4513",7,"Activated macrophage/myeloid"
"Human Diseases","Neurodegenerative disease","hsa05014","Amyotrophic lateral sclerosis","11/96","360/8292",0.0305555555555556,2.63923611111111,3.44143451086689,0.00284949798415044,0.0116259517753338,0.00761865776814961,"8878/4512/4540/4541/4537/4538/4509/4539/4519/4513/4535",11,"Activated macrophage/myeloid"
"Human Diseases","Neurodegenerative disease","hsa05022","Pathways of neurodegeneration - multiple diseases","13/96","472/8292",0.0275423728813559,2.37897245762712,3.33857636144051,0.0029468102573893,0.0117872410295572,0.00772435299666545,"3553/8878/4512/4540/4541/4537/4538/4509/4539/4519/7316/4513/4535",13,"Activated macrophage/myeloid"
"Cellular Processes","Cell growth and death","hsa04210","Apoptosis","6/96","136/8292",0.0441176470588235,3.81066176470588,3.57665895263516,0.00483370148960167,0.0189412939154739,0.0124125094286129,"1508/1522/1509/4616/2353/3725",6,"Activated macrophage/myeloid"
"Organismal Systems","Endocrine system","hsa04915","Estrogen signaling pathway","6/96","137/8292",0.0437956204379562,3.78284671532847,3.55447681124714,0.0050087680856988,0.0189412939154739,0.0124125094286129,"1509/3310/3304/3303/2353/3725",6,"Activated macrophage/myeloid"
"Organismal Systems","Digestive system","hsa04978","Mineral absorption","4/96","60/8292",0.0666666666666667,5.75833333333333,4.00327943648689,0.00501387191880191,0.0189412939154739,0.0124125094286129,"3162/2512/6546/2495",4,"Activated macrophage/myeloid"
"Human Diseases","Endocrine and metabolic disease","hsa04933","AGE-RAGE signaling pathway in diabetic complications","5/96","100/8292",0.05,4.31875,3.61341352540593,0.0059332076893042,0.0220068067021465,0.0144213851969691,"5054/3576/1958/3553/3725",5,"Activated macrophage/myeloid"
"Organismal Systems","Nervous system","hsa04723","Retrograde endocannabinoid signaling","6/96","145/8292",0.0413793103448276,3.57413793103448,3.38419248205521,0.00658183269836233,0.0239766762583199,0.0157122697874439,"4540/4541/4537/4538/4539/4535",6,"Activated macrophage/myeloid"
"Human Diseases","Infectious disease: viral","hsa05167","Kaposi sarcoma-associated herpesvirus infection","7/96","194/8292",0.0360824742268041,3.11662371134021,3.2284475484052,0.00710331922082954,0.0250261151072179,0.0163999825522016,"3576/2920/718/7538/2353/3725/7316",7,"Activated macrophage/myeloid"
"Environmental Information Processing","Signaling molecules and interaction","hsa04060","Cytokine-cytokine receptor interaction","9/96","296/8292",0.0304054054054054,2.62626689189189,3.08346755196407,0.00711526802067961,0.0250261151072179,0.0163999825522016,"6348/3576/2920/6349/6351/3553/658/9560/9518",9,"Activated macrophage/myeloid"
"Environmental Information Processing","Signal transduction","hsa04010","MAPK signaling pathway","9/96","299/8292",0.0301003344481605,2.59991638795987,3.04941178105787,0.00758289471296971,0.0257643734714316,0.0168837741531054,"3310/3553/3304/3303/4616/1843/3164/2353/3725",9,"Activated macrophage/myeloid"
"Cellular Processes","Transport and catabolism","hsa04142","Lysosome biogenesis","8/96","247/8292",0.0323886639676113,2.79757085020243,3.10391320467194,0.00768261167393639,0.0257643734714316,0.0168837741531054,"54/968/1508/5641/1522/4758/5660/1509",8,"Activated macrophage/myeloid"
"Human Diseases","Infectious disease: bacterial","hsa05130","Pathogenic Escherichia coli infection","7/96","197/8292",0.0355329949238579,3.06916243654822,3.18095387274966,0.00770405285175162,0.0257643734714316,0.0168837741531054,"2212/3576/4651/3553/1364/2353/3725",7,"Activated macrophage/myeloid"
"Organismal Systems","Endocrine system","hsa03320","PPAR signaling pathway","4/96","75/8292",0.0533333333333333,4.60666666666667,3.39561226419503,0.0109601372980963,0.0360623872388976,0.023632214547678,"51129/4973/123/7316",4,"Activated macrophage/myeloid"
"Genetic Information Processing","Folding, sorting and degradation","hsa04141","Protein processing in endoplasmic reticulum","6/96","169/8292",0.0355029585798817,3.06656804733728,2.93746658551776,0.0134387793838141,0.043516047528541,0.0285167081327384,"1410/3310/3304/10808/3303/3337",6,"Activated macrophage/myeloid"
"Metabolism","Metabolism of cofactors and vitamins","hsa00860","Porphyrin metabolism","3/96","45/8292",0.0666666666666667,5.75833333333333,3.46378734379073,0.0150207736108582,0.0478787158846105,0.0313756290884702,"3162/2512/2495",3,"Activated macrophage/myeloid"
"Genetic Information Processing","Translation","hsa03010","Ribosome","66/248","173/8292",0.38150289017341,12.7557337311206,27.4356206055331,1.22553324483965e-57,2.89225845782157e-55,2.5155682394077e-55,"6228/3921/6224/6181/6144/6232/6202/2197/6205/6227/6135/6189/6161/6231/6193/6137/6164/6208/6133/6142/6233/6217/6206/6167/6141/6207/6170/23521/6230/6235/6143/6222/6210/6176/6188/6146/6156/6139/6125/6194/6157/6134/6187/6234/6132/6155/6158/6203/6165/6124/6201/6169/6122/6223/4736/6154/7311/6136/6159/9045/6147/6138/11224/10399/6128/6209",66,"B cells"
"Human Diseases","Infectious disease: viral","hsa05171","Coronavirus disease","69/248","228/8292",0.302631578947368,10.1186332767402,24.5140564054688,2.27659308449739e-52,2.68637983970692e-50,2.33650342882627e-50,"6850/5336/1536/5579/6228/3921/6224/6181/6144/6232/6202/2197/6205/6227/6135/6189/6161/6231/6193/6137/6164/6208/6133/6142/6233/6217/6206/6167/6141/6207/6170/23521/6230/6235/6143/6222/6210/6176/6188/6146/6156/6139/6125/6194/6157/6134/6187/6234/6132/6155/6158/6203/6165/6124/6201/6169/6122/6223/4736/6154/7311/6136/6159/9045/6147/6138/11224/6128/6209",69,"B cells"
"Organismal Systems","Immune system","hsa04662","B cell receptor signaling pathway","19/248","81/8292",0.234567901234568,7.84289127837515,10.8661923938496,1.59788306047679e-12,1.25700134090841e-10,1.09328840979991e-10,"930/973/640/55024/974/27071/695/6850/5336/4067/29760/2213/84433/118788/5579/5777/3635/2885/5880",19,"B cells"
"Organismal Systems","Immune system","hsa04672","Intestinal immune network for IgA production","14/248","46/8292",0.304347826086957,10.1760168302945,10.9573294367141,3.25094783827769e-11,1.67788571197424e-09,1.45935643994191e-09,"115650/23495/3112/3119/3122/958/3117/3123/3115/3127/3113/3108/3109/7852",14,"B cells"
"Human Diseases","Infectious disease: parasitic","hsa05140","Leishmaniasis","17/248","74/8292",0.22972972972973,7.68112467306016,10.136210812376,3.55484261011491e-11,1.67788571197424e-09,1.45935643994191e-09,"3112/3119/653361/3122/3117/1536/4689/3123/3115/5579/5777/3127/3113/3108/3109/1535/1915",17,"B cells"
"Human Diseases","Immune disease","hsa05330","Allograft rejection","12/248","36/8292",0.333333333333333,11.1451612903226,10.7107191391396,2.60209573135791e-10,9.95571507390684e-09,8.65907421682352e-09,"3112/3119/3122/958/3117/3123/3115/3127/3113/3108/3109/3106",12,"B cells"
"Human Diseases","Immune disease","hsa05310","Asthma","11/248","29/8292",0.379310344827586,12.682424916574,11.0651266220105,2.95296633548084e-10,9.95571507390684e-09,8.65907421682352e-09,"3112/3119/3122/958/3117/3123/3115/3127/3113/3108/3109",11,"B cells"
"Environmental Information Processing","Signal transduction","hsa04064","NF-kappa B signaling pathway","18/248","102/8292",0.176470588235294,5.90037950664137,8.74341549617501,9.52921235344551e-10,2.81111764426643e-08,2.4449952748972e-08,"115650/695/6850/5336/4067/29760/958/84433/5579/7188/597/4050/596/4791/472/5971/142/330",18,"B cells"
"Organismal Systems","Immune system","hsa04612","Antigen processing and presentation","15/248","71/8292",0.211267605633803,7.06383462062699,9.00964056820136,1.84350016321389e-09,4.83406709464975e-08,4.20447405645273e-08,"3112/3119/3122/972/3117/4261/3123/3115/3127/3113/3108/3109/10437/1520/3106",15,"B cells"
"Human Diseases","Cardiovascular disease","hsa05416","Viral myocarditis","14/248","67/8292",0.208955223880597,6.98651901781415,8.6384750165741,7.56769280713612e-09,1.78597550248413e-07,1.55336852357005e-07,"3112/3119/3122/1604/958/3117/3123/3115/3127/3113/3108/3109/5880/3106",14,"B cells"
"Human Diseases","Immune disease","hsa05332","Graft-versus-host disease","11/248","39/8292",0.282051282051282,9.43052109181142,9.26561108677919,1.09716832241525e-08,2.35392476445454e-07,2.04734758728205e-07,"3112/3119/3122/3117/3123/3115/3127/3113/3108/3109/3106",11,"B cells"
"Human Diseases","Immune disease","hsa05320","Autoimmune thyroid disease","12/248","51/8292",0.235294117647059,7.86717267552182,8.63706853831338,2.21403839069355e-08,4.18359186985972e-07,3.63871728199217e-07,"3112/3119/3122/958/3117/3123/3115/3127/3113/3108/3109/3106",12,"B cells"
"Organismal Systems","Immune system","hsa04640","Hematopoietic cell lineage","16/248","97/8292",0.164948453608247,5.51513136015963,7.85371333276296,2.30452094526171e-08,4.18359186985972e-07,3.63871728199217e-07,"930/931/3112/951/3119/3122/1604/3117/3123/3115/3127/3113/3108/3109/7037/100133941",16,"B cells"
"Human Diseases","Endocrine and metabolic disease","hsa04940","Type I diabetes mellitus","11/248","42/8292",0.261904761904762,8.75691244239631,8.84870725135239,2.58784369315879e-08,4.36236508275339e-07,3.79420691854109e-07,"3112/3119/3122/3117/3123/3115/3127/3113/3108/3109/3106",11,"B cells"
"Human Diseases","Infectious disease: viral","hsa05169","Epstein-Barr virus infection","22/248","199/8292",0.110552763819095,3.69638515156427,6.76000414031771,1.03994974885044e-07,1.63618760485803e-06,1.42308913000587e-06,"930/3112/695/6850/5336/3119/4067/29760/3122/958/3117/3123/3115/3127/3113/3108/3109/7188/596/4791/5971/3106",22,"B cells"
"Cellular Processes","Transport and catabolism","hsa04145","Phagocytosis","25/248","252/8292",0.0992063492063492,3.31701228878648,6.55833882865084,1.16183106267645e-07,1.71370081744776e-06,1.49050695540729e-06,"3112/84329/6850/3119/653361/3122/2213/3117/1536/4689/3123/3115/3127/9711/3113/3108/3109/200576/8417/1535/7405/1520/11151/5880/3106",25,"B cells"
"Human Diseases","Immune disease","hsa05322","Systemic lupus erythematosus","11/248","53/8292",0.207547169811321,6.93944004869142,7.61621952566264,3.44308118186792e-07,4.77980681718135e-06,4.15728068398913e-06,"3112/3119/3122/958/3117/3123/3115/3127/3113/3108/3109",11,"B cells"
"Human Diseases","Infectious disease: parasitic","hsa05145","Toxoplasmosis","15/248","110/8292",0.136363636363636,4.55938416422287,6.59834069561194,8.35446384254645e-07,1.09536303713387e-05,9.5270201713249e-06,"3112/3119/3122/958/3117/4261/240/3123/3115/3127/3113/3108/3109/596/330",15,"B cells"
"Human Diseases","Infectious disease: bacterial","hsa05152","Tuberculosis","18/248","177/8292",0.101694915254237,3.40021869874248,5.66743376026631,5.24503814081062e-06,6.51488948016478e-05,5.66638469505857e-05,"3112/6850/3119/3122/2213/972/3117/4261/3123/3115/3127/3113/3108/3109/596/4046/1520/11151",18,"B cells"
"Human Diseases","Immune disease","hsa05340","Primary immunodeficiency","8/248","37/8292",0.216216216216216,7.22929380993897,6.66767473079377,1.04102600864035e-05,0.000122841069019561,0.000106842142992036,"930/973/115650/23495/695/29760/958/4261",8,"B cells"
"Human Diseases","Immune disease","hsa05323","Rheumatoid arthritis","12/248","90/8292",0.133333333333333,4.45806451612903,5.79145559468231,1.35607612440952e-05,0.000152397126362212,0.000132548794115216,"3112/3119/3122/3117/3123/3115/3127/3113/3108/3109/54/4050",12,"B cells"
"Human Diseases","Immune disease","hsa05321","Inflammatory bowel disease","10/248","64/8292",0.15625,5.22429435483871,5.95648819413667,1.74642163427229e-05,0.000181742389362623,0.000158072104931808,"3112/3119/3122/3117/3123/3115/3127/3113/3108/3109",10,"B cells"
"Human Diseases","Infectious disease: viral","hsa05168","Herpes simplex virus 1 infection","17/248","175/8292",0.0971428571428571,3.24801843317972,5.27733163115198,1.77121820141539e-05,0.000181742389362623,0.000158072104931808,"3112/5452/6850/3119/3122/972/3117/3123/3115/3127/3113/3108/3109/7188/596/3106/330",17,"B cells"
"Organismal Systems","Development and regeneration","hsa04380","Osteoclast differentiation","14/248","132/8292",0.106060606060606,3.54618768328446,5.17756507672491,3.74029852473328e-05,0.000367796021598772,0.000319893952773241,"695/6850/5336/29760/653361/2213/489/4689/54/1535/4791/2885/5971/3727",14,"B cells"
"Organismal Systems","Immune system","hsa04659","Th17 cell differentiation","12/248","107/8292",0.11214953271028,3.74977389207115,5.02658230655742,7.82413351018527e-05,0.00073859820336149,0.000642402540836265,"3112/3119/3122/3117/3123/3662/3115/3127/3113/3108/3109/5914",12,"B cells"
"Human Diseases","Infectious disease: bacterial","hsa05150","Staphylococcus aureus infection","11/248","92/8292",0.119565217391304,3.99772089761571,5.07658251911724,8.66641419886921e-05,0.000786643750358897,0.000684190594647569,"3112/3119/3122/2213/3117/3123/3115/3127/3113/3108/3109",11,"B cells"
"Human Diseases","Infectious disease: viral","hsa05166","Human T-cell leukemia virus 1 infection","18/248","221/8292",0.081447963800905,2.72325207998832,4.55905195628967,0.000105533113000595,0.000922437580301497,0.000802298519887564,"115650/3112/3119/3122/958/3117/3123/3115/3127/4214/3113/3108/3109/4791/472/5971/3106/293",18,"B cells"
"Environmental Information Processing","Signaling molecules and interaction","hsa04514","Cell adhesion molecule (CAM) interaction","14/248","157/8292",0.089171974522293,2.98150811588247,4.40108919236447,0.000245251214847839,0.00206711738228893,0.00179789424418528,"3112/3119/3122/958/3117/3123/3115/3127/3113/3108/6402/3109/3106/3385",14,"B cells"
"Organismal Systems","Immune system","hsa04658","Th1 and Th2 cell differentiation","10/248","91/8292",0.10989010989011,3.67422899680964,4.50380056237938,0.000365203868026419,0.00297200389152534,0.00258492755953364,"3112/3119/3122/3117/3123/3115/3127/3113/3108/3109",10,"B cells"
"Organismal Systems","Immune system","hsa04062","Chemokine signaling pathway","15/248","190/8292",0.0789473684210526,2.63964346349745,4.01442519910232,0.000554124784545796,0.00435911497176026,0.00379138010478702,"643/2788/5336/4067/653361/5579/1235/10235/1236/10681/1794/7852/2885/5880/9844",15,"B cells"
"Organismal Systems","Immune system","hsa04664","Fc epsilon RI signaling pathway","8/248","66/8292",0.121212121212121,4.05278592375367,4.37186993200346,0.000732961806013378,0.00557996729739216,0.00485322757801727,"695/6850/5336/4067/240/3635/2885/5880",8,"B cells"
"Organismal Systems","Immune system","hsa04613","Neutrophil extracellular trap formation","10/248","108/8292",0.0925925925925926,3.09587813620072,3.84935851556595,0.00141222650233408,0.0104151704547138,0.00905868973536664,"6850/5336/653361/1536/4689/5579/9734/1535/5880/293",10,"B cells"
"Human Diseases","Infectious disease: viral","hsa05164","Influenza A","13/248","169/8292",0.0769230769230769,2.57196029776675,3.62509978724962,0.00162756473098037,0.0116395538336778,0.010123608374519,"3112/3119/3122/3117/4261/3123/3115/5579/3127/3113/3108/3109/293",13,"B cells"
"Organismal Systems","Immune system","hsa04666","Fc gamma R-mediated phagosome formation","9/248","95/8292",0.0947368421052632,3.16757215619694,3.73079310724977,0.00206962472130451,0.0143175819608553,0.0124528478250079,"6850/5336/4067/653361/2213/5579/3635/5880/10094",9,"B cells"
"Organismal Systems","Immune system","hsa04670","Leukocyte transendothelial migration","10/248","114/8292",0.087719298245614,2.93293718166384,3.64871447629067,0.00212337020605904,0.0143175819608553,0.0124528478250079,"5336/653361/1536/4689/5579/7430/1535/399/7852/5880",10,"B cells"
"Cellular Processes","Cellular community - eukaryotes","hsa04530","Tight junction","42/614","168/8292",0.25,3.37622149837134,8.79873410188945,9.24034202192538e-13,3.08627423532308e-10,2.75264925495251e-10,"1080/9076/1364/79784/100506658/27134/84612/1365/50848/1366/153562/2064/92359/51421/10207/57530/9414/91862/56288/79778/4301/23327/8531/9223/9475/3993/71/1740/7082/7430/5516/595/3725/5584/5872/103910/81/4214/5520/8777/2017/1739",42,"Basal epithelial"
"Environmental Information Processing","Signal transduction","hsa04390","Hippo signaling pathway","33/614","155/8292",0.212903225806452,2.8752337921614,6.66427179278491,2.14606273159612e-08,3.58392476176551e-06,3.19650396337737e-06,"650/81029/84612/3397/166824/7042/10207/999/1490/23286/7005/10413/56288/8323/25937/657/60485/7003/27113/3993/71/1495/9231/1740/5516/4088/595/5584/4087/5520/6788/26524/1739",33,"Basal epithelial"
"Environmental Information Processing","Signaling molecules and interaction","hsa04519","Cadherin signaling","58/614","402/8292",0.144278606965174,1.94846613836356,5.51264396923503,4.76722573323144e-07,5.307511316331e-05,4.73377151755964e-05,"3872/25984/3866/3855/2568/2564/3880/5099/4233/84152/1001/81029/1956/3856/2064/1829/3728/51421/3875/147798/1832/999/55740/51474/23286/7005/10413/7414/79838/2195/8323/25937/4301/60485/11187/1500/7003/5603/22800/10787/9475/102/71/1495/7082/4430/51107/4643/473/81/1452/3480/6788/5747/1822/8777/3858/26524",58,"Basal epithelial"
"Cellular Processes","Cellular community - eukaryotes","hsa04520","Adherens junction","21/614","92/8292",0.228260869565217,3.08263702025209,5.68020697416922,2.49036209022678e-06,0.000207945234533936,0.000185466439877415,"81607/4233/1956/4008/2064/999/5792/56288/7414/5819/57154/4301/1500/9475/71/1495/7082/4088/103910/81/3480",21,"Basal epithelial"
"Organismal Systems","Development and regeneration","hsa04382","Cornified envelope formation","35/614","213/8292",0.164319248826291,2.21911272193421,5.09704479342813,5.61745273144561e-06,0.000375245842460567,0.000334681920631391,"3872/25984/3866/57402/3855/3914/3880/9076/1364/5493/100506658/140576/3918/1365/1366/3691/3856/1829/3728/6768/3875/1832/1287/6284/6282/667/6277/5652/11187/823/7082/5516/2531/5520/3858",35,"Basal epithelial"
"Environmental Information Processing","Signal transduction","hsa04392","Hippo signaling pathway - multiple species","9/614","28/8292",0.321428571428571,4.34085621219172,5.00731871462219,0.00012119031098268,0.00674626064470252,0.00601699263299972,"166824/23286/7005/10413/25937/60485/7003/6788/26524",9,"Basal epithelial"
"Cellular Processes","Cellular community - eukaryotes","hsa04510","Focal adhesion","29/614","200/8292",0.145,1.95820846905537,3.87891850289694,0.00034295354024784,0.0134242564712408,0.0119730998467102,"3694/3914/3696/3673/4233/3918/1956/3691/2064/2012/1287/3675/7414/394/824/7057/2013/596/9475/2317/71/1793/3693/595/3725/103910/81/3480/5747",29,"Basal epithelial"
"Human Diseases","Cancer: overview","hsa05205","Proteoglycans in cancer","29/614","200/8292",0.145,1.95820846905537,3.87891850289694,0.00034295354024784,0.0134242564712408,0.0119730998467102,"3673/4233/81029/6385/6382/1956/2064/7042/2065/1839/6383/8323/7057/288/5603/22800/9475/967/71/7430/3693/595/4087/3709/2549/3480/5747/2017/817",29,"Basal epithelial"
"Environmental Information Processing","Signal transduction","hsa04350","TGF-beta signaling pathway","19/614","109/8292",0.174311926605505,2.35406269611212,4.02401264016533,0.000361731461799901,0.0134242564712408,0.0119730998467102,"650/79875/3397/7042/3399/7050/285704/57154/657/7057/4052/4756/3400/5516/4088/6667/4087/4090/25942",19,"Basal epithelial"
"Human Diseases","Cardiovascular disease","hsa05418","Fluid shear stress and atherosclerosis","22/614","137/8292",0.160583941605839,2.16866782377137,3.9003445823253,0.000426888921298487,0.0142580899713695,0.0127167962871023,"1906/2938/445/6385/6382/119391/2950/6347/2947/2946/6383/657/5603/596/8878/71/3554/2353/3725/7132/5747/4258",22,"Basal epithelial"
"Genetic Information Processing","Information processing in viruses","hsa03272","Virion - Hepatitis viruses","11/614","48/8292",0.229166666666667,3.09486970684039,4.11597030658089,0.00060488924148771,0.0183666369688087,0.0163812110374184,"9076/1364/100506658/1956/1365/1366/928/4072/967/128866/975",11,"Basal epithelial"
"Environmental Information Processing","Signaling molecules and interaction","hsa04518","Integrin signaling","23/614","153/8292",0.150326797385621,2.03014626045858,3.63682723563721,0.000829583165101547,0.0230900647619931,0.0205940382213805,"3694/3914/3696/3673/4233/80144/3918/1956/718/3691/2064/999/1287/3675/7414/7057/2317/71/3693/595/81/3480/5747",23,"Basal epithelial"
"Human Diseases","Infectious disease: bacterial","hsa05130","Pathogenic Escherichia coli infection","27/614","197/8292",0.137055837563452,1.85092346103606,3.41805285119702,0.00130383519780196,0.0334985350819887,0.0298773571642067,"9076/1364/79784/100506658/8743/1365/1366/4645/55930/4646/5603/10787/9475/71/3554/7082/7430/2353/4430/29108/3725/55971/4643/8795/7132/2017/840",27,"Basal epithelial"
"Organismal Systems","Immune system","hsa04670","Leukocyte transendothelial migration","18/614","114/8292",0.157894736842105,2.132350420024,3.44249491428965,0.00168658852044911,0.0402371832735716,0.0358875602471502,"9076/1364/100506658/1365/50848/1366/7414/394/4301/1500/5603/9475/71/1495/7430/103910/81/5747",18,"Basal epithelial"
"Environmental Information Processing","Signaling molecules and interaction","hsa04512","ECM-receptor interaction","15/614","89/8292",0.168539325842697,2.2761043809245,3.42261805037469,0.00207705935970194,0.0462491884093631,0.0412496700909227,"3694/3914/3696/3673/6385/80144/3918/6382/3691/1287/3675/7057/961/375790/3693",15,"Basal epithelial"
"Human Diseases","Neurodegenerative disease","hsa05016","Huntington disease","24/231","303/8292",0.0792079207920792,2.84325575414684,5.53319134494696,3.43096976997588e-06,0.000609082052307433,0.000538829587147673,"27019/8701/56171/2893/1768/10126/7802/10383/1345/4715/1767/5437/90993/148327/1537/7052/1337/4541/516/1351/10376/4538/4540/4535",24,"Ciliated epithelial"
"Genetic Information Processing","Folding, sorting and degradation","hsa04141","Protein processing in endoplasmic reticulum","17/231","169/8292",0.100591715976331,3.61085068777376,5.80473166256549,4.3197308674286e-06,0.000609082052307433,0.000538829587147673,"91319/3310/23640/6400/7494/54431/81567/23645/3304/9709/6748/3326/3337/3301/811/3303/7184",17,"Ciliated epithelial"
"Human Diseases","Neurodegenerative disease","hsa05012","Parkinson disease","20/231","264/8292",0.0757575757575758,2.7194018103109,4.80607615460138,4.42644254935736e-05,0.00416085599639592,0.00368093643578138,"4129/10383/2770/1345/55630/4715/7494/64116/4128/1537/1337/4541/516/7295/801/1351/10376/4538/4540/4535",20,"Ciliated epithelial"
"Metabolism","Energy metabolism","hsa00190","Oxidative phosphorylation","13/231","132/8292",0.0984848484848485,3.53522235340417,4.97018928333953,7.42131326682153e-05,0.00523202585310918,0.00462855590588606,"155066/1345/528/4715/1537/9550/1337/4541/516/1351/4538/4540/4535",13,"Ciliated epithelial"
"Organismal Systems","Endocrine system","hsa04915","Estrogen signaling pathway","13/231","137/8292",0.0948905109489051,3.40619963977628,4.80723048705589,0.000108875683040643,0.00614058852349228,0.00543232355381736,"3310/2770/108/90993/148327/3304/3326/2288/2353/801/3875/3303/7184",13,"Ciliated epithelial"
"Cellular Processes","Cell motility","hsa04814","Motor proteins","15/231","188/8292",0.0797872340425532,2.86405084277425,4.37624824030601,0.000231598826062878,0.0108851448249553,0.00962963539945651,"27019/8701/56171/1768/10126/7802/146439/10383/64147/55582/51626/1767/8655/71/10376",15,"Ciliated epithelial"
"Human Diseases","Neurodegenerative disease","hsa05014","Amyotrophic lateral sclerosis","22/231","360/8292",0.0611111111111111,2.19365079365079,3.91969410432562,0.00042760210140647,0.0172262560852321,0.0152393530877193,"27019/8701/56171/1768/10126/7802/5217/10383/1345/4715/1767/7494/1537/1337/4541/516/1351/71/10376/4538/4540/4535",22,"Ciliated epithelial"
"Human Diseases","Neurodegenerative disease","hsa05020","Prion disease","17/231","269/8292",0.0631970260223048,2.26852701202144,3.58032499454308,0.00134500599933568,0.0421613851256213,0.03729842581102,"3310/10383/1345/4715/90993/148327/1537/3304/1337/4541/516/1351/10376/3303/4538/4540/4535",17,"Ciliated epithelial"
"Human Diseases","Cardiovascular disease","hsa05415","Diabetic cardiomyopathy","14/231","200/8292",0.07,2.51272727272727,3.66574866026777,0.00136529019929957,0.0421613851256213,0.03729842581102,"948/5166/1345/4715/7042/1537/1337/4541/516/1351/4538/4540/4535/2597",14,"Ciliated epithelial"
"Cellular Processes","Cell growth and death","hsa04110","Cell cycle","12/231","158/8292",0.0759493670886076,2.72628637185599,3.70855127833256,0.00149508457892274,0.0421613851256213,0.03729842581102,"8556/2810/4609/7042/4616/10912/5885/10971/51529/7531/7534/1026",12,"Ciliated epithelial"
"Human Diseases","Cancer: overview","hsa05208","Chemical carcinogenesis - reactive oxygen species","16/49","219/8292",0.0730593607305936,12.3634330444507,13.1393229180623,5.02290447068897e-14,7.03206625896456e-12,6.29184875802092e-12,"2938/196/6648/4541/4540/4512/4509/4535/2353/4508/4539/4537/4519/4513/4514/4538",16,"Ciliated/secretory epithelial"
"Metabolism","Energy metabolism","hsa00190","Oxidative phosphorylation","12/49","132/8292",0.0909090909090909,15.3840445269017,12.8434515774506,8.93691567325313e-12,6.25584097127719e-10,5.59733139535328e-10,"4541/4540/4512/4509/4535/4508/4539/4537/4519/4513/4514/4538",12,"Ciliated/secretory epithelial"
"Human Diseases","Neurodegenerative disease","hsa05016","Huntington disease","15/49","303/8292",0.0495049504950495,8.37744998989695,10.0864937913288,1.00515033125105e-10,4.69070154583824e-09,4.19694348838159e-09,"7052/6648/4541/10383/4540/4512/4509/4535/4508/4539/4537/4519/4513/4514/4538",15,"Ciliated/secretory epithelial"
"Human Diseases","Neurodegenerative disease","hsa05012","Parkinson disease","14/49","264/8292",0.053030303030303,8.97402597402597,10.1516065004035,1.94399020149505e-10,6.80396570523268e-09,6.0877587888924e-09,"4541/10383/4540/4512/4509/4535/7316/4508/4539/4537/4519/4513/4514/4538",14,"Ciliated/secretory epithelial"
"Human Diseases","Neurodegenerative disease","hsa05020","Prion disease","14/49","269/8292",0.0520446096654275,8.80722251725969,10.036057690943,2.4937707782172e-10,6.98255817900815e-09,6.24755205490203e-09,"4541/10383/4540/4512/3304/4509/4535/4508/4539/4537/4519/4513/4514/4538",14,"Ciliated/secretory epithelial"
"Human Diseases","Cardiovascular disease","hsa05415","Diabetic cardiomyopathy","12/49","200/8292",0.06,10.1534693877551,10.102564732972,1.17639588393645e-09,2.74492372918506e-08,2.45598438927084e-08,"4541/4540/4512/4509/4535/4508/4539/4537/4519/4513/4514/4538",12,"Ciliated/secretory epithelial"
"Organismal Systems","Environmental adaptation","hsa04714","Thermogenesis","12/49","229/8292",0.0524017467248908,8.86765885393459,9.30837303359672,5.5216986999053e-09,1.10433973998106e-07,9.88093451562001e-08,"4541/4540/4512/4509/4535/4508/4539/4537/4519/4513/4514/4538",12,"Ciliated/secretory epithelial"
"Human Diseases","Neurodegenerative disease","hsa05014","Amyotrophic lateral sclerosis","13/49","360/8292",0.0361111111111111,6.1108843537415,7.64389652448691,9.95596228961716e-08,1.742293400683e-06,1.55889409534795e-06,"4541/10383/4540/4512/4509/4535/4508/4539/4537/4519/4513/4514/4538",13,"Ciliated/secretory epithelial"
"Human Diseases","Neurodegenerative disease","hsa05010","Alzheimer disease","13/49","381/8292",0.0341207349081365,5.77406395629118,7.35518966271372,1.92915922419906e-07,3.0009143487541e-06,2.68502862783261e-06,"4541/10383/4540/4512/4509/4535/4508/4539/4537/4519/4513/4514/4538",13,"Ciliated/secretory epithelial"
"Human Diseases","Neurodegenerative disease","hsa05022","Pathways of neurodegeneration - multiple diseases","14/49","472/8292",0.0296610169491525,5.01937046004843,6.93241425841125,3.30997032533092e-07,4.63395845546328e-06,4.1461733548882e-06,"4541/10383/4540/4512/4509/4535/7316/4508/4539/4537/4519/4513/4514/4538",14,"Ciliated/secretory epithelial"
"Organismal Systems","Nervous system","hsa04723","Retrograde endocannabinoid signaling","6/49","145/8292",0.0413793103448276,7.00239268121041,5.62170943143439,0.000194045340126929,0.00246966796525182,0.00220970291627795,"4541/4540/4535/4539/4537/4538",6,"Ciliated/secretory epithelial"
"Organismal Systems","Development and regeneration","hsa04382","Cornified envelope formation","6/49","213/8292",0.028169014084507,4.76688703650474,4.29390510030212,0.00148908823041897,0.0173726960215546,0.0155439911771804,"3880/3855/3856/1364/3875/6282",6,"Ciliated/secretory epithelial"
"Organismal Systems","Circulatory system","hsa04260","Cardiac muscle contraction","4/49","87/8292",0.0459770114942529,7.78043631245602,4.90158820600025,0.00167158722702527,0.0180017085987337,0.0161067919041301,"4512/4519/4513/4514",4,"Ciliated/secretory epithelial"
"Human Diseases","Endocrine and metabolic disease","hsa04932","Non-alcoholic fatty liver disease","5/49","152/8292",0.0328947368421053,5.56659505907626,4.38087580741412,0.00192961294784204,0.0191660670208115,0.0171485862817788,"4512/2353/4519/4513/4514",5,"Ciliated/secretory epithelial"
"Human Diseases","Infectious disease: bacterial","hsa05150","Staphylococcus aureus infection","4/49","92/8292",0.0434782608695652,7.35758651286601,4.72757158683923,0.00205350718080124,0.0191660670208115,0.0171485862817788,"629/718/3880/3875",4,"Ciliated/secretory epithelial"
"Organismal Systems","Immune system","hsa04612","Antigen processing and presentation","9/70","71/8292",0.126760563380282,15.0156941649899,10.943221854042,6.30336261916941e-09,1.0715716452588e-06,8.36024936858259e-07,"3117/10437/3115/3122/972/3113/3123/811/3326",9,"Cycling/proliferating epithelial"
"Human Diseases","Immune disease","hsa05310","Asthma","6/70","29/8292",0.206896551724138,24.5083743842365,11.7008244185199,1.18632998094217e-07,1.00838048380085e-05,7.8672409262481e-06,"3117/3115/2207/3122/3113/3123",6,"Cycling/proliferating epithelial"
"Human Diseases","Cancer: overview","hsa05208","Chemical carcinogenesis - reactive oxygen species","12/70","219/8292",0.0547945205479452,6.49080234833659,7.59808474765404,2.35007497960677e-07,1.3317091551105e-05,1.03898051729983e-05,"3162/7422/4541/4257/4540/4512/4509/4539/4514/4513/4519/4537",12,"Cycling/proliferating epithelial"
"Metabolism","Energy metabolism","hsa00190","Oxidative phosphorylation","9/70","132/8292",0.0681818181818182,8.07662337662338,7.56191358902526,1.42924214969837e-06,6.07427913621805e-05,4.73906607531563e-05,"4541/4540/4512/4509/4539/4514/4513/4519/4537",9,"Cycling/proliferating epithelial"
"Human Diseases","Cardiovascular disease","hsa05415","Diabetic cardiomyopathy","10/70","200/8292",0.05,5.92285714285714,6.50231545638794,5.98871287331025e-06,0.000190793232711432,0.000148854162982294,"5166/4541/4540/4512/4509/4539/4514/4513/4519/4537",10,"Cycling/proliferating epithelial"
"Human Diseases","Neurodegenerative disease","hsa05016","Huntington disease","12/70","303/8292",0.0396039603960396,4.69137199434229,6.03985702312872,7.24060248413882e-06,0.000190793232711432,0.000148854162982294,"55081/4541/4540/7846/4512/10376/4509/4539/4514/4513/4519/4537",12,"Cycling/proliferating epithelial"
"Human Diseases","Neurodegenerative disease","hsa05014","Amyotrophic lateral sclerosis","13/70","360/8292",0.0361111111111111,4.27761904761905,5.86654104842203,7.85619193517661e-06,0.000190793232711432,0.000148854162982294,"4744/4541/4540/7846/4512/10376/4509/4539/4514/4513/4519/71/4537",13,"Cycling/proliferating epithelial"
"Human Diseases","Neurodegenerative disease","hsa05012","Parkinson disease","11/70","264/8292",0.0416666666666667,4.93571428571429,5.99633083406267,1.13046845795618e-05,0.000215610046753708,0.000168215887869766,"4541/4540/7846/4512/10376/4509/4539/4514/4513/4519/4537",11,"Cycling/proliferating epithelial"
"Human Diseases","Immune disease","hsa05330","Allograft rejection","5/70","36/8292",0.138888888888889,16.452380952381,8.5728565358635,1.14146495340199e-05,0.000215610046753708,0.000168215887869766,"3117/3115/3122/3113/3123",5,"Cycling/proliferating epithelial"
"Human Diseases","Neurodegenerative disease","hsa05020","Prion disease","11/70","269/8292",0.0408921933085502,4.84397238449283,5.91359726366024,1.34950649713489e-05,0.000229416104512931,0.000178987177514733,"4541/4540/7846/4512/10376/4509/4539/4514/4513/4519/4537",11,"Cycling/proliferating epithelial"
"Human Diseases","Immune disease","hsa05332","Graft-versus-host disease","5/70","39/8292",0.128205128205128,15.1868131868132,8.19360403310396,1.70942587059112e-05,0.000257396605995529,0.000200817166287534,"3117/3115/3122/3113/3123",5,"Cycling/proliferating epithelial"
"Human Diseases","Cardiovascular disease","hsa05416","Viral myocarditis","6/70","67/8292",0.0895522388059701,10.6081023454158,7.28569203800781,1.93712991098885e-05,0.000257396605995529,0.000200817166287534,"3117/3115/3122/3113/3123/71",6,"Cycling/proliferating epithelial"
"Organismal Systems","Environmental adaptation","hsa04714","Thermogenesis","10/70","229/8292",0.0436681222707424,5.17280099812851,5.90827669955482,1.96832698702463e-05,0.000257396605995529,0.000200817166287534,"4541/4540/4512/4509/4539/4514/4513/4519/71/4537",10,"Cycling/proliferating epithelial"
"Human Diseases","Endocrine and metabolic disease","hsa04940","Type I diabetes mellitus","5/70","42/8292",0.119047619047619,14.1020408163265,7.85417114252514,2.47659050006015e-05,0.000300728846435876,0.000234624363163593,"3117/3115/3122/3113/3123",5,"Cycling/proliferating epithelial"
"Organismal Systems","Immune system","hsa04672","Intestinal immune network for IgA production","5/70","46/8292",0.108695652173913,12.8757763975155,7.45217429576744,3.88777916185896e-05,0.000440614971677349,0.000343761525890687,"3117/3115/3122/3113/3123",5,"Cycling/proliferating epithelial"
"Human Diseases","Immune disease","hsa05320","Autoimmune thyroid disease","5/70","51/8292",0.0980392156862745,11.6134453781513,7.01479948623824,6.44840708001235e-05,0.000685143252251312,0.000534539007948392,"3117/3115/3122/3113/3123",5,"Cycling/proliferating epithelial"
"Human Diseases","Immune disease","hsa05322","Systemic lupus erythematosus","5/70","53/8292",0.0943396226415094,11.1752021563342,6.85657879253998,7.77537000368731e-05,0.000767366304500228,0.000598688262334543,"3117/3115/3122/3113/3123",5,"Cycling/proliferating epithelial"
"Human Diseases","Infectious disease: viral","hsa05164","Influenza A","8/70","169/8292",0.0473372781065089,5.60743871513102,5.58352460513501,8.12505498882594e-05,0.000767366304500228,0.000598688262334543,"3117/3115/3122/7113/3113/3123/3337/71",8,"Cycling/proliferating epithelial"
"Human Diseases","Immune disease","hsa05323","Rheumatoid arthritis","6/70","90/8292",0.0666666666666667,7.89714285714286,6.07007888408147,0.000103780708381721,0.000928564232889086,0.000724452590365479,"7422/3117/3115/3122/3113/3123",6,"Cycling/proliferating epithelial"
"Human Diseases","Neurodegenerative disease","hsa05022","Pathways of neurodegeneration - multiple diseases","13/70","472/8292",0.0275423728813559,3.26259079903148,4.67022044625516,0.000133678183351912,0.00113626455849126,0.000886497426438998,"4744/55081/4541/4540/7846/4512/10376/4509/4539/4514/4513/4519/4537",13,"Cycling/proliferating epithelial"
"Organismal Systems","Digestive system","hsa04978","Mineral absorption","5/70","60/8292",0.0833333333333333,9.87142857142857,6.3632684564426,0.000141370435745231,0.00114442733698521,0.000892865909969881,"3162/4493/261729/4495/4502",5,"Cycling/proliferating epithelial"
"Organismal Systems","Immune system","hsa04640","Hematopoietic cell lineage","6/70","97/8292",0.0618556701030928,7.32724594992636,5.78348809609136,0.000157258237236722,0.00121517728773831,0.000948064013963013,"3117/928/3115/3122/3113/3123",6,"Cycling/proliferating epithelial"
"Human Diseases","Immune disease","hsa05321","Inflammatory bowel disease","5/70","64/8292",0.078125,9.25446428571429,6.11639436696648,0.000192276597948792,0.00142117485440411,0.0011087803817642,"3117/3115/3122/3113/3123",5,"Cycling/proliferating epithelial"
"Cellular Processes","Transport and catabolism","hsa04145","Phagocytosis","9/70","252/8292",0.0357142857142857,4.23061224489796,4.80530349519662,0.00024670364739662,0.00174748416905939,0.00136336226192869,"3117/3115/3122/3113/7846/3123/811/10376/71",9,"Cycling/proliferating epithelial"
"Organismal Systems","Immune system","hsa04659","Th17 cell differentiation","6/70","107/8292",0.0560747663551402,6.64245660881175,5.42019007105943,0.000269199086808714,0.00183055379029926,0.00142817199738518,"3117/3115/3122/3113/3123/3326",6,"Cycling/proliferating epithelial"
"Human Diseases","Neurodegenerative disease","hsa05010","Alzheimer disease","11/70","381/8292",0.0288713910761155,3.42002249718785,4.46200384571106,0.000312867435171265,0.00204567169150443,0.00159600392030686,"4541/4540/7846/4512/10376/4509/4539/4514/4513/4519/4537",11,"Cycling/proliferating epithelial"
"Environmental Information Processing","Signaling molecules and interaction","hsa04514","Cell adhesion molecule (CAM) interaction","7/70","157/8292",0.0445859872611465,5.28152866242038,4.99727954890427,0.000336486666278113,0.00211861975063997,0.00165291695715564,"7122/3117/3115/3122/3113/3123/26047",7,"Cycling/proliferating epithelial"
"Human Diseases","Infectious disease: parasitic","hsa05140","Leishmaniasis","5/70","74/8292",0.0675675675675676,8.003861003861,5.58385396216033,0.00038060049085805,0.0023107886944953,0.00180284443038024,"3117/3115/3122/3113/3123",5,"Cycling/proliferating epithelial"
"Human Diseases","Infectious disease: viral","hsa05168","Herpes simplex virus 1 infection","7/70","175/8292",0.04,4.73828571428571,4.61166215436073,0.000647134633144167,0.00379354784946581,0.00295967200639438,"3117/3115/3122/972/3113/3123/811",7,"Cycling/proliferating epithelial"
"Human Diseases","Infectious disease: bacterial","hsa05152","Tuberculosis","7/70","177/8292",0.0395480225988701,4.68474576271186,4.57207810192691,0.000692405000805117,0.00392362833789566,0.00306115895092789,"3117/3115/2207/3122/972/3113/3123",7,"Cycling/proliferating epithelial"
"Organismal Systems","Immune system","hsa04658","Th1 and Th2 cell differentiation","5/70","91/8292",0.0549450549450549,6.50863422291994,4.87522840717036,0.000983673390299417,0.00532391185667933,0.00415364021016468,"3117/3115/3122/3113/3123",5,"Cycling/proliferating epithelial"
"Human Diseases","Cardiovascular disease","hsa05418","Fluid shear stress and atherosclerosis","6/70","137/8292",0.0437956204379562,5.18790406673618,4.56046121834433,0.00100410435461343,0.00532391185667933,0.00415364021016468,"3162/7422/4257/7184/71/3326",6,"Cycling/proliferating epithelial"
"Human Diseases","Infectious disease: bacterial","hsa05150","Staphylococcus aureus infection","5/70","92/8292",0.0543478260869565,6.43788819875776,4.83928280998499,0.00103346524276716,0.00532391185667933,0.00415364021016468,"3117/3115/3122/3113/3123",5,"Cycling/proliferating epithelial"
"Human Diseases","Cancer: specific types","hsa05215","Prostate cancer","5/70","105/8292",0.0476190476190476,5.64081632653061,4.41560662246958,0.00186490214702402,0.00932451073512012,0.00727485048065099,"354/4824/7113/7184/3326",5,"Cycling/proliferating epithelial"
"Human Diseases","Infectious disease: parasitic","hsa05145","Toxoplasmosis","5/70","110/8292",0.0454545454545455,5.38441558441558,4.27112281016029,0.00228831616589467,0.0111146785200598,0.00867151389181139,"3117/3115/3122/3113/3123",5,"Cycling/proliferating epithelial"
"Organismal Systems","Circulatory system","hsa04260","Cardiac muscle contraction","4/70","87/8292",0.0459770114942529,5.44630541871921,3.84665614550281,0.00612415057342007,0.0289195999300392,0.0225626600073371,"4512/4514/4513/4519",4,"Cycling/proliferating epithelial"
"Human Diseases","Infectious disease: viral","hsa05169","Epstein-Barr virus infection","6/70","199/8292",0.0301507537688442,3.57157214644652,3.38792839263184,0.00649279806618784,0.0298317748987009,0.0232743259271598,"3117/3115/3122/3113/3123/811",6,"Cycling/proliferating epithelial"
"Metabolism","Amino acid metabolism","hsa00330","Arginine and proline metabolism","3/70","50/8292",0.06,7.10742857142857,3.99660138806892,0.00850536568613298,0.0380503201748054,0.0296863179072785,"26/1152/6303",3,"Cycling/proliferating epithelial"
"Human Diseases","Infectious disease: viral","hsa05166","Human T-cell leukemia virus 1 infection","6/70","221/8292",0.0271493212669683,3.21603102779573,3.08086055196884,0.01062399004735,0.0463097002063973,0.0361301685820808,"3117/3115/3122/3113/3123/811",6,"Cycling/proliferating epithelial"
"Cellular Processes","Cellular community - eukaryotes","hsa04510","Focal adhesion","65/1018","200/8292",0.325,2.64724950884086,8.82139249327003,2.50944972349878e-14,8.43175107095592e-12,5.81135725441824e-12,"3791/80310/2321/7424/2324/7450/3912/8516/3680/3910/1282/4233/3911/1284/5155/3672/3678/8503/857/3691/2889/7148/3655/1793/2012/3913/858/3673/9564/29780/5747/2013/9475/3915/6654/23396/10000/3688/5829/1499/10451/2335/54776/1398/5290/5595/81/55742/3693/394/2932/4659/25759/6655/6464/7057/2909/5599/10398/3480/331/2317/5879/1292/5906",65,"Endothelial"
"Environmental Information Processing","Signal transduction","hsa04015","Rap1 signaling pathway","61/1018","210/8292",0.29047619047619,2.36603985405557,7.50074312403518,3.65913933414074e-11,6.14735408135644e-09,4.23689817637349e-09,"3791/80310/2321/7424/3643/2324/285/7010/11069/10411/64411/9771/196883/25780/2247/57568/4233/5155/23236/9223/8503/2889/5600/5332/3397/4254/2149/9564/5899/9732/2776/2770/9693/10000/3688/9863/1499/10451/5335/2260/1942/25865/1500/4301/112/1398/23683/5290/5595/2771/1432/260425/6237/5587/7057/5898/2778/23094/3480/5879/5906",61,"Endothelial"
"Cellular Processes","Cellular community - eukaryotes","hsa04520","Adherens junction","35/1018","92/8292",0.380434782608696,3.09878705048262,7.5726182127047,2.09029335917056e-10,2.21272704692511e-08,1.52506250101355e-08,"3643/1003/5787/54922/83439/57493/5797/4233/9411/7048/51701/7525/9475/7082/1499/2260/1500/5819/4301/64750/6934/5595/81/57154/1495/10163/1387/6885/2241/1459/10398/51176/3480/5879/5906",35,"Endothelial"
"Environmental Information Processing","Signaling molecules and interaction","hsa04518","Integrin signaling","48/1018","153/8292",0.313725490196078,2.5554143071767,7.26435365064138,2.63419886538704e-10,2.21272704692511e-08,1.52506250101355e-08,"3791/80310/2321/7424/2324/7450/3912/8516/3680/3910/55679/1282/4233/3911/1284/5155/3672/3678/8503/3691/7148/3655/2200/3384/3913/3673/29780/5747/10979/3915/10000/3688/5829/1499/2335/5290/81/55742/3693/2932/7057/3383/9459/3480/2317/5879/1292/3987",48,"Endothelial"
"Organismal Systems","Immune system","hsa04670","Leukocyte transendothelial migration","39/1018","114/8292",0.342105263157895,2.78657843035881,7.18524625749041,7.72076938115159e-10,5.18835702413387e-08,3.57593529232284e-08,"1003/7122/5175/11069/10411/58494/90952/6387/8503/5336/5600/83700/4313/9564/5747/83692/9475/2770/3688/5829/1499/10451/5335/1500/4301/5290/81/1495/4478/2771/7070/1432/394/50848/3383/2909/10398/5879/5906",39,"Endothelial"
"Environmental Information Processing","Signal transduction","hsa04151","PI3K-Akt signaling pathway","81/1018","357/8292",0.226890756302521,1.84811213286886,6.12780048804261,1.44353172920425e-08,8.08377768354378e-07,5.57152597236726e-07,"3791/80310/2321/7424/3643/2324/7450/285/7010/29941/2791/3563/4846/3912/8516/3680/3910/1282/2247/4233/3911/1284/5155/3672/9223/3678/8503/3691/7148/3655/3913/10161/3673/4254/9180/2149/5747/23239/3915/6654/10000/3688/9863/3551/2260/59345/3455/6256/2335/1942/7249/64764/5290/5595/5586/3693/11140/2690/3566/3717/7533/2932/5520/2788/5585/3454/6655/2782/7057/5516/598/5519/5562/1388/3480/3716/23678/57521/5879/1292/5529",81,"Endothelial"
"Cellular Processes","Cell motility","hsa04810","Regulation of actin cytoskeleton","58/1018","227/8292",0.255506607929515,2.08119920722155,6.17884298991329,2.25786210581032e-08,1.04883811021198e-06,7.22883409293969e-07,"80310/1131/8516/3680/6387/2247/5155/85477/3672/3678/8503/3691/2934/3655/1793/5962/54434/3673/1730/3985/2149/9564/5747/28964/9475/23191/6654/23396/10000/10787/3688/5829/10451/8396/2260/2335/54776/23365/1398/5290/5595/81/4478/3693/324/8874/10163/28984/4659/6237/6655/10152/4627/2909/7114/10398/9459/5879",58,"Endothelial"
"Environmental Information Processing","Signaling molecules and interaction","hsa04517","IgSF CAM signaling","70/1018","296/8292",0.236486486486486,1.92627303138109,6.07070571875424,2.4972335957428e-08,1.04883811021198e-06,7.22883409293969e-07,"3791/54538/5362/219699/58494/90952/57513/9223/3678/8503/5336/91768/9788/5600/351/6711/8829/5962/83700/23380/3384/8828/84617/9414/8777/5817/9564/5747/2037/28964/7082/9693/10000/3688/5829/9863/1499/10451/6091/5335/2260/7204/57522/23085/2308/5819/55243/4301/6709/5290/5595/81/7189/4478/1432/25/2932/50848/3635/4627/3383/5376/5599/10398/4690/4637/5921/5879/5906/8500",70,"Endothelial"
"Organismal Systems","Development and regeneration","hsa04360","Axon guidance","49/1018","181/8292",0.270718232044199,2.20510371327161,6.13221269071047,4.01446489402004e-08,1.49873356043415e-06,1.03296172711627e-06,"5362/219699/10501/6405/6387/5998/1948/4233/80031/8503/659/5336/8829/2050/2242/2043/23380/91653/57556/27289/54434/1808/3985/5747/9475/54910/2770/3688/6091/5335/57522/1942/3983/23365/5290/5595/2771/5533/25/2932/59277/6237/5534/6259/10398/4690/5921/5879/4775",49,"Endothelial"
"Organismal Systems","Endocrine system","hsa04935","Growth hormone synthesis, secretion and action","37/1018","121/8292",0.305785123966942,2.49073698225332,6.17940704578007,6.38933855911725e-08,2.1468177558634e-06,1.47963629790084e-06,"3486/196883/23236/8503/5336/5600/5332/2767/9564/775/5747/9021/2776/2770/6654/10000/5335/112/1398/64764/5290/5595/2771/2690/1432/3717/2932/1387/25759/6655/6464/5599/2778/2353/1388/5566/3708",37,"Endothelial"
"Environmental Information Processing","Signal transduction","hsa04014","Ras signaling pathway","58/1018","234/8292",0.247863247863248,2.01894111127903,5.91471850643998,7.22123324658514e-08,2.20575851895692e-06,1.52025963086003e-06,"3791/80310/2321/7424/3643/2324/285/7010/2791/9771/25780/5924/5337/2247/4233/5155/8503/5336/27/2114/9462/2549/23179/4254/8844/5899/6654/10000/2113/3551/5335/2260/59345/1942/4301/5290/5595/5863/25/9846/2788/4763/6237/25759/6655/6464/2782/57148/598/5898/5599/29110/5566/3480/5921/55770/5879/5906",58,"Endothelial"
"Human Diseases","Infectious disease: viral","hsa05165","Human papillomavirus infection","74/1018","329/8292",0.224924012158055,1.83209224834439,5.76131691816026,9.13917987871069e-08,2.55897036603899e-06,1.76370138010206e-06,"4855/7450/23462/83439/3912/8516/3680/3910/4851/1282/3911/1284/3672/9223/3678/8322/8503/3691/7482/7148/3655/3913/3673/23493/5747/5925/3280/3915/6654/10000/3688/5829/1499/3551/3455/2335/2308/7249/182/55534/6934/64764/5290/5595/3693/324/4242/57801/5610/7132/4599/84441/2932/1387/5520/3454/3133/10312/6655/7057/6773/5516/2778/5519/29110/1739/545/523/5566/3716/1292/5529/1740/3134",74,"Endothelial"
"Environmental Information Processing","Signal transduction","hsa04330","Notch signaling pathway","24/1018","62/8292",0.387096774193548,3.1530515241777,6.3656249651861,1.00359011092095e-07,2.59389444053414e-06,1.787771857511e-06,"4855/54567/3714/23462/4851/28514/23493/3280/8650/182/55534/7089/1488/4242/6868/2648/441478/84441/1387/23013/8850/7088/23385/83737",24,"Endothelial"
"Environmental Information Processing","Signal transduction","hsa04072","Phospholipase D signaling pathway","41/1018","146/8292",0.280821917808219,2.28740210458326,5.87096022350856,1.75396491258203e-07,4.20951579019688e-06,2.90129534412065e-06,"80310/3643/9162/8613/11069/10411/196883/5337/5155/23236/160851/8503/5336/26052/5332/2549/10161/8526/8611/4254/2149/5899/6654/23396/10000/5335/7249/112/5290/5595/9265/10554/8527/9846/6237/25759/6655/6464/5898/2778/55326",41,"Endothelial"
"Human Diseases","Infectious disease: bacterial","hsa05135","Yersinia infection","38/1018","136/8292",0.279411764705882,2.27591586732925,5.61233494916385,5.67941351197982e-07,1.27218862668348e-05,8.7682173518285e-06,"3678/6196/8503/6347/5600/1793/9844/9564/5747/2776/9475/23396/10000/3688/5829/10451/3551/5335/2335/9815/23365/1398/5290/5595/7189/5586/8874/10163/1432/8935/2932/5585/5599/6885/29110/2353/5879/4775",38,"Endothelial"
"Organismal Systems","Endocrine system","hsa04926","Relaxin signaling pathway","36/1018","129/8292",0.27906976744186,2.27313016859323,5.45171902326559,1.16060566300967e-06,2.4372718923203e-05,1.67982398593504e-05,"7424/1910/2791/196883/4846/1282/1284/23236/8503/5600/5332/7048/4313/2770/6654/10000/408/59345/1906/112/64764/5290/5595/2771/1432/2788/4087/25759/6655/6464/2782/5599/2778/2353/1388/5566",36,"Endothelial"
"Human Diseases","Drug resistance: antineoplastic","hsa01522","Endocrine resistance","29/1018","95/8292",0.305263157894737,2.48648536862786,5.45111911549302,1.75656385242424e-06,3.4717967906738e-05,2.3928423995872e-05,"4855/54567/3714/196883/4851/8503/5600/28514/4313/5747/5925/6654/10000/1839/182/112/5290/5595/8202/1432/25759/6655/6464/6667/5599/2778/2353/5566/3480",29,"Endothelial"
"Human Diseases","Cardiovascular disease","hsa05418","Fluid shear stress and atherosclerosis","37/1018","137/8292",0.27007299270073,2.1998479916252,5.2974300161993,1.96907885147404e-06,3.67561385608488e-05,2.53331782060988e-05,"3791/1003/5175/6401/4846/7056/4208/5155/8503/857/659/6347/5600/858/4258/4313/5747/4205/1728/10000/1499/3551/5327/9181/5607/1906/5290/445/10365/1432/7132/3383/5599/6885/5562/2353/5879",37,"Endothelial"
"Human Diseases","Endocrine and metabolic disease","hsa04933","AGE-RAGE signaling pathway in diabetic complications","29/1018","100/8292",0.29,2.36216110019646,5.12653822784496,5.51298307428843e-06,9.66799608635385e-05,6.66340582392809e-05,"7424/6401/4846/7056/1282/1284/23236/8503/5336/6347/5600/5332/7048/4313/5054/10000/5335/2335/2308/1906/5290/5595/5581/1432/3717/4087/3383/5599/5879",29,"Endothelial"
"Human Diseases","Infectious disease: viral","hsa05163","Human cytomegalovirus infection","51/1018","223/8292",0.228699551569507,1.86284546327539,4.88614433784952,5.75475957521062e-06,9.66799608635385e-05,6.66340582392809e-05,"2791/196883/6387/23236/8503/6347/5600/5332/6376/2767/9564/5747/5925/2776/9475/2770/6654/10000/5829/1499/3551/59345/7249/23365/112/1398/64764/5290/5595/2771/11214/1432/5533/7132/2932/2788/3133/6655/5534/2782/6667/2778/29110/1388/5566/3716/5879/6891/3708/4775/3134",51,"Endothelial"
"Human Diseases","Cancer: overview","hsa05205","Proteoglycans in cancer","47/1018","200/8292",0.235,1.91416502946955,4.8955598318844,6.16275153953534e-06,9.86040246325654e-05,6.79601673532719e-05,"3791/3339/2247/7078/4233/3678/8322/8503/857/7482/5336/5600/5962/2549/858/3673/4313/5747/9475/6654/10000/3688/5829/1499/10451/5335/2260/1839/867/2335/54776/23365/5290/5595/4478/3693/2017/1432/4659/6237/4087/6655/7057/5566/3480/5879/3708",47,"Endothelial"
"Human Diseases","Infectious disease: parasitic","hsa05142","Chagas disease","29/1018","101/8292",0.287128712871287,2.33877336653115,5.06395672972205,6.84422467842348e-06,0.000104529976906831,7.20444702991945e-05,"1636/23236/8503/6347/9630/5600/5332/7048/2767/2776/5054/2770/10000/3551/8837/5290/5595/7189/2771/1432/7132/5520/4087/3459/5516/5599/2778/5519/2353",29,"Endothelial"
"Human Diseases","Infectious disease: bacterial","hsa05100","Bacterial invasion of epithelial cells","24/1018","77/8292",0.311688311688312,2.53882070777945,5.07481598132279,9.11990129150821e-06,0.000133229862345511,9.18250930952771e-05,"4233/3678/8503/857/26052/1793/9844/2549/858/9564/5747/3688/5829/1499/867/2335/1398/5290/1495/2017/10163/25759/6464/5879",24,"Endothelial"
"Human Diseases","Cancer: specific types","hsa05224","Breast cancer","37/1018","147/8292",0.251700680272109,2.05019846838539,4.80590522284021,1.16883403333127e-05,0.000163636764666378,0.00011278223128635,"4855/54567/2324/3714/23462/83439/4851/2247/8322/8503/7482/28514/4040/23493/5925/3280/6654/10000/1499/2260/4041/8648/182/6934/5290/5595/8202/51426/324/2932/25759/6655/6464/6667/2353/51176/3480",37,"Endothelial"
"Environmental Information Processing","Signal transduction","hsa04070","Phosphatidylinositol signaling system","27/1018","96/8292",0.28125,2.29088899803536,4.75898394097649,2.13375684598174e-05,0.000286776920099946,0.000197653265733045,"9162/5287/23236/160851/8503/5336/5332/8526/3628/22876/5286/8871/3632/23396/8396/5335/8898/5290/4534/8527/3707/3635/8760/8897/3708/5297/64419",27,"Endothelial"
"Genetic Information Processing","Folding, sorting and degradation","hsa04120","Ubiquitin mediated proteolysis","35/1018","141/8292",0.24822695035461,2.0219036074071,4.57830519878474,2.75522167241781e-05,0.00035605941612784,0.000245404359486607,"4734/9886/9021/996/5071/8924/867/51465/64750/55120/10393/7189/5371/8925/57154/9063/9690/868/10277/64326/26091/8945/4281/57448/9320/7325/55294/3093/331/92912/11060/51434/51366/83737/55284",35,"Endothelial"
"Human Diseases","Infectious disease: viral","hsa05167","Kaposi sarcoma-associated herpesvirus infection","44/1018","194/8292",0.22680412371134,1.84740647722439,4.46780753474313,3.10614764148472e-05,0.000386542817606988,0.000266414222661458,"285/2791/83439/2247/5155/8503/5336/5600/5925/10000/1499/3551/5335/59345/3455/57580/6934/5290/5595/3572/1432/3717/5610/5533/7132/2932/1387/2788/3454/3133/5534/3459/2782/6773/3383/5599/29110/2353/51176/3716/5879/3708/4775/3134",44,"Endothelial"
"Cellular Processes","Transport and catabolism","hsa04144","Endocytosis","53/1018","249/8292",0.21285140562249,1.73375624304684,4.39777642465802,3.29897438951794e-05,0.000395876926742152,0.00027284750589998,"64411/5337/8853/857/4734/30844/26052/7048/50807/858/9922/28964/23396/2869/1601/30846/408/867/9815/9727/64750/116987/7189/5371/10564/116988/57154/9265/22905/55680/161/9765/9372/868/58513/51100/23527/3133/6455/4087/11031/23325/93343/8724/3480/830/83737/9798/163/51028/10565/3134/253725",53,"Endothelial"
"Human Diseases","Drug resistance: antineoplastic","hsa01521","EGFR tyrosine kinase inhibitor resistance","23/1018","79/8292",0.291139240506329,2.37144065056825,4.58173904996574,4.73224234367864e-05,0.000548287388784836,0.00037789231056599,"3791/80310/2247/4233/5155/8503/5336/2621/2549/6654/10000/5335/5290/5595/3717/2932/4763/25759/6655/6464/598/3480/3716",23,"Endothelial"
"Environmental Information Processing","Signal transduction","hsa04668","TNF signaling pathway","30/1018","118/8292",0.254237288135593,2.07086011121841,4.3827543239558,6.30626826054148e-05,0.000690254745863123,0.00047573948649714,"7424/6401/8503/843/6347/5600/153090/6376/197259/9021/10000/3551/4323/182/8837/1906/64764/83786/5290/5595/6868/1432/7132/3383/5599/6885/2353/1388/331/83737",30,"Endothelial"
"Environmental Information Processing","Signal transduction","hsa04010","MAPK signaling pathway","60/1018","299/8292",0.20066889632107,1.6345250376172,4.18042223881466,6.36842176242763e-05,0.000690254745863123,0.00047573948649714,"3791/80310/2321/7424/3643/2324/2122/285/7010/25780/5924/2247/4208/4233/5155/6196/9344/5600/9064/7048/4254/775/51701/6654/9693/10000/1848/4296/3551/408/2260/9448/1942/8491/5607/1398/5595/57551/7189/4215/1432/6788/5533/7132/8682/4763/6237/6655/23162/5534/5599/6885/2353/4216/5566/3480/5921/5879/5906/4775",60,"Endothelial"
"Human Diseases","Cancer: overview","hsa05231","Choline metabolism in cancer","26/1018","97/8292",0.268041237113402,2.18329856399247,4.38527086773017,7.41941305890108e-05,0.000779038371184613,0.000536931208209946,"80310/9162/8613/5337/5155/160851/8503/8526/8611/6654/23396/10000/57153/5335/7249/5290/5595/8527/10163/23446/6655/6667/5599/1119/2353/5879",26,"Endothelial"
"Organismal Systems","Immune system","hsa04062","Chemokine signaling pathway","42/1018","190/8292",0.221052631578947,1.80055837038569,4.17603742407439,8.75190012159554e-05,0.000891102557835182,0.000614168429585652,"6358/2791/196883/6387/23236/8503/5336/6347/9844/5332/6376/9564/5747/2776/9475/2770/6654/10000/2869/5829/10451/3551/408/5335/59345/57580/112/1398/5290/5595/2771/3717/2932/2788/25759/6655/6464/2782/6773/5566/5879/5906",42,"Endothelial"
"Environmental Information Processing","Signaling molecules and interaction","hsa04519","Cadherin signaling","75/1018","402/8292",0.186567164179104,1.51966102688913,3.99563096689635,0.000103351412384938,0.00102135513415704,0.000703941508504223,"3791/1003/2324/1012/2563/2697/51294/8642/27253/83439/79905/79633/4233/8322/7004/7482/9344/5600/166336/4040/25937/8463/8777/5097/4643/1822/5747/81839/9475/23191/7082/4430/10787/26524/1499/10451/4641/10186/3551/2260/7003/4041/1500/10184/4642/55914/51474/4301/6934/51421/5595/81/57551/7431/102/1495/324/3728/1432/6788/7533/2932/1387/6237/10152/154810/60485/6259/2909/5599/51176/23385/3480/5879/9113",75,"Endothelial"
"Cellular Processes","Cellular community - eukaryotes","hsa04530","Tight junction","38/1018","168/8292",0.226190476190476,1.84240808307606,4.12651004897574,0.000112752363443168,0.00108242268905442,0.000746030675413444,"7122/58494/11346/9223/4734/5962/83700/9414/8777/9475/7082/9693/3688/9181/4301/55114/51421/81/4478/5581/5872/2017/5520/50848/154810/4627/5516/5599/5519/5562/1739/10398/8531/4637/5566/5879/5906/1740",38,"Endothelial"
"Environmental Information Processing","Signaling molecules and interaction","hsa04512","ECM-receptor interaction","24/1018","89/8292",0.269662921348315,2.19650780335975,4.24536349414559,0.00012533043641688,0.00116975073989088,0.000806219181629055,"3339/7450/3912/8516/3680/3910/1282/3911/1284/3672/3678/375790/3691/7148/3655/3913/3673/3915/3688/2335/3693/7057/1605/1292",24,"Endothelial"
"Cellular Processes","Transport and catabolism","hsa04148","Efferocytosis","36/1018","158/8292",0.227848101265823,1.85591007435776,4.06345351475806,0.000144935836597134,0.00131617408369289,0.000907137526354751,"8578/5175/2621/5600/1793/9844/6376/1901/23166/5468/5627/489/10461/9564/23250/5747/286410/196527/6256/1398/5595/102/3693/1374/6868/1432/3717/23355/3988/5087/7057/55754/5879/4240/4775/1788",36,"Endothelial"
"Cellular Processes","Cellular community - eukaryotes","hsa04550","Signaling pathways regulating pluripotency of stem cells","33/1018","142/8292",0.232394366197183,1.89294114391654,4.01493852912824,0.000182588147293792,0.00160107161086356,0.00110349547114657,"3625/2247/8322/7703/8503/659/7482/4086/3399/5600/3397/3977/10000/1499/2260/4093/5290/5595/3572/324/10336/1432/3717/2932/4087/3720/5978/4090/56916/3480/3716/7994/463",33,"Endothelial"
"Organismal Systems","Nervous system","hsa04722","Neurotrophin signaling pathway","29/1018","119/8292",0.243697478991597,1.98500932789619,4.04868298655417,0.000185838669118092,0.00160107161086356,0.00110349547114657,"6196/8503/2889/5336/5600/11213/2549/6272/6654/10000/10019/3551/5335/5607/1398/5290/5595/7189/4215/1432/25/2932/25759/6655/6464/5599/57498/5879/5906",29,"Endothelial"
"Organismal Systems","Endocrine system","hsa04928","Parathyroid hormone synthesis, secretion and action","28/1018","114/8292",0.245614035087719,2.00062041153965,4.02428684070695,0.000207046758271629,0.00173919276948168,0.00119869175841469,"196883/5337/4208/23236/5332/4040/2767/4205/2776/2770/4323/408/2260/1839/6256/4041/112/64764/5595/2771/11214/6667/5144/2778/2353/1388/5566/3708",28,"Endothelial"
"Environmental Information Processing","Signal transduction","hsa04392","Hippo signaling pathway - multiple species","11/1018","28/8292",0.392857142857143,3.19997193376368,4.36206065250957,0.000266020647777785,0.00218007165008136,0.00150255564855231,"8642/79633/7004/25937/8463/26524/7003/6788/1454/60485/9113",11,"Endothelial"
"Metabolism","Carbohydrate metabolism","hsa00562","Inositol phosphate metabolism","21/1018","78/8292",0.269230769230769,2.19298775880308,3.96001323779035,0.000333789373292803,0.00267031498634242,0.00184044265975981,"5287/23236/5336/5332/3628/22876/5286/8871/3632/23396/8396/5335/8898/5290/4534/3707/3635/51477/8897/5297/64419",21,"Endothelial"
"Organismal Systems","Immune system","hsa04666","Fc gamma R-mediated phagosome formation","24/1018","95/8292",0.252631578947368,2.0577809947265,3.87900905185593,0.000368021323194247,0.002875701502169,0.00198199978219668,"8613/5337/85477/8853/8503/2934/5336/1793/50807/8611/3985/4651/23396/10000/10451/5335/1398/5290/5595/5581/10163/9846/3635/5879",24,"Endothelial"
"Human Diseases","Cardiovascular disease","hsa05412","Arrhythmogenic right ventricular cardiomyopathy","22/1018","86/8292",0.255813953488372,2.08370265454379,3.77906450264278,0.000529306508979604,0.00404197697766243,0.0027858237314716,"2697/83439/8516/3680/3672/3678/3691/3655/6641/3673/489/775/3688/1499/6934/1495/3693/3728/6443/1605/51176/6645",22,"Endothelial"
"Human Diseases","Infectious disease: bacterial","hsa05120","Epithelial cell signaling in Helicobacter pylori infection","19/1018","70/8292",0.271428571428571,2.21088969969127,3.80588417254229,0.000565753270205475,0.00414959482041318,0.00285999643010933,"58494/4233/10392/5336/5600/83700/28964/7082/3551/5335/1839/102/6868/1432/10312/50848/5599/523/5879",19,"Endothelial"
"Human Diseases","Cancer: specific types","hsa05222","Small cell lung cancer","23/1018","92/8292",0.25,2.03634577603143,3.73923161781973,0.000568099290889899,0.00414959482041318,0.00285999643010933,"3912/3910/1282/3911/1284/8503/3655/3913/3673/5915/5747/5925/3915/10000/3688/3551/6256/2335/5290/7189/51426/598/331",23,"Endothelial"
"Human Diseases","Infectious disease: bacterial","hsa05131","Shigellosis","45/1018","226/8292",0.199115044247788,1.62186831719318,3.54580003520332,0.000610693943482463,0.00436581202149165,0.00300901831055189,"10392/23236/3678/8503/5336/5600/1793/9844/5332/25851/9564/5747/9475/10000/3688/5829/3551/5335/9181/2308/1398/5290/5595/81/7189/4671/9265/54874/5581/2017/10163/1432/7132/2932/8945/3098/598/5599/6885/29110/10398/10241/57521/5879/3708",45,"Endothelial"
"Human Diseases","Cancer: specific types","hsa05220","Chronic myeloid leukemia","20/1018","76/8292",0.263157894736842,2.14352186950677,3.74637937481371,0.000632640480524347,0.00442848336367043,0.00305221284463501,"2122/8503/7048/613/5925/6654/10000/3551/867/1398/5290/5595/51426/1488/25/9846/25759/6655/6464/598",20,"Endothelial"
"Human Diseases","Cancer: overview","hsa05206","MicroRNAs in cancer","34/1018","160/8292",0.2125,1.73089390962672,3.49225821455952,0.000849877844869703,0.00582773379339225,0.00401660850421772,"4855/4851/7078/4233/5155/3678/5243/8503/659/7148/6624/5336/5962/23414/6935/6654/3551/5335/1942/1398/5290/5595/7431/10014/324/5581/25/1387/6655/6464/7057/4194/57521/1788",34,"Endothelial"
"Environmental Information Processing","Signal transduction","hsa04012","ErbB signaling pathway","21/1018","84/8292",0.25,2.03634577603143,3.57121789386797,0.000971126814780134,0.00640676706110531,0.00441569158346857,"8503/5336/27/2549/5747/6654/10000/5335/1839/867/1398/5290/5595/868/25/2932/25759/6655/6464/5599/4690",21,"Endothelial"
"Environmental Information Processing","Signal transduction","hsa04390","Hippo signaling pathway","33/1018","155/8292",0.212903225806452,1.73417833829774,3.45164367726369,0.000972455714632057,0.00640676706110531,0.00441569158346857,"83439/8322/7004/659/654/7482/4086/3397/7048/25937/8463/5054/26524/1499/7003/6934/1495/324/6788/1454/7533/2932/5520/8945/4087/60485/5516/5519/1739/1490/51176/1740/9113",33,"Endothelial"
"Environmental Information Processing","Signal transduction","hsa04370","VEGF signaling pathway","16/1018","58/8292",0.275862068965517,2.24700223562089,3.56505714590225,0.00124987480174766,0.00807611410360026,0.00556624405636609,"3791/4846/8503/5336/5600/5747/10000/5829/5335/5290/5595/1432/5533/25759/5534/5879",16,"Endothelial"
"Human Diseases","Infectious disease: viral","hsa05166","Human T-cell leukemia virus 1 infection","43/1018","221/8292",0.194570135746606,1.58484829627786,3.29660103394346,0.00130018120282367,0.0082426581914859,0.00568103008185118,"196883/8503/4487/8829/3601/7048/2114/5925/10000/2113/996/3551/958/112/64764/5290/10393/5595/4215/2648/5533/2224/7132/1387/3133/4087/8295/8850/5534/3383/64784/598/5599/2353/1739/545/1388/5566/331/3716/51434/4775/3134",43,"Endothelial"
"Human Diseases","Cancer: specific types","hsa05210","Colorectal cancer","21/1018","86/8292",0.244186046511628,1.98898889751908,3.44878073376641,0.00134257900740309,0.00835382493495253,0.0057576487646916,"83439/8503/7048/5899/6654/10000/1499/6934/5290/5595/51426/324/2932/4437/4087/6655/5898/5599/2353/51176/5879",21,"Endothelial"
"Organismal Systems","Endocrine system","hsa04912","GnRH signaling pathway","22/1018","92/8292",0.239130434782609,1.9478090031605,3.41978273491265,0.00139924080122931,0.00854808925841903,0.00589154021570234,"196883/5337/23236/5600/5332/2767/4313/775/2776/6654/4323/1839/112/5595/4215/1432/6655/5599/2778/4216/5566/3708",22,"Endothelial"
"Cellular Processes","Transport and catabolism","hsa04140","Autophagy - animal","34/1018","165/8292",0.206060606060606,1.67844257903197,3.29291588286654,0.0014892184159168,0.00893531049550083,0.00615842202070859,"64798/8503/23001/10000/1613/7249/8837/7405/10533/5290/5595/7189/8408/83734/89849/51100/6237/55626/57448/5516/598/5599/6885/29110/5562/10241/8897/9821/5566/3480/57521/3708/55102/64419",34,"Endothelial"
"Human Diseases","Cancer: specific types","hsa05225","Hepatocellular carcinoma","34/1018","167/8292",0.203592814371257,1.65834147030105,3.21505540881386,0.00184361379476607,0.010867618158621,0.00749021301659345,"83439/4233/8322/8503/7482/5336/7048/2549/4040/4258/5925/1728/6654/10000/1499/5335/4041/6934/5290/5595/51426/324/2932/4087/57492/8289/25759/6655/6464/196528/598/6595/51176/3480",34,"Endothelial"
"Organismal Systems","Immune system","hsa04611","Platelet activation","27/1018","124/8292",0.217741935483871,1.77359148234996,3.24679864123281,0.00192802212713013,0.0111089092462859,0.00765651639781613,"7450/196883/4846/23236/8503/5336/5600/5332/3673/2149/2776/9475/2770/10000/3688/23365/112/5290/5595/2771/1432/4659/2909/2778/5566/5906/3708",27,"Endothelial"
"Cellular Processes","Cell motility","hsa04820","Cytoskeleton in muscle cells","44/1018","232/8292",0.189655172413793,1.54481403698936,3.1485852622078,0.00195067156407997,0.0111089092462859,0.00765651639781613,"3339/8516/3680/1282/1284/3672/3678/375790/3691/3655/6711/2200/6641/4811/91010/9124/9672/3673/1730/29767/64423/3688/5339/2335/23353/23224/6709/7431/2275/3693/3728/29766/6443/23345/7057/4627/1605/114793/10398/633/1292/830/6645/9260",44,"Endothelial"
"Organismal Systems","Nervous system","hsa04728","Dopaminergic synapse","28/1018","131/8292",0.213740458015267,1.74099791538565,3.197949808933,0.00214738776493648,0.0120253714836443,0.00828816330326361,"2791/23236/5600/5332/775/2776/2770/10000/408/59345/64764/2771/1432/5533/2932/5520/2788/2782/9575/5516/5599/2778/5519/2353/1388/5566/5529/3708",28,"Endothelial"
"Human Diseases","Infectious disease: bacterial","hsa05132","Salmonella infection","46/1018","247/8292",0.186234817813765,1.51695393842018,3.0855173937962,0.00227766588999521,0.0125458317875146,0.00864687654527949,"5420/5287/83439/57381/10392/5600/9844/197259/84617/5286/9475/23191/29109/10000/10787/1499/3551/3839/6934/3831/5290/5595/7189/4671/9265/60412/1432/8743/4646/7132/79659/5585/6237/1783/5898/5599/6885/23207/10120/2353/10398/51176/55770/5879/1781/84516",46,"Endothelial"
"Environmental Information Processing","Signal transduction","hsa04371","Apelin signaling pathway","29/1018","138/8292",0.210144927536232,1.71171094217135,3.15390444183702,0.00236473964125839,0.0126119447533781,0.00869244312576183,"2791/196883/4846/4208/23236/5332/4205/2776/5054/2770/10000/59345/5327/182/112/5595/10365/10014/2771/5581/4899/2788/6237/4087/2782/5562/1490/5566/3708",29,"Endothelial"
"Organismal Systems","Endocrine system","hsa04910","Insulin signaling pathway","29/1018","138/8292",0.210144927536232,1.71171094217135,3.15390444183702,0.00236473964125839,0.0126119447533781,0.00869244312576183,"3643/8503/2889/32/9021/3632/6654/10000/3551/9322/867/2308/7249/1398/5290/5595/868/10211/5257/2932/9847/25759/6655/6464/3098/5599/5562/5566/57521",29,"Endothelial"
"Environmental Information Processing","Signal transduction","hsa04310","Wnt signaling pathway","35/1018","177/8292",0.19774011299435,1.61066897539209,3.07212530669414,0.00266838781211313,0.0139899803500542,0.00964221703324536,"64321/83439/23236/8322/7482/5332/4163/166336/4040/51701/81839/9475/147495/1499/4041/27130/7089/6934/324/1488/1454/5533/2932/1387/8945/5534/7088/6259/5599/6885/1459/51176/5566/5879/4775",35,"Endothelial"
"Organismal Systems","Endocrine system","hsa04919","Thyroid hormone signaling pathway","26/1018","121/8292",0.214876033057851,1.75024760915098,3.10992845636631,0.00281399830160744,0.0139899803500542,0.00964221703324536,"4855/4851/23236/8503/5336/5332/10231/489/10000/1499/5335/6256/2308/8648/7249/23389/5290/5595/8202/2648/2932/1387/8850/5566/9282/9969",26,"Endothelial"
"Human Diseases","Infectious disease: viral","hsa05170","Human immunodeficiency virus 1 infection","40/1018","210/8292",0.19047619047619,1.551501543643,3.02822161380858,0.0028244891480301,0.0139899803500542,0.00964221703324536,"2791/8503/5336/5600/3985/2767/5747/2776/2770/10000/5829/3551/5335/59345/1398/5290/5595/7189/684/2771/8905/1432/5533/7132/2788/8945/3133/5534/2782/598/5599/6885/29110/2353/545/5879/6891/3708/4775/3134",40,"Endothelial"
"Organismal Systems","Immune system","hsa04658","Th1 and Th2 cell differentiation","21/1018","91/8292",0.230769230769231,1.87970379325979,3.15656293812587,0.00283535300404068,0.0139899803500542,0.00964221703324536,"54567/3714/4851/5600/28514/3551/5335/182/55534/5595/3566/1432/3717/5533/84441/5534/3459/5599/2353/3716/4775",21,"Endothelial"
"Human Diseases","Cancer: specific types","hsa05211","Renal cell carcinoma","17/1018","68/8292",0.25,2.03634577603143,3.21002404375477,0.00286200467932758,0.0139899803500542,0.00964221703324536,"4233/5155/8503/2889/2034/2549/6654/10000/2113/1398/5290/5595/54583/1387/6655/5879/5906",17,"Endothelial"
"Environmental Information Processing","Signal transduction","hsa04350","TGF-beta signaling pathway","24/1018","109/8292",0.220183486238532,1.79347884861484,3.11948589346948,0.0028729423933147,0.0139899803500542,0.00964221703324536,"3625/4091/659/654/4086/3399/2200/3397/7048/2615/4093/64750/5595/57154/9765/9372/1387/6497/4087/7057/5516/6667/4090/5519",24,"Endothelial"
"Metabolism","Amino acid metabolism","hsa00310","Lysine degradation","16/1018","63/8292",0.253968253968254,2.06866872485733,3.1851547809655,0.0031719822171791,0.0152071766022059,0.0104811367559063,"2122/79709/5351/8085/8985/2145/64754/79823/51111/64324/5352/55870/387893/38/58508/79813",16,"Endothelial"
"Human Diseases","Cancer: overview","hsa05202","Transcriptional misregulation in cancer","35/1018","179/8292",0.195530726256983,1.59267267399107,2.99875772435843,0.00323747137046122,0.0152071766022059,0.0104811367559063,"2321/3486/4005/7102/4208/4233/862/2078/4086/2313/6935/7048/5468/3087/4066/5747/1848/5327/958/7704/6256/2308/2120/5371/51426/4299/221037/3728/2530/5087/6667/598/51274/7403/3480",35,"Endothelial"
"Human Diseases","Infectious disease: parasitic","hsa05145","Toxoplasmosis","24/1018","110/8292",0.218181818181818,1.77717449544562,3.06955799457955,0.00325868070047269,0.0152071766022059,0.0104811367559063,"3912/3910/3911/3655/5600/3913/3915/2770/10000/3688/3551/958/5595/7189/2771/1432/3717/7132/3459/598/5599/6885/331/3716",24,"Endothelial"
"Organismal Systems","Immune system","hsa04662","B cell receptor signaling pathway","19/1018","81/8292",0.234567901234568,1.91064541948628,3.08094885588055,0.00363330291215691,0.0167231476504757,0.0115259789570948,"25780/8503/5336/6654/10000/10451/3551/8519/5290/5595/5533/2932/6655/5534/3635/975/2353/5879/4775",19,"Endothelial"
"Human Diseases","Cancer: specific types","hsa05215","Prostate cancer","23/1018","105/8292",0.219047619047619,1.78422677518945,3.02527332823117,0.00372529756862649,0.0169148646359257,0.0116581147240089,"80310/83439/5155/8503/2078/6935/5925/6654/10000/1499/3551/2260/5327/2308/6934/64764/5290/5595/2932/1387/6655/51176/3480",23,"Endothelial"
"Human Diseases","Cancer: specific types","hsa05226","Gastric cancer","30/1018","149/8292",0.201342281879195,1.64001002096491,2.9490245571701,0.00394597579285671,0.0174441359297699,0.0120229007034755,"83439/2247/4233/5243/8322/8503/7482/7048/2549/4040/5915/5925/6654/10000/1499/6256/4041/6934/5290/5595/51426/1495/324/3728/2932/4087/25759/6655/6464/51176",30,"Endothelial"
"Human Diseases","Cardiovascular disease","hsa05417","Lipid and atherosclerosis","40/1018","214/8292",0.186915887850467,1.52250151478986,2.89689806932408,0.00399379510800644,0.0174441359297699,0.0120229007034755,"6401/4846/23236/8503/6347/5600/5332/5468/5747/9475/10000/10451/3551/5335/958/6256/9619/5290/5595/7189/57534/1432/3717/8743/5533/7132/2932/5451/30001/5534/3383/598/5599/6885/29110/2353/5879/5906/3708/4775",40,"Endothelial"
"Environmental Information Processing","Signal transduction","hsa04071","Sphingolipid signaling pathway","26/1018","124/8292",0.209677419354839,1.70790290892959,2.9711007104879,0.0039976144839056,0.0174441359297699,0.0120229007034755,"4846/5337/23236/8503/5600/5332/1901/2776/9475/2770/10000/9517/5290/5595/91012/2771/5581/1432/9846/7132/5520/5516/5599/5519/5879/5529",26,"Endothelial"
"Genetic Information Processing","Chromosome","hsa03083","Polycomb repressive complex","19/1018","82/8292",0.231707317073171,1.88734486559011,3.02077575223505,0.0041991148482097,0.0180884947307495,0.0124670076465065,"7703/55777/1912/6045/2145/10336/23466/22823/1387/221937/10138/3720/57713/171023/22992/6322/23429/55252/3054",19,"Endothelial"
"Organismal Systems","Endocrine system","hsa04927","Cortisol synthesis and secretion","16/1018","65/8292",0.246153846153846,2.0050173794771,3.04298772049111,0.00443227125086299,0.0188511789910122,0.0129926672243818,"196883/949/23236/5332/2767/775/5151/2776/112/64764/5087/6667/2778/1388/5566/3708",16,"Endothelial"
"Organismal Systems","Endocrine system","hsa04916","Melanogenesis","22/1018","101/8292",0.217821782178218,1.77424186426501,2.92859672667093,0.0048303325477927,0.0199537718296927,0.0137525996319937,"1910/196883/83439/23236/8322/7482/5332/4254/2776/2770/1499/1906/112/6934/64764/5595/2771/2932/1387/2778/51176/5566",22,"Endothelial"
"Organismal Systems","Development and regeneration","hsa04380","Osteoclast differentiation","27/1018","132/8292",0.204545454545455,1.66610108948026,2.88584318724157,0.00485046618323259,0.0199537718296927,0.0137525996319937,"8503/5336/5600/7048/5468/489/9021/10000/3551/3455/5290/5595/7189/1432/5533/9846/7132/3454/5534/3459/6773/5599/6885/2353/3716/5879/3708",27,"Endothelial"
"Cellular Processes","Cellular community - eukaryotes","hsa04540","Gap junction","20/1018","89/8292",0.224719101123595,1.83042316946646,2.94644815390777,0.00486967050605594,0.0199537718296927,0.0137525996319937,"80310/2697/196883/5155/23236/5332/84617/2767/2776/2770/7082/6654/5607/112/5595/2771/6655/2778/5566/3708",20,"Endothelial"
"Human Diseases","Infectious disease: bacterial","hsa05130","Pathogenic Escherichia coli infection","37/1018","197/8292",0.187817258883249,1.52984352717082,2.81554853305527,0.00506952185061344,0.0205224017085074,0.0141445124557382,"7122/5600/84617/4643/2149/4651/9475/23191/7082/4430/10787/3688/4641/3551/55930/9181/4642/23365/5595/7189/4671/9265/2017/10163/1432/8743/4646/25/7132/4627/5599/6885/9871/2353/4690/5879/10427",37,"Endothelial"
"Organismal Systems","Immune system","hsa04660","T cell receptor signaling pathway","25/1018","120/8292",0.208333333333333,1.69695481335953,2.87688011267863,0.00513901308982754,0.0205560523593102,0.0141677052601762,"8503/5600/6654/10000/10451/3551/5335/5290/5595/868/1432/5533/2932/5520/6655/5534/5516/5599/6885/5519/2353/1739/4690/5529/4775",25,"Endothelial"
"Organismal Systems","Nervous system","hsa04725","Cholinergic synapse","24/1018","114/8292",0.210526315789474,1.71481749560542,2.87484705278569,0.00526573031574488,0.0208151221892974,0.0143462621605433,"1131/2791/196883/23236/8503/3784/5332/2767/775/2776/2770/10000/59345/112/64764/5290/5595/2771/3717/2788/2782/2353/5566/3708",24,"Endothelial"
"Human Diseases","Infectious disease: viral","hsa05160","Hepatitis C","30/1018","154/8292",0.194805194805195,1.58676294236216,2.74950740446092,0.00647427295824759,0.0252948338833859,0.0174337827517071,"7122/949/8503/5925/9021/6654/10000/1499/3551/3455/6256/8837/5290/5595/7189/5610/7533/7132/4599/2932/5520/3454/4939/6655/6773/975/5516/5519/29110/3716",30,"Endothelial"
"Human Diseases","Endocrine and metabolic disease","hsa04934","Cushing syndrome","30/1018","155/8292",0.193548387096774,1.57652576208885,2.71046065743036,0.00711512655348322,0.0274791094479352,0.0189392358350431,"196883/83439/949/23236/8322/7482/5332/2767/775/5925/5151/2776/2770/1499/112/8085/6934/64764/5595/2771/324/2932/5087/6667/2778/1388/51176/5566/5906/3708",30,"Endothelial"
"Human Diseases","Infectious disease: viral","hsa05168","Herpes simplex virus 1 infection","33/1018","175/8292",0.188571428571429,1.53598652820657,2.68080869601972,0.00737853851467426,0.0281726016014835,0.0194172066175638,"3678/8503/6347/9021/10000/3551/3455/5819/7249/5290/7189/5371/684/29990/3717/6429/5610/7132/64135/3454/3133/4939/5451/3459/6773/598/972/6885/29110/3716/6891/3134/3054",33,"Endothelial"
"Organismal Systems","Endocrine system","hsa04915","Estrogen signaling pathway","27/1018","137/8292",0.197080291970803,1.60529448037515,2.67242615011242,0.00811175118779027,0.0305266068494359,0.0210396413122678,"196883/4846/23236/8503/5332/4313/2776/2770/6654/10000/1839/8648/112/64764/5290/5595/8202/2771/25759/6655/6464/6667/2778/2353/1388/5566/3708",27,"Endothelial"
"Organismal Systems","Endocrine system","hsa04924","Renin secretion","16/1018","69/8292",0.231884057971014,1.88878448791321,2.77329816723511,0.00817676969181317,0.0305266068494359,0.0210396413122678,"1636/358/23236/5332/775/2776/2770/1906/112/5139/2771/5533/5534/2778/5566/3708",16,"Endothelial"
"Environmental Information Processing","Signal transduction","hsa04022","cGMP-PKG signaling pathway","31/1018","164/8292",0.189024390243902,1.53967607456035,2.61128298973809,0.00890610346884631,0.0328840743465095,0.0226644622688975,"3643/1910/196883/4846/4208/23236/5138/5332/2767/489/775/4205/2776/9475/2770/10000/112/64764/5139/5595/2771/5581/5533/493/4659/2969/5534/10398/1388/3708/4775",31,"Endothelial"
"Human Diseases","Cancer: specific types","hsa05213","Endometrial cancer","14/1018","58/8292",0.241379310344828,1.96612695616828,2.76206225662585,0.00901214273171871,0.0329139125854074,0.0226850274711455,"83439/8503/6654/10000/1499/6934/5290/5595/51426/1495/324/2932/6655/51176",14,"Endothelial"
"Organismal Systems","Circulatory system","hsa04270","Vascular smooth muscle contraction","26/1018","132/8292",0.196969696969697,1.60439364172174,2.61849935530915,0.00933340229332207,0.0337206792532926,0.0232410696607907,"10266/196883/10203/10268/23236/5332/2767/775/2776/9475/54776/23365/1906/112/5583/5595/5581/4659/4627/800/2778/10398/4637/5566/94274/3708",26,"Endothelial"
"Human Diseases","Cancer: specific types","hsa05212","Pancreatic cancer","17/1018","76/8292",0.223684210526316,1.82199358908076,2.69299600687961,0.00946790825469448,0.0338427358891207,0.0233251939085418,"5337/8503/7048/5925/5899/10000/3551/5290/5595/51426/4087/598/5898/5599/9459/3716/5879",17,"Endothelial"
"Organismal Systems","Aging","hsa04211","Longevity regulating pathway","19/1018","89/8292",0.213483146067416,1.73890201099313,2.62171931884831,0.0105274148071374,0.0372338039494545,0.0256623962057644,"3643/196883/8503/5468/10000/2308/7249/112/79602/64764/5290/8408/5562/1388/9821/5566/3480/57521/79813",19,"Endothelial"
"Organismal Systems","Immune system","hsa04664","Fc epsilon RI signaling pathway","15/1018","66/8292",0.227272727272727,1.85122343275585,2.59723881054956,0.0123657465972896,0.0432801130905134,0.0298296518794266,"8503/5336/5600/6654/10000/10451/5335/5290/5595/1432/9846/6655/3635/5599/5879",15,"Endothelial"
"Human Diseases","Substance dependence","hsa05032","Morphine addiction","19/1018","91/8292",0.208791208791209,1.7006843843779,2.51420350349413,0.013316703100002,0.0461279612536151,0.0317924544981056,"2563/2791/196883/5138/27115/10846/5151/2770/2869/408/59345/112/5139/2771/2788/2782/5144/2778/5566",19,"Endothelial"
"Environmental Information Processing","Signal transduction","hsa04340","Hedgehog signaling pathway","13/1018","55/8292",0.236363636363636,1.92527237006608,2.57547360711862,0.0138754419936981,0.0475729439783935,0.0327883699099204,"84976/91653/408/64750/57154/53944/1454/2932/1456/8945/8405/5566/730094",13,"Endothelial"
"Human Diseases","Cancer: specific types","hsa05221","Acute myeloid leukemia","15/1018","67/8292",0.223880597014925,1.82359323226696,2.53205372028492,0.0141805094221609,0.0481277895540006,0.0331707822740606,"83439/862/8503/6654/10000/1848/3551/7704/6934/5290/5595/5371/3728/6655/51176",15,"Endothelial"
"Organismal Systems","Endocrine system","hsa04925","Aldosterone synthesis and secretion","20/1018","98/8292",0.204081632653061,1.66232308247464,2.46732095406193,0.0144432049662224,0.0485291686865072,0.0334474220270413,"196883/949/23236/5138/5332/2767/775/2776/25865/112/64764/23683/5581/57118/493/5587/2778/1388/5566/3708",20,"Endothelial"
"Cellular Processes","Cell motility","hsa04820","Cytoskeleton in muscle cells","68/742","232/8292",0.293103448275862,3.27549028720141,11.0200456109913,1.32249642011311e-19,4.40391307897666e-17,3.67514794641959e-17,"2192/1634/22801/3908/1462/7060/7058/1277/1311/1293/1278/1286/2006/2199/1289/1281/1291/2200/1292/1290/8082/22795/633/287/3696/23500/9260/2274/8910/8572/7057/9672/6443/4811/2335/1284/6383/3693/1756/23345/64236/2273/2275/1282/7168/6711/7169/171024/114793/1465/27295/83660/79188/3672/25802/6444/10398/1287/4628/7414/3339/5339/9124/3688/23002/91010/7431/7171",68,"Fibroblast/stromal"
"Cellular Processes","Cellular community - eukaryotes","hsa04510","Focal adhesion","54/742","200/8292",0.27,3.01730458221024,9.05295726333008,4.12100985498821e-14,6.86148140855537e-12,5.72603474587836e-12,"5156/22801/3908/7060/7058/1277/1311/1293/1278/1286/3479/1291/7148/1292/5063/56034/3696/5159/3910/3913/3912/7057/55742/2335/1284/3693/2012/1282/7423/4638/1956/5602/83660/5728/1793/87/5578/3672/3915/2013/894/10398/1287/7414/4660/5290/3611/10000/2316/3688/858/857/5595/6464",54,"Fibroblast/stromal"
"Environmental Information Processing","Signaling molecules and interaction","hsa04518","Integrin signaling","43/742","153/8292",0.281045751633987,3.14074308968871,8.37831484245052,4.06734539802852e-12,4.51475339181165e-10,3.76764626343694e-10,"5156/22801/3908/7060/7058/1277/1311/1293/1278/1286/3479/1291/2200/7148/1292/56034/3696/5159/718/3910/3913/3912/7057/55742/2335/1284/3693/1282/7423/10979/1956/83660/87/3672/3915/894/1287/7414/5290/3611/10000/2316/3688",43,"Fibroblast/stromal"
"Human Diseases","Cancer: overview","hsa05205","Proteoglycans in cancer","46/742","200/8292",0.23,2.57029649595687,7.04694134639753,1.21486791831103e-09,1.01137754199393e-07,8.44013501142401e-08,"1634/4060/2719/1277/1278/117581/4313/3479/3481/5727/2099/287/2247/22808/2260/7078/3316/8321/7057/7482/2817/2335/6383/3693/6237/1956/2549/7074/967/5578/8322/7042/2017/4660/5290/3339/10000/2316/10818/3688/1514/858/5566/857/5595/5781",46,"Fibroblast/stromal"
"Environmental Information Processing","Signaling molecules and interaction","hsa04512","ECM-receptor interaction","26/742","89/8292",0.292134831460674,3.26466579847966,6.73355951891707,3.19098981822772e-08,2.12519921893966e-06,1.77351855160446e-06,"22801/3908/7060/7058/1277/1311/1293/1278/1286/1291/7148/1292/3696/3910/3913/3912/7057/2335/1284/3693/1282/3672/3915/1287/3339/3688",26,"Fibroblast/stromal"
"Environmental Information Processing","Signaling molecules and interaction","hsa04517","IgSF CAM signaling","52/742","296/8292",0.175675675675676,1.96321118962628,5.29008824134169,1.33623448279051e-06,7.28630214872906e-05,6.08055561012952e-05,"79827/145581/1272/6092/9353/5063/8633/5376/287/2037/9863/55243/2260/219699/83700/10580/84617/6711/4638/6091/22829/5602/23114/56288/8777/87/5578/5802/4008/7846/58494/8828/140465/10398/4628/22871/7414/25945/2036/6586/5290/8976/23705/10000/7204/3688/351/203068/8655/25/5595/5781",52,"Fibroblast/stromal"
"Human Diseases","Endocrine and metabolic disease","hsa04933","AGE-RAGE signaling pathway in diabetic complications","25/742","100/8292",0.25,2.79380053908356,5.65732479320152,1.53165510633944e-06,7.28630214872906e-05,6.08055561012952e-05,"50507/1277/1278/1286/4313/1281/5054/2335/1284/1282/7423/6347/5602/7046/5578/2152/1958/1287/7042/5290/10000/3717/1019/5595/5581",25,"Fibroblast/stromal"
"Environmental Information Processing","Signal transduction","hsa04151","PI3K-Akt signaling pathway","59/742","357/8292",0.165266106442577,1.84688214908605,5.12761672753787,2.07201786284028e-06,8.62477435407266e-05,7.19753573407676e-05,"5156/22801/3908/7060/7058/1277/1311/1293/1278/1286/3479/1902/1291/7148/1292/3481/56034/2149/2252/2247/3696/5159/9863/2260/3910/3913/3912/284/7057/2335/1284/3693/2690/1946/1282/55970/7423/1956/5523/5728/5516/5578/64764/3672/3915/59345/9180/2791/894/1287/5290/10681/4254/10000/3717/92579/3688/1019/5595",59,"Fibroblast/stromal"
"Environmental Information Processing","Signal transduction","hsa04350","TGF-beta signaling pathway","26/742","109/8292",0.238532110091743,2.6656445510522,5.48745834037837,2.47169717912353e-06,9.14527956275705e-05,7.63190707939896e-05,"1634/652/3624/2200/8646/2331/4681/7057/79875/4052/2615/7046/5516/9372/90/4093/3399/657/7042/4756/57154/9765/4090/5595/6497/659",26,"Fibroblast/stromal"
"Human Diseases","Infectious disease: viral","hsa05165","Human papillomavirus infection","54/742","329/8292",0.164133738601824,1.8342277095503,4.84034298514935,7.00490911568527e-06,0.000233263473552319,0.000194662737530622,"22801/3908/7060/7058/1277/1311/1293/1278/1286/1291/7148/1292/26508/3696/5159/3910/8321/3913/3912/7057/7482/2335/1284/3693/1740/1282/27175/1956/5523/83439/56288/5728/5516/64764/3672/3915/8322/6773/894/4854/1287/5986/84441/5290/7132/10000/6934/4853/3688/1019/5610/5566/5595/324",54,"Fibroblast/stromal"
"Cellular Processes","Cell motility","hsa04810","Regulation of actin cytoskeleton","40/742","227/8292",0.176211453744493,1.96919861785625,4.6414690970705,2.09780824393333e-05,0.000620086186652333,0.000517473536514038,"5156/730/22801/1902/2934/5063/56034/2149/2252/2247/3696/5159/22808/6387/2260/2335/3693/6237/55970/4638/1956/7074/1793/87/3672/10398/4628/7414/10152/10787/4660/5290/8976/10000/3688/1073/10163/5595/324/54434",40,"Fibroblast/stromal"
"Organismal Systems","Development and regeneration","hsa04360","Axon guidance","34/742","181/8292",0.187845303867403,2.09920924483626,4.68720980485216,2.23454481676516e-05,0.000620086186652333,0.000517473536514038,"6092/2042/91653/2045/9353/5727/5063/7223/8633/7220/6387/9037/219699/10512/1946/6237/1808/6091/56288/5578/10398/4756/6586/23654/5290/3611/3688/1073/25/3983/5595/659/54434/5781",34,"Fibroblast/stromal"
"Human Diseases","Cancer: specific types","hsa05225","Hepatocellular carcinoma","31/742","167/8292",0.18562874251497,2.07443872363091,4.39703717506478,6.4542248315699e-05,0.00165327451454829,0.00137968854699146,"2949/3481/2946/8321/7482/2948/51176/1956/6604/653689/2549/7046/83439/5728/2947/4040/51426/5578/2950/8322/2941/7042/5290/10000/6934/1019/57492/9446/5595/6464/324",31,"Fibroblast/stromal"
"Human Diseases","Cancer: overview","hsa05206","MicroRNAs in cancer","30/742","160/8292",0.1875,2.09535040431267,4.38577465654765,6.96205674858148e-05,0.00165597492662688,0.00138194209144775,"5156/7148/1545/23414/5159/7078/8434/7057/10253/1946/6935/7168/1956/5728/5578/894/4854/7042/5290/4082/4853/7431/25/9839/5595/6464/324/659/9759/5581",30,"Fibroblast/stromal"
"Organismal Systems","Digestive system","hsa04974","Protein digestion and absorption","22/742","103/8292",0.213592233009709,2.38693638290634,4.4400887615955,8.90499785759657e-05,0.00197690952438644,0.00164976802414421,"1307/1300/1277/1293/1278/1286/1295/2006/1289/1281/1291/1292/1290/1303/7373/1306/1284/6546/1282/80781/1287/5547",22,"Fibroblast/stromal"
"Human Diseases","Cardiovascular disease","hsa05414","Dilated cardiomyopathy","22/742","104/8292",0.211538461538462,2.36398507153224,4.3880271311945,0.000103631532024003,0.00215683126024957,0.00179991608252216,"22801/3908/3479/8082/3696/8910/6443/3693/1756/6546/7168/7169/776/775/3672/108/6444/7042/781/3688/5566/7171",22,"Fibroblast/stromal"
"Organismal Systems","Endocrine system","hsa04926","Relaxin signaling pathway","25/742","129/8292",0.193798449612403,2.16573685200276,4.18314016875693,0.000160134436930895,0.00313675102929341,0.00261767748295704,"1277/1278/1286/4313/1281/1284/1282/55970/7423/1956/5602/7046/5578/64764/108/59345/2791/1287/59/5290/10681/10000/5566/5595/6464",25,"Fibroblast/stromal"
"Environmental Information Processing","Signal transduction","hsa04014","Ras signaling pathway","38/742","234/8292",0.162393162393162,1.81477641855,3.96337059218659,0.000202468148951929,0.0037456607556107,0.0031258240539947,"5156/3479/3481/5063/56034/5321/2252/2247/5159/22808/2260/9846/284/1946/6237/23179/55970/7423/1956/5924/5602/2549/7074/5578/59345/2791/11145/5290/10681/4254/10000/27/4763/5566/25/5595/6464/5781",38,"Fibroblast/stromal"
"Human Diseases","Cancer: specific types","hsa05217","Basal cell carcinoma","15/742","63/8292",0.238095238095238,2.66076241817482,4.14797553737067,0.000337654567311404,0.00591784057445777,0.00493854879613356,"64399/2736/2735/8643/652/5727/2737/8321/7482/51176/83439/51426/8322/6934/324",15,"Fibroblast/stromal"
"Human Diseases","Cardiovascular disease","hsa05410","Hypertrophic cardiomyopathy","20/742","99/8292",0.202020202020202,2.25761659723924,3.94617476065682,0.000402553496664207,0.00670251571945904,0.00559337490101845,"22801/3908/3479/8082/3696/8910/6443/3693/1756/6546/7168/7169/776/775/3672/6444/7042/781/3688/7171",20,"Fibroblast/stromal"
"Human Diseases","Cardiovascular disease","hsa05412","Arrhythmogenic right ventricular cardiomyopathy","18/742","86/8292",0.209302325581395,2.33899580016298,3.91286278552581,0.000494906298772126,0.00736126570358347,0.0061431141006671,"22801/3908/8082/3696/8910/6443/3693/1756/6546/51176/776/775/83439/3672/6444/6934/781/3688",18,"Fibroblast/stromal"
"Human Diseases","Drug resistance: antineoplastic","hsa01521","EGFR tyrosine kinase inhibitor resistance","17/742","79/8292",0.215189873417722,2.40479033743901,3.9328382038863,0.000501604402895737,0.00736126570358347,0.0061431141006671,"5156/3479/56034/2247/5159/2621/558/1956/2549/5728/5578/5290/10000/3717/4763/5595/6464",17,"Fibroblast/stromal"
"Environmental Information Processing","Signal transduction","hsa04392","Hippo signaling pathway - multiple species","9/742","28/8292",0.321428571428571,3.592029264536,4.30680983676502,0.000508435769316576,0.00736126570358347,0.0061431141006671,"79633/122786/8463/25937/26524/9770/7003/10413/6788",9,"Fibroblast/stromal"
"Human Diseases","Cancer: specific types","hsa05224","Breast cancer","26/742","147/8292",0.17687074829932,1.97656636778701,3.74495687436793,0.000539043615276168,0.00747923016195683,0.00624155765056615,"3479/5241/2099/26508/2252/2247/2260/8321/7482/51176/1956/83439/5728/4040/51426/8322/4854/5290/10000/6934/4853/1019/5595/6464/324/8648",26,"Fibroblast/stromal"
"Organismal Systems","Immune system","hsa04610","Complement and coagulation cascades","18/742","87/8292",0.206896551724138,2.3121107909657,3.85676142936381,0.000573100781542091,0.00763370241014066,0.00637046763482577,"730/1675/715/5270/716/3075/5054/710/2149/2159/718/2/1191/7035/5327/5627/2152/966",18,"Fibroblast/stromal"
"Environmental Information Processing","Signal transduction","hsa04310","Wnt signaling pathway","29/742","177/8292",0.163841807909605,1.83096532504911,3.503137687575,0.000964643903618229,0.0123341802098463,0.0102931043951301,"6423/6422/6424/144165/5176/4919/166336/23500/147495/8321/4163/4920/7482/2487/51176/5602/83439/84445/4040/5578/8322/894/25776/6907/27130/6934/23002/5566/324",29,"Fibroblast/stromal"
"Human Diseases","Cardiovascular disease","hsa05418","Fluid shear stress and atherosclerosis","24/742","137/8292",0.175182481751825,1.95769964782497,3.5433133703785,0.00100006866566321,0.0123341802098463,0.0102931043951301,"2949/4313/652/2946/2817/6383/2948/6347/653689/5602/5327/2947/90/2950/657/2941/5290/7132/10000/1514/858/9446/857/659",24,"Fibroblast/stromal"
"Human Diseases","Infectious disease: bacterial","hsa05100","Bacterial invasion of epithelial cells","16/742","77/8292",0.207792207792208,2.32211992858893,3.65379657692735,0.00108547909014981,0.0129094477507102,0.0107731759323139,"1759/55752/2335/2549/79658/1793/7414/2017/5290/3611/8976/3688/858/10163/857/6464",16,"Fibroblast/stromal"
"Cellular Processes","Cellular community - eukaryotes","hsa04520","Adherens junction","18/742","92/8292",0.195652173913043,2.18645259580452,3.58731334171102,0.00114376580772867,0.0131335866887465,0.0109602240740606,"2260/10580/51176/1956/7046/83439/56288/87/4008/10398/7414/57154/25945/2241/8976/6934/10163/5595",18,"Fibroblast/stromal"
"Environmental Information Processing","Signal transduction","hsa04390","Hippo signaling pathway","26/742","155/8292",0.167741935483871,1.87455003912703,3.4454844088962,0.0012210277586136,0.013553408120611,0.0113105729218944,"2736/652/1490/5054/122786/8321/7482/1740/51176/7046/83439/56288/8463/5516/25937/26524/8322/657/894/7003/7042/10413/6934/6788/324/659",26,"Fibroblast/stromal"
"Human Diseases","Infectious disease: parasitic","hsa05146","Amoebiasis","19/742","101/8292",0.188118811881188,2.10226575218169,3.49390001209094,0.00137967863783272,0.0148204189160741,0.0123679171608774,"3908/1277/1278/1286/1281/3910/3913/3912/2335/1284/1282/87/5578/3915/1287/7042/7414/5290/5566",19,"Fibroblast/stromal"
"Human Diseases","Cancer: specific types","hsa05218","Melanoma","15/742","72/8292",0.208333333333333,2.32816711590297,3.54825641961092,0.00149583760453085,0.0155660600721492,0.0129901686709258,"5156/3479/56034/2252/2247/5159/2260/4286/1956/5728/51426/5290/10000/1019/5595",15,"Fibroblast/stromal"
"Metabolism","Glycan biosynthesis and metabolism","hsa00532","Glycosaminoglycan biosynthesis - chondroitin sulfate / dermatan sulfate","7/742","21/8292",0.333333333333333,3.72506738544474,3.91958256632247,0.00169650860875072,0.0171193141428482,0.0142863882842166,"79586/55454/113189/10090/29940/64131/26229",7,"Fibroblast/stromal"
"Metabolism","Metabolism of other amino acids","hsa00480","Glutathione metabolism","12/742","55/8292",0.218181818181818,2.43822592501838,3.35471676535497,0.00288585946418543,0.0272201725111103,0.0227157437740892,"2949/493869/2687/2946/2948/653689/2947/2950/2941/2729/9446/6723",12,"Fibroblast/stromal"
"Environmental Information Processing","Signal transduction","hsa04340","Hedgehog signaling pathway","12/742","55/8292",0.218181818181818,2.43822592501838,3.35471676535497,0.00288585946418543,0.0272201725111103,0.0227157437740892,"64399/2736/2735/8643/91653/5727/132884/2121/2737/894/57154/5566",12,"Fibroblast/stromal"
"Human Diseases","Cancer: specific types","hsa05222","Small cell lung cancer","17/742","92/8292",0.184782608695652,2.06498300714872,3.22004247261941,0.00294272135255246,0.0272201725111103,0.0227157437740892,"3908/1286/3910/3913/3912/2335/1284/1282/5728/51426/3915/5915/1287/5290/10000/3688/1019",17,"Fibroblast/stromal"
"Human Diseases","Infectious disease: parasitic","hsa05144","Malaria","11/742","49/8292",0.224489795918367,2.50871885142197,3.32044003347028,0.00337191533933269,0.0303472380539942,0.0253253385372356,"7060/7058/1311/4035/7057/6383/6347/975/7042/958/2995",11,"Fibroblast/stromal"
"Cellular Processes","Cellular community - eukaryotes","hsa04550","Signaling pathways regulating pluripotency of stem cells","23/742","142/8292",0.161971830985915,1.81006795489921,3.05224052808713,0.00361288501118987,0.0316602818085849,0.0264210981427735,"4211/3479/652/3624/3670/2247/2260/8321/7482/90/4093/3399/8322/657/5290/4090/10000/3717/3572/9314/5595/324/659",23,"Fibroblast/stromal"
"Genetic Information Processing","Folding, sorting and degradation","hsa04141","Protein processing in endoplasmic reticulum","26/742","169/8292",0.153846153846154,1.71926187020527,2.96144790951582,0.00421961574361134,0.0360290267339122,0.0300668976062994,"1410/55757/5602/9532/6238/5071/9871/10970/10484/22872/8720/11231/7991/165324/81567/1603/10956/58505/10277/64374/64215/27248/23193/4121/3703/56681",26,"Fibroblast/stromal"
"Metabolism","Glycan biosynthesis and metabolism","hsa00513","Various types of N-glycan biosynthesis","10/742","44/8292",0.227272727272727,2.53981867189414,3.21035846613645,0.00464179593787525,0.0383646042734681,0.0320159808066875,"8704/6487/7991/3074/1603/3073/58505/2530/4121/3703",10,"Fibroblast/stromal"
"Metabolism","Xenobiotics biodegradation and metabolism","hsa00980","Metabolism of xenobiotics by cytochrome P450","14/742","73/8292",0.191780821917808,2.14318945463944,3.07540335553561,0.00472356989553211,0.0383646042734681,0.0320159808066875,"3290/2949/1545/2946/2948/874/653689/2947/2950/2941/2052/873/9446/128",14,"Fibroblast/stromal"
"Metabolism","Glycan biosynthesis and metabolism","hsa00531","Glycosaminoglycan degradation","6/742","19/8292",0.315789473684211,3.52901120726344,3.45961663461381,0.00493884330352337,0.0391579719065067,0.0326780609556434,"3425/4669/2720/3074/3073/138050",6,"Fibroblast/stromal"
"Environmental Information Processing","Signal transduction","hsa04072","Phospholipase D signaling pathway","23/742","146/8292",0.157534246575342,1.76047705202526,2.90617841508177,0.00513717028039483,0.0392793036340689,0.032779314554747,"5156/1902/1759/56034/5321/2149/5159/22808/9846/8613/6237/1956/2549/9265/5578/108/5290/4254/10000/10554/5595/6464/5781",23,"Fibroblast/stromal"
"Human Diseases","Cancer: specific types","hsa05215","Prostate cancer","18/742","105/8292",0.171428571428571,1.91574894108587,2.96033332339631,0.00519005813783493,0.0392793036340689,0.032779314554747,"5156/3479/56034/5159/2260/6935/51176/1956/5327/83439/5728/64764/2950/5290/10000/6934/2078/5595",18,"Fibroblast/stromal"
"Organismal Systems","Environmental adaptation","hsa04710","Circadian rhythm","8/742","32/8292",0.25,2.79380053908356,3.18706594753686,0.00598325686655611,0.0442761008125152,0.0369492353864518,"6096/79365/8863/6095/1628/8864/9975/1408",8,"Fibroblast/stromal"
"Human Diseases","Infectious disease: bacterial","hsa05152","Tuberculosis","58/536","177/8292",0.327683615819209,5.06931444472553,14.3856858915494,1.19581854632676e-26,3.85053571917216e-24,2.78185156566541e-24,"929/3553/7097/2209/4360/2212/2207/3687/64581/2213/3122/3113/3117/3115/3123/3127/3119/2214/3606/7099/7096/3111/1520/972/3108/718/3109/1509/4261/6850/3656/3684/637/7124/1051/4790/3689/3460/3717/64170/9114/3459/8767/535/10892/533/7879/527/537/4615/4046/3920/3587/5878/3329/3588/10312/387",58,"Macrophages"
"Cellular Processes","Transport and catabolism","hsa04145","Phagocytosis","64/536","252/8292",0.253968253968254,3.92892679459844,12.4121700048497,1.81060408868909e-22,2.87931266185185e-20,2.08018338760791e-20,"929/4069/7097/4973/2209/4481/1536/4360/2212/4688/64581/2213/3122/3113/3117/3115/3123/3127/3119/2214/7099/7096/3111/1520/3108/718/3109/1508/1509/6850/1514/3684/526/4689/653361/6810/8417/10533/3689/1535/9114/9296/10376/535/4074/528/27342/533/64422/7879/11337/527/537/89849/8773/967/523/60/3920/5878/10312/7405/81631/5879",64,"Macrophages"
"Human Diseases","Immune disease","hsa05323","Rheumatoid arthritis","38/536","90/8292",0.422222222222222,6.5318407960199,13.8706878154403,2.68258943650793e-22,2.87931266185185e-20,2.08018338760791e-20,"3553/7097/6349/942/6348/2921/3576/2920/3122/3113/3117/3115/3123/3127/3119/3606/7099/3111/10673/3108/8741/3109/1514/3383/526/54/7124/3689/7422/9114/9296/535/528/533/527/537/523/10312",38,"Macrophages"
"Human Diseases","Infectious disease: parasitic","hsa05140","Leishmaniasis","34/536","74/8292",0.459459459459459,7.10790641387656,13.8736942020323,1.58955587539385e-21,1.27959247969205e-19,9.24452232794843e-20,"3553/7097/2209/1536/2212/4688/3122/3113/3117/3115/3123/3127/3119/2214/7099/3111/3108/718/3109/3684/5743/4689/4792/7124/653361/4790/3689/1535/3460/3717/3459/5777/4615/4793",34,"Macrophages"
"Cellular Processes","Transport and catabolism","hsa04142","Lysosome biogenesis","60/536","247/8292",0.242914979757085,3.75793099280923,11.5674012317363,4.73352843614232e-20,3.04839231287566e-18,2.20233638818411e-18,"968/51296/1522/5641/1520/1508/1509/5660/1514/23312/4126/3988/4125/2717/2760/526/1512/10577/4668/57192/54/427/3073/1200/1075/8905/5538/9516/55207/2548/7805/1777/3074/8673/5476/9114/9296/535/4074/162/528/2799/533/7879/2720/527/4758/537/26088/2990/28962/2519/26258/967/523/84572/9907/3920/10312/1175",60,"Macrophages"
"Human Diseases","Cardiovascular disease","hsa05417","Lipid and atherosclerosis","48/536","214/8292",0.224299065420561,3.46994001952853,9.62295204140248,9.2810266449791e-15,4.98081763280545e-13,3.59843313779014e-13,"929/3553/7097/6349/4973/1536/6348/2921/4688/3576/2920/114548/3606/7099/23643/4067/19/6648/29108/958/3383/4689/637/4792/7124/834/653361/4790/5330/10010/1535/3717/9451/5452/4780/2081/3303/4615/7409/3310/5606/3304/8795/7187/3329/3665/5879/387",48,"Macrophages"
"Human Diseases","Infectious disease: parasitic","hsa05145","Toxoplasmosis","33/536","110/8292",0.3,4.6410447761194,10.1055411986711,2.48760960459436e-14,1.1443004181134e-12,8.2670935731632e-13,"7097/3122/3113/3117/3115/3123/3127/3119/7099/3111/3108/23643/3109/4261/10105/958/240/4792/7124/4790/23533/3460/3717/3459/2771/3303/4615/3310/5606/3304/3587/3588/4793",33,"Macrophages"
"Human Diseases","Infectious disease: bacterial","hsa05134","Legionellosis","22/536","56/8292",0.392857142857143,6.07755863539446,10.0220772063555,1.20116462220785e-12,4.8036024555363e-11,3.47040255859275e-11,"929/3553/7097/2921/3576/2920/3606/7099/718/3684/4671/29108/4792/7124/834/4790/3689/3303/4615/3310/3304/3329",22,"Macrophages"
"Organismal Systems","Development and regeneration","hsa04380","Osteoclast differentiation","34/536","132/8292",0.257575757575758,3.98473541383989,9.08687757484935,1.34262180434244e-12,4.8036024555363e-11,3.47040255859275e-11,"54209/10288/3553/1436/2209/11006/6688/2212/4688/7305/2213/2214/10859/140885/6850/695/9846/4689/54/3937/4792/7124/29760/653361/4790/7046/1535/3460/3459/2885/3709/8878/2354/5879",34,"Macrophages"
"Human Diseases","Infectious disease: bacterial","hsa05150","Staphylococcus aureus infection","27/536","92/8292",0.293478260869565,4.54015249837768,8.97585669379123,1.05798800536693e-11,3.40672137728152e-10,2.46121420195886e-10,"712/713/714/2209/2359/2357/2212/728/2213/3122/3113/3117/3115/3123/3127/3119/2214/719/3111/3108/718/5724/3109/3684/3383/3689/1675",27,"Macrophages"
"Environmental Information Processing","Signal transduction","hsa04064","NF-kappa B signaling pathway","28/536","102/8292",0.274509803921569,4.24670763827919,8.67297850337503,2.58662424022413e-11,7.57175459411064e-10,5.47027710133524e-10,"929/3553/2921/3576/2920/5328/597/7099/10673/23643/6850/4067/695/9560/5743/958/3383/4792/7124/29760/6351/4790/7185/8837/10892/4615/4616/7187",28,"Macrophages"
"Human Diseases","Immune disease","hsa05322","Systemic lupus erythematosus","20/536","53/8292",0.377358490566038,5.83779217121938,9.28784251696323,3.11249338018717e-11,8.35185723683558e-10,6.03386874580145e-10,"712/713/714/942/2209/2212/3122/3113/3117/3115/3123/3127/3119/2214/3111/3108/718/3109/958/7124",20,"Macrophages"
"Organismal Systems","Immune system","hsa04612","Antigen processing and presentation","22/536","71/8292",0.309859154929577,4.79356737439563,8.4388176799329,2.78287330118286e-10,6.89296309985292e-09,4.97987853895879e-09,"10437/3122/3113/3117/3115/3123/3127/3119/5641/3111/1520/972/3108/3109/1508/4261/1514/7124/920/3303/3310/3304",22,"Macrophages"
"Human Diseases","Infectious disease: bacterial","hsa05135","Yersinia infection","31/536","136/8292",0.227941176470588,3.52628402107112,7.80872220306367,3.88731913863667e-10,8.94083401886435e-09,6.45937992209552e-09,"3553/2212/3576/114548/3606/7099/29108/3937/4792/7124/834/920/4790/10095/8935/6195/7454/10094/10092/391/2533/4615/7409/9844/10097/5606/60/10096/2776/5879/387",31,"Macrophages"
"Human Diseases","Infectious disease: viral","hsa05164","Influenza A","35/536","169/8292",0.207100591715976,3.20387706438223,7.60920777782749,4.67347692194567e-10,1.00323971257767e-08,7.24798877017540e-09,"3553/3576/3122/114548/3113/3117/3115/3123/3127/3119/3606/7099/3111/3108/3109/4261/29108/3383/637/4792/7124/834/4790/3460/4938/3717/3459/4615/4600/60/8795/7187/3665/292/4793",35,"Macrophages"
"Organismal Systems","Immune system","hsa04613","Neutrophil extracellular trap formation","27/536","108/8292",0.25,3.86753731343284,7.88506172568857,6.00970420971006e-10,1.20945297220415e-08,8.73779362069686e-09,"7097/2209/2359/2357/1536/2212/728/4688/64581/2214/7099/718/6850/3684/10105/4689/834/653361/4790/10533/9734/3689/5330/1535/60/292/5879",27,"Macrophages"
"Organismal Systems","Immune system","hsa04062","Chemokine signaling pathway","36/536","190/8292",0.189473684210526,2.9311861743912,7.07899779190437,3.40910276182461e-09,6.45724170180898e-08,4.66508798986526e-08,"6349/3055/6348/2921/3576/2920/1524/4067/58191/9560/2268/59345/4792/6351/409/653361/4790/23533/5058/5330/3717/1794/2885/2771/7454/7074/408/7409/9844/57580/157/2787/2776/5879/4793/387",36,"Macrophages"
"Human Diseases","Immune disease","hsa05310","Asthma","13/536","29/8292",0.448275862068966,6.93489449305198,8.41608431095776,7.74925832463304e-09,1.38625621140658e-07,1.00151233318357e-07,"2207/3122/3113/3117/3115/3123/3127/3119/3111/3108/3109/958/7124",13,"Macrophages"
"Human Diseases","Infectious disease: bacterial","hsa05120","Epithelial cell signaling in Helicobacter pylori infection","20/536","70/8292",0.285714285714286,4.42004264392324,7.55368303626195,8.80876001168808e-09,1.49285301250714e-07,1.07852407899339e-07,"2921/3576/2920/4067/526/1839/4792/4790/5058/6868/9114/9296/535/528/533/527/537/523/10312/5879",20,"Macrophages"
"Human Diseases","Immune disease","hsa05321","Inflammatory bowel disease","19/536","64/8292",0.296875,4.59270055970149,7.58456747507595,1.03364484547547e-08,1.6641682012155e-07,1.20229216236883e-07,"3553/7097/3122/3113/3117/3115/3123/3127/3119/3606/7099/3111/3108/3109/7124/4790/3460/3459/4094",19,"Macrophages"
"Human Diseases","Infectious disease: bacterial","hsa05132","Salmonella infection","41/536","247/8292",0.165991902834008,2.56791951175298,6.5762175118967,1.58085500553336e-08,2.31489311684847e-07,1.67241379151197e-07,"929/3553/7097/3576/114548/3606/7099/23643/4671/29108/4792/7124/834/4790/55207/3071/5058/27128/10095/8767/23191/10376/51429/4074/7879/10094/10092/391/4615/9844/23207/10097/5606/1499/60/10096/8795/5878/5879/302/387",41,"Macrophages"
"Organismal Systems","Immune system","hsa04621","NOD-like receptor signaling pathway","34/536","183/8292",0.185792349726776,2.87423538047468,6.73958226509575,1.58160399287784e-08,2.31489311684847e-07,1.67241379151197e-07,"3553/1536/2921/3576/2920/114548/3606/7099/1508/4671/29108/4792/7124/834/4790/5330/10135/10010/1535/4938/64170/8767/3709/11337/4615/2634/114769/7187/115361/3665/63940/81631/4793/387",34,"Macrophages"
"Organismal Systems","Immune system","hsa04662","B cell receptor signaling pathway","21/536","81/8292",0.259259259259259,4.01077943615257,7.15797828751001,2.50481329167327e-08,3.50673860834258e-07,2.53347248265351e-07,"10288/11006/2213/10859/6850/4067/695/118788/25780/4794/4792/29760/4790/2885/10892/5777/7409/3635/975/5879/4793",21,"Macrophages"
"Human Diseases","Infectious disease: bacterial","hsa05130","Pathogenic Escherichia coli infection","35/536","197/8292",0.177664974619289,2.7485036745208,6.52917318119754,3.19164259565971e-08,4.28212048251011e-07,3.09365356859998e-07,"3553/2212/3576/114548/3606/7099/4671/29108/4792/7124/834/4790/10672/3071/5058/27128/10095/4542/3059/23191/10376/2768/10094/4644/10092/5777/4615/9181/10097/60/10096/8795/5879/4793/387",35,"Macrophages"
"Human Diseases","Infectious disease: bacterial","hsa05133","Pertussis","20/536","76/8292",0.263157894736842,4.07109190887667,7.07027566361272,4.11151673086161e-08,5.29563354934975e-07,3.82587451587544e-07,"712/713/714/929/3553/3576/114548/7099/718/3394/23643/3684/29108/7124/834/4790/3689/2771/4615/387",20,"Macrophages"
"Organismal Systems","Immune system","hsa04659","Th17 cell differentiation","24/536","107/8292",0.224299065420561,3.46994001952853,6.75983205285425,5.37436440211408e-08,6.65594360569513e-07,4.80864183347049e-07,"3553/3122/3113/3117/3115/3123/3127/3119/3111/3108/3109/4794/4792/3570/920/4790/7046/3460/3717/3459/196/3091/861/4793",24,"Macrophages"
"Human Diseases","Infectious disease: viral","hsa05169","Epstein-Barr virus infection","34/536","199/8292",0.170854271356784,2.64314107852696,6.1675627015501,1.35553571300181e-07,1.60471997876357e-06,1.15934329946632e-06,"7097/3122/3113/3117/3115/3123/3127/3119/3111/3108/3109/6850/4067/695/958/3383/4794/637/4792/7124/29760/4790/4938/5925/953/965/4615/5606/4616/7187/9612/3665/5879/4793",34,"Macrophages"
"Human Diseases","Cardiovascular disease","hsa05416","Viral myocarditis","18/536","67/8292",0.26865671641791,4.15615950100245,6.81860202363267,1.39540867718571e-07,1.60471997876357e-06,1.15934329946632e-06,"942/3122/3113/3117/3115/3123/3127/3119/3111/3108/3109/958/3383/637/3689/27/60/5879",18,"Macrophages"
"Human Diseases","Immune disease","hsa05330","Allograft rejection","13/536","36/8292",0.361111111111111,5.58644278606965,7.24952147506341,1.7315713909879e-07,1.92264133757967e-06,1.38902823015727e-06,"942/3122/3113/3117/3115/3123/3127/3119/3111/3108/3109/958/7124",13,"Macrophages"
"Human Diseases","Endocrine and metabolic disease","hsa04940","Type I diabetes mellitus","14/536","42/8292",0.333333333333333,5.15671641791045,7.09929168124693,1.84036128162338e-07,1.97532110894243e-06,1.42708716925883e-06,"3553/942/3122/3113/3117/3115/3123/3127/3119/3111/3108/3109/7124/3329",14,"Macrophages"
"Organismal Systems","Immune system","hsa04620","Toll-like receptor signaling pathway","23/536","106/8292",0.216981132075472,3.35673049845114,6.4193925923249,1.94668220449658e-07,2.02203764467064e-06,1.46083791916382e-06,"929/3553/7097/6349/942/6348/3576/7099/7096/23643/3663/9560/958/4792/7124/6351/4790/1326/4615/5606/7187/3665/5879",23,"Macrophages"
"Human Diseases","Infectious disease: parasitic","hsa05142","Chagas disease","22/536","101/8292",0.217821782178218,3.36973548101079,6.29881781644002,3.34607080227755e-07,3.36698374479178e-06,2.43250541876098e-06,"712/713/714/3553/7097/6349/6348/3576/7099/718/4792/7124/4790/5330/7046/2769/3460/3459/2771/8837/4615/2776",22,"Macrophages"
"Organismal Systems","Immune system","hsa04666","Fc gamma R-mediated phagosome formation","21/536","95/8292",0.221052631578947,3.4197172034564,6.23542269756161,4.77351861955181e-07,4.65779695604752e-06,3.36506416242727e-06,"3055/2209/2212/2213/2214/6850/4067/9846/653361/4082/5058/10095/7454/10094/10092/7409/7408/10097/10096/3635/5879",21,"Macrophages"
"Human Diseases","Immune disease","hsa05332","Graft-versus-host disease","13/536","39/8292",0.333333333333333,5.15671641791045,6.83980515185015,5.08240553398335e-07,4.81333700571364e-06,3.47743536535703e-06,"3553/942/3122/3113/3117/3115/3123/3127/3119/3111/3108/3109/7124",13,"Macrophages"
"Organismal Systems","Immune system","hsa04672","Intestinal immune network for IgA production","14/536","46/8292",0.304347826086957,4.70830629461389,6.62979044123185,6.56184615878914e-07,6.03689846608601e-06,4.3614075220824e-06,"942/3122/3113/3117/3115/3123/3127/3119/3111/10673/3108/8741/3109/958",14,"Macrophages"
"Organismal Systems","Immune system","hsa04640","Hematopoietic cell lineage","21/536","97/8292",0.216494845360825,3.34920757039545,6.11786278427675,6.90204998249071e-07,6.05986049124264e-06,4.37799662819425e-06,"1438/929/3553/1441/1436/2209/3122/3113/3117/3115/945/3123/3127/3119/3111/3108/3109/3684/7124/3570/920",21,"Macrophages"
"Human Diseases","Infectious disease: viral","hsa05168","Herpes simplex virus 1 infection","30/536","175/8292",0.171428571428571,2.65202558635394,5.80637355541123,6.96319373217321e-07,6.05986049124264e-06,4.37799662819425e-06,"3553/7097/29992/3122/3113/3117/3115/3123/3127/3119/3111/972/3108/718/3109/6850/637/4792/7124/4790/3460/4938/3717/64170/5452/3459/4615/1978/7187/3665",30,"Macrophages"
"Cellular Processes","Transport and catabolism","hsa04148","Efferocytosis","28/536","158/8292",0.177215189873418,2.74154543737011,5.81002794762427,8.2284887097323e-07,6.97256148561526e-06,5.03738505498847e-06,"712/713/714/89790/140885/6446/23166/1524/84868/19/3988/5743/558/10461/240/834/1051/5467/3717/6868/4035/7879/5777/3091/29933/9844/5878/5879",28,"Macrophages"
"Human Diseases","Infectious disease: bacterial","hsa05131","Shigellosis","35/536","226/8292",0.154867256637168,2.39581957469291,5.59269772883635,1.01926121197027e-06,8.41543872447245e-06,6.0798037205244e-06,"929/3553/3576/114548/3606/7099/718/4671/29108/4792/7124/834/4790/5330/27128/10095/3059/8767/10892/10094/10092/3709/4615/7321/9844/8878/9181/10097/60/10096/7094/81631/5879/4793/387",35,"Macrophages"
"Organismal Systems","Immune system","hsa04658","Th1 and Th2 cell differentiation","19/536","91/8292",0.208791208791209,3.23003116286698,5.62296233500379,4.15261206091345e-06,3.34285270903533e-05,2.41507175121546e-05,"3122/3113/3117/3115/3123/3127/3119/3111/3108/3109/4794/4792/920/4790/3460/3717/3459/4094/4793",19,"Macrophages"
"Cellular Processes","Cell growth and death","hsa04216","Ferroptosis","12/536","41/8292",0.292682926829268,4.52784856206771,5.95272090716352,6.5803442454935e-06,5.16797767572904e-05,3.73364846791801e-05,"1536/3162/2512/30061/10533/2495/6303/5621/8031/2180/2879/81631",12,"Macrophages"
"Human Diseases","Infectious disease: parasitic","hsa05144","Malaria","13/536","49/8292",0.26530612244898,4.10432531221444,5.72914175959526,9.01954785744019e-06,6.91498669070414e-05,4.9957896653992e-05,"3553/7097/3576/3606/7099/958/3383/7124/3689/4035/2995/4615/975",13,"Macrophages"
"Organismal Systems","Immune system","hsa04611","Platelet activation","22/536","124/8292",0.17741935483871,2.74470389985556,5.1456668165119,1.22134131503762e-05,9.14585821958402e-05,6.60750136164782e-05,"2212/2207/6850/4067/695/6916/5742/3937/10672/23533/5330/8673/2771/83706/3709/7408/8773/60/54518/7094/2776/387",22,"Macrophages"
"Human Diseases","Infectious disease: viral","hsa05167","Kaposi sarcoma-associated herpesvirus infection","29/536","194/8292",0.149484536082474,2.31254808432066,4.86288672605807,1.74821044218722e-05,0.000127937218723701,9.24293080677934e-05,"3055/942/2921/3576/2920/718/6850/4067/5743/3383/59345/637/4792/4790/23533/7422/3717/3459/5925/64422/3709/3091/57580/1499/7187/3665/2787/81631/5879",29,"Macrophages"
"Human Diseases","Cardiovascular disease","hsa05418","Fluid shear stress and atherosclerosis","23/536","137/8292",0.167883211678832,2.59717834186731,4.95528531745483,1.98601494470847e-05,0.000142110402710251,0.00010266884275569,"3553/4688/3162/1514/3383/7124/653361/4790/7422/4205/1535/9446/4208/4780/1843/6612/2950/8878/9181/1499/60/5879/387",23,"Macrophages"
"Organismal Systems","Endocrine system","hsa04928","Parathyroid hormone synthesis, secretion and action","20/536","114/8292",0.175438596491228,2.71406127258445,4.84420113815807,3.58014731424772e-05,0.00025061031199734,0.00018105550490818,"6446/9586/9935/1839/409/10672/5330/4205/4208/2771/2768/3709/5141/408/9943/4929/11214/5142/2776/387",20,"Macrophages"
"Human Diseases","Infectious disease: viral","hsa05163","Human cytomegalovirus infection","31/536","223/8292",0.139013452914798,2.15055886486848,4.57844887416072,3.89555774822467e-05,0.000266887147857094,0.000192814840393651,"3553/6349/6348/3576/9586/9560/5743/59345/637/4792/7124/3570/6351/4790/10672/5330/7422/2885/5925/2771/2768/3709/1978/11214/1499/3587/3588/2787/2776/5879/387",31,"Macrophages"
"Metabolism","Glycan biosynthesis and metabolism","hsa00511","Other glycan degradation","7/536","17/8292",0.411764705882353,6.37006145741879,5.82621715549782,4.98592665730141e-05,0.000334472579927303,0.000241642498084125,"4126/4125/3073/3074/2720/4758/2519",7,"Macrophages"
"Cellular Processes","Cell growth and death","hsa04210","Apoptosis","22/536","136/8292",0.161764705882353,2.50252414398595,4.64428921923347,5.39674953981986e-05,0.000354643541188162,0.000256215176863628,"597/1522/1520/1508/1509/1514/1512/637/4792/7124/1075/4790/7185/9451/10376/2081/8837/5366/3709/4616/60/8795",22,"Macrophages"
"Organismal Systems","Immune system","hsa04664","Fc epsilon RI signaling pathway","14/536","66/8292",0.212121212121212,3.28154681139756,4.89185923079382,6.36544796161375e-05,0.000409934848727925,0.000296160842003503,"2207/6850/4067/695/9846/3937/240/7124/2885/241/7409/5606/3635/5879",14,"Macrophages"
"Human Diseases","Infectious disease: parasitic","hsa05146","Amoebiasis","18/536","101/8292",0.178217821782178,2.75705630264519,4.67030081301271,7.05647236876427e-05,0.000445526294655313,0.000321874178224335,"929/3553/7097/2921/3576/2920/7099/3684/7124/5272/4790/3689/5330/2769/7879/5878/5052/2776",18,"Macrophages"
"Human Diseases","Immune disease","hsa05320","Autoimmune thyroid disease","12/536","51/8292",0.235294117647059,3.64003511852502,4.97132077815023,7.29161929353346e-05,0.000451519502407264,0.000326204021026497,"942/3122/3113/3117/3115/3123/3127/3119/3111/3108/3109/958",12,"Macrophages"
"Human Diseases","Cancer: overview","hsa05202","Transcriptional misregulation in cancer","25/536","179/8292",0.139664804469274,2.16063537063287,4.12665850832935,0.000200856522351208,0.00122029811692621,0.00088161452710262,"929/1436/942/2209/6688/3576/5328/597/3684/1050/958/1051/55589/4790/8013/7185/4005/4208/64332/5966/4094/3398/861/1848/4616",25,"Macrophages"
"Organismal Systems","Excretory system","hsa04966","Collecting duct acid secretion","8/536","27/8292",0.296296296296296,4.58374792703151,4.90303349445608,0.000214233669860674,0.00127746743879883,0.000922916979321811,"526/9114/9296/535/528/527/523/10312",8,"Macrophages"
"Human Diseases","Endocrine and metabolic disease","hsa04936","Alcoholic liver disease","21/536","141/8292",0.148936170212766,2.30406478247063,4.10553943953811,0.000263360099548037,0.0015418536737176,0.00111392501435629,"712/713/714/929/3553/728/2921/3576/2920/7099/719/718/23643/4792/7124/217/4790/4615/5606/1499/7187",21,"Macrophages"
"Human Diseases","Infectious disease: bacterial","hsa05110","Vibrio cholerae infection","11/536","50/8292",0.22,3.4034328358209,4.48092463474794,0.000274911481699085,0.00158074101976974,0.00114201950104319,"526/9114/9296/535/528/533/527/537/523/60/10312",11,"Macrophages"
"Human Diseases","Cancer: specific types","hsa05221","Acute myeloid leukemia","13/536","67/8292",0.194029850746269,3.00167075072399,4.32443171113434,0.000297539145151741,0.00168083517085721,0.00121433335325087,"929/1436/2209/6688/597/3684/1050/4790/5467/2885/861/1848/1978",13,"Macrophages"
"Organismal Systems","Immune system","hsa04650","Natural killer cell mediated cytotoxicity","19/536","123/8292",0.154471544715447,2.3896978522024,4.08183500904705,0.000318273185990137,0.00176696492911766,0.00127655851368095,"2207/7305/2214/6850/3383/7462/637/3937/7124/3689/5058/3460/3459/2885/6452/5777/7409/8795/5879",19,"Macrophages"
"Organismal Systems","Immune system","hsa04625","C-type lectin receptor signaling pathway","17/536","104/8292",0.163461538461538,2.52877439724455,4.12418469037953,0.000329478665266517,0.00179817169857319,0.00129910410390545,"3553/2207/64581/114548/6850/5743/29108/4792/7124/834/4790/5058/64170/10892/3709/4046/387",17,"Macrophages"
"Organismal Systems","Immune system","hsa04610","Complement and coagulation cascades","15/536","87/8292",0.172413793103448,2.6672671127123,4.1095329742819,0.000405669483237814,0.00217709289337627,0.00157285887360626,"11326/712/713/714/2162/728/5265/3687/5329/5328/719/718/3684/3689/1675",15,"Macrophages"
"Cellular Processes","Cell growth and death","hsa04217","Necroptosis","20/536","137/8292",0.145985401459854,2.25841594944983,3.90426661450296,0.00047867446368251,0.00252677339845522,0.00182548846374175,"3553/1536/114548/7099/2512/29108/57132/637/7124/834/2752/2495/3460/3717/3459/8837/8878/8795/128866/292",20,"Macrophages"
"Environmental Information Processing","Signaling molecules and interaction","hsa04061","Viral protein interaction with cytokine and cytokine receptor","16/536","98/8292",0.163265306122449,2.52573865367042,3.9940376937786,0.000496416162537411,0.00257816136027494,0.00186261412429147,"6349/1436/6348/2921/3576/2920/3606/1524/9560/7124/3570/6351/7133/8795/3587/3588",16,"Macrophages"
"Environmental Information Processing","Signal transduction","hsa04668","TNF signaling pathway","18/536","118/8292",0.152542372881356,2.35985327599292,3.91095384827503,0.00053073645186331,0.00271265297619025,0.00195977871114105,"3553/2921/2920/9586/5743/3383/4792/7124/1051/4790/1326/79651/7185/6868/8837/7133/5606/7187",18,"Macrophages"
"Human Diseases","Infectious disease: viral","hsa05171","Coronavirus disease","28/536","228/8292",0.12280701754386,1.89984289080911,3.62181118864454,0.000739229257302074,0.00371924720080106,0.0026870010832855,"712/713/714/3553/7097/2162/1536/2212/728/3576/114548/7099/719/718/6850/1839/4792/7124/3570/834/4790/4938/6868/1675/4615/4600/7187/4793",28,"Macrophages"
"Cellular Processes","Transport and catabolism","hsa04140","Autophagy - animal","22/536","165/8292",0.133333333333333,2.06268656716418,3.62450735503893,0.000905448928837651,0.00448545469362652,0.00324055406110317,"1508/1509/1514/1612/8417/203228/10533/10010/8673/9451/2081/8837/64422/7879/3091/11337/89849/8878/3920/64419/7405/81631",22,"Macrophages"
"Environmental Information Processing","Signal transduction","hsa04015","Rap1 signaling pathway","26/536","210/8292",0.123809523809524,1.91535181236674,3.53187416765735,0.00100202653344909,0.00488867490561524,0.00353186385793059,"1436/2357/3684/26037/25780/3937/9732/3689/5330/7422/2889/2771/83593/2533/7074/7409/7408/5606/1499/60/7423/54518/7094/2776/5879/387",26,"Macrophages"
"Human Diseases","Infectious disease: bacterial","hsa05100","Bacterial invasion of epithelial cells","13/536","77/8292",0.168831168831169,2.6118433805001,3.73535059992901,0.0011899326261962,0.00571878068112206,0.00413158068168674,"10095/3059/10094/10092/391/9844/10097/1499/60/10096/867/5879/387",13,"Macrophages"
"Cellular Processes","Transport and catabolism","hsa04144","Endocytosis","29/536","249/8292",0.116465863453815,1.80174429059522,3.37670769337351,0.00139664221637643,0.00661351167166485,0.00477798652970883,"2350/1601/11031/57132/409/116985/7046/27128/9765/10095/7879/10094/6643/10092/3303/408/3310/10097/10096/3304/128866/5878/157/867/1175/8724/830/64744/387",29,"Macrophages"
"Human Diseases","Cancer: overview","hsa05235","PD-L1 expression and PD-1 checkpoint pathway in cancer","14/536","89/8292",0.157303370786517,2.43350662418246,3.5741708121737,0.00159016655778269,0.00742077726965254,0.00536120227719258,"7097/7099/4794/4792/920/4790/3460/3717/3459/5777/3091/4615/5606/4793",14,"Macrophages"
"Organismal Systems","Immune system","hsa04623","Cytosolic DNA-sensing pathway","13/536","80/8292",0.1625,2.51389925373134,3.57671594058372,0.00170864128692975,0.00785974991987683,0.00567834172047329,"3553/114548/3606/9560/29108/4792/834/6351/4790/25939/1777/3665/4793",13,"Macrophages"
"Organismal Systems","Immune system","hsa04670","Leukocyte transendothelial migration","16/536","114/8292",0.140350877192982,2.17124901806756,3.31013010861305,0.00259085422264628,0.0117408437954787,0.00848227028048639,"1536/4688/3684/3383/4689/653361/3689/1535/2771/83593/7409/7408/1499/60/5879/387",16,"Macrophages"
"Environmental Information Processing","Signaling molecules and interaction","hsa04514","Cell adhesion molecule (CAM) interaction","20/536","157/8292",0.127388535031847,1.97071965015686,3.22798732582643,0.00264872692890205,0.0117408437954787,0.00848227028048639,"942/3122/3113/3117/3115/3123/3127/3119/3111/3108/3109/3684/958/3383/120425/920/3689/64115/965/214",20,"Macrophages"
"Metabolism","Glycan biosynthesis and metabolism","hsa00603","Glycosphingolipid biosynthesis - globo and isoglobo series","5/536","16/8292",0.3125,4.83442164179105,4.03567857998581,0.00266174409027933,0.0117408437954787,0.00848227028048639,"2717/4668/3073/3074/6482",5,"Macrophages"
"Environmental Information Processing","Signal transduction","hsa04010","MAPK signaling pathway","32/536","299/8292",0.107023411371237,1.65566814755653,3.03551040584603,0.00320407404438008,0.0139420519228431,0.0100725514055192,"929/3553/1436/25780/7124/409/4790/1326/5058/7422/7046/4208/2885/8682/7867/1845/2768/6195/1843/3303/4615/408/1848/3310/51347/10746/5606/4616/3304/7423/4296/5879",32,"Macrophages"
"Human Diseases","Infectious disease: viral","hsa05166","Human T-cell leukemia virus 1 infection","25/536","221/8292",0.113122171945701,1.75001688390626,2.97077975366822,0.00428898001562632,0.018414020867089,0.0133033625747848,"6688/3122/3113/3117/3115/3123/3127/3119/3111/3108/3109/9586/958/3383/4792/7124/920/4790/3689/7046/5925/2114/706/292/7094",25,"Macrophages"
"Environmental Information Processing","Signaling molecules and interaction","hsa04060","Cytokine-cytokine receptor interaction","31/536","296/8292",0.10472972972973,1.62018455022186,2.85625750199753,0.00509166990084081,0.0215726014219834,0.0155853053751499,"1438/3553/1441/6349/1436/6348/2921/3576/2920/3606/10673/8741/5008/1524/58191/9560/958/7124/3570/6351/920/3597/7046/3460/3459/84957/8742/7133/8795/3587/3588",31,"Macrophages"
NA,NA,"hsa04156","Integrated stress response (ISR) signaling pathway","9/536","52/8292",0.173076923076923,2.67752583237658,3.18987918591813,0.00556922927220526,0.0229909208416679,0.0166099820399104,"84919/9451/5366/22809/11337/23645/8795/3329/400916",9,"Macrophages"
"Organismal Systems","Digestive system","hsa04979","Cholesterol metabolism","9/536","52/8292",0.173076923076923,2.67752583237658,3.18987918591813,0.00556922927220526,0.0229909208416679,0.0166099820399104,"341/348/19/3988/10577/5360/4035/706/6646",9,"Macrophages"
"Metabolism","Glycan biosynthesis and metabolism","hsa00531","Glycosaminoglycan degradation","5/536","19/8292",0.263157894736842,4.07109190887667,3.52293843980647,0.00602999947804777,0.0245779725560935,0.0177565607548109,"3073/3074/2799/2720/2990",5,"Macrophages"
"Metabolism","Lipid metabolism","hsa00600","Sphingolipid metabolism","9/536","54/8292",0.166666666666667,2.57835820895522,3.05885233206159,0.00717908665178412,0.0288958237734311,0.0208760282900565,"5660/2717/2760/427/3073/3074/2720/4758/55331",9,"Macrophages"
"Human Diseases","Infectious disease: parasitic","hsa05143","African trypanosomiasis","7/536","36/8292",0.194444444444444,3.00808457711443,3.17406167362437,0.00732392731144497,0.0291148715343862,0.0210342811673728,"3553/3606/3383/7124/5330/4615/2776",7,"Macrophages"
"Environmental Information Processing","Signaling molecules and interaction","hsa04517","IgSF CAM signaling","30/536","296/8292",0.101351351351351,1.56792053247277,2.61555577421832,0.00915402818871101,0.0359463058142067,0.0259697076983971,"942/3687/8828/23136/57823/3684/4067/3383/120425/3937/57522/8832/2037/3689/5058/10095/2885/10376/10094/10092/5777/7409/10097/4155/1499/60/10096/3635/5879/387",30,"Macrophages"
"Environmental Information Processing","Signal transduction","hsa04022","cGMP-PKG signaling pathway","19/536","164/8292",0.115853658536585,1.7922733891518,2.69384186419731,0.00933845235188754,0.0362286946663589,0.0261737218740285,"6546/9586/10105/5997/10672/23533/5330/4205/483/4208/490/2771/2768/481/3709/7408/292/2776/387",19,"Macrophages"
"Human Diseases","Cancer: overview","hsa05205","Proteoglycans in cancer","22/536","200/8292",0.11,1.70171641791045,2.64067923719124,0.00980972248400151,0.0376039361886725,0.0271672765534378,"7097/5329/5328/7099/1514/1839/7124/5058/7422/3059/2885/5777/3709/3091/7074/7409/967/1499/60/867/5879/387",22,"Macrophages"
"Organismal Systems","Nervous system","hsa04721","Synaptic vesicle cycle","11/536","78/8292",0.141025641025641,2.1816877152698,2.7563833949324,0.0111414329056351,0.0422063693601705,0.0304923426891065,"6507/526/9114/9296/535/528/533/527/523/10312/1175",11,"Macrophages"
"Human Diseases","Infectious disease: viral","hsa05162","Measles","16/536","134/8292",0.119402985074627,1.84718200044553,2.59898768060265,0.012425390886357,0.0465229751791506,0.0336109104759473,"3553/7097/2213/7099/637/4792/4790/4938/3303/4615/3310/4600/3304/7187/3665/4793",16,"Macrophages"
"Metabolism","Glycan biosynthesis and metabolism","hsa00604","Glycosphingolipid biosynthesis - ganglio series","4/536","15/8292",0.266666666666667,4.12537313432836,3.18476930460649,0.0132937707931105,0.0492022321308229,0.03554656195133,"3073/3074/2720/6482",4,"Macrophages"
"Environmental Information Processing","Signal transduction","hsa04071","Sphingolipid signaling pathway","15/536","124/8292",0.120967741935484,1.87138902262879,2.56999344036826,0.0136090451950587,0.0497967335546468,0.0359760644510524,"2207/1509/9846/637/427/7124/4790/10672/5330/2771/2768/8439/2776/5879/387",15,"Macrophages"
"Organismal Systems","Development and regeneration","hsa04380","Osteoclast differentiation","27/436","132/8292",0.204545454545455,3.89011676396998,7.88502800505072,7.35427720098445e-10,2.32395159551109e-07,1.72631980612582e-07,"1435/4286/695/5594/7006/4790/4792/4772/2354/8061/4689/5971/5336/6850/3708/489/7305/4791/8878/2355/5290/1540/6688/23118/3460/488/3937",27,"Mast cells"
"Organismal Systems","Immune system","hsa04664","Fc epsilon RI signaling pathway","18/436","66/8292",0.272727272727273,5.18682235195997,8.04466778494351,4.39112385070544e-09,6.93797568411459e-07,5.15379273003848e-07,"2206/240/2205/695/5594/2207/5578/241/7409/5336/6850/10451/5880/5290/27040/5606/4067/3937",18,"Mast cells"
"Environmental Information Processing","Signal transduction","hsa04064","NF-kappa B signaling pathway","20/436","102/8292",0.196078431372549,3.72908796546141,6.53313502459046,2.55493123245996e-07,2.6911942315245e-05,1.99912163101253e-05,"695/5743/4790/4792/597/3383/330/5579/5971/5336/6850/4791/27040/1540/4067/23118/7187/329/4616/23085",20,"Mast cells"
"Organismal Systems","Immune system","hsa04662","B cell receptor signaling pathway","17/436","81/8292",0.209876543209877,3.99150526673462,6.373532723987,7.47007205331362e-07,5.90135692211776e-05,4.38375281023404e-05,"933/695/5594/4790/4792/4772/7409/5579/5336/6850/10451/5880/118788/5290/4067/4793/5777",17,"Mast cells"
"Organismal Systems","Immune system","hsa04650","Natural killer cell mediated cytotoxicity","21/436","123/8292",0.170731707317073,3.24703513090177,5.91458033358113,1.43104317219309e-06,7.79229348159592e-05,5.78841254628877e-05,"5058/5594/7462/2207/4772/5578/3383/673/7409/5579/5336/6850/7305/10451/5880/5290/27040/3460/3937/5777/8743",21,"Mast cells"
"Organismal Systems","Immune system","hsa04625","C-type lectin receptor signaling pathway","19/436","104/8292",0.182692307692308,3.47450599858857,5.98221790583546,1.58770611369285e-06,7.79229348159592e-05,5.78841254628877e-05,"5058/5743/5594/2207/4790/4792/4772/1960/5971/5336/6850/3708/4791/1263/5290/1540/602/29108/808",19,"Mast cells"
"Organismal Systems","Immune system","hsa04666","Fc gamma R-mediated phagosome formation","18/436","95/8292",0.189473684210526,3.60347658136166,6.01220769906351,1.72614096111302e-06,7.79229348159592e-05,5.78841254628877e-05,"5058/5594/5578/7409/5579/5336/85477/6850/10451/5880/5290/27040/4067/5581/3985/4651/10096/998",18,"Mast cells"
"Human Diseases","Infectious disease: bacterial","hsa05135","Yersinia infection","22/436","136/8292",0.161764705882353,3.07649757150567,5.75185908861047,2.05972254015732e-06,8.13590403362142e-05,6.04365955861951e-05,"5594/3606/4790/4792/4772/7409/9844/147179/10451/5880/5290/27040/5606/23118/3937/29108/6197/391/2776/8935/10096/998",22,"Mast cells"
"Environmental Information Processing","Signal transduction","hsa04010","MAPK signaling pathway","36/436","299/8292",0.120401337792642,2.28983461691878,5.35131703197864,2.34340600388e-06,8.22795885806755e-05,6.11204139023672e-05,"3815/115727/4914/1435/1848/5058/5594/11221/7422/4790/4772/5578/673/1326/5579/5971/9693/9252/4791/374/3164/5880/5606/23118/9448/5778/408/3925/6197/5921/6789/10746/4616/3303/409/998",36,"Mast cells"
"Environmental Information Processing","Signal transduction","hsa04015","Rap1 signaling pathway","28/436","210/8292",0.133333333333333,2.53577981651376,5.31037444162491,4.59806155695525e-06,0.000145298745199786,0.000107933444968529,"3815/1435/5594/7422/3684/23683/5578/673/83593/7409/7074/5579/9693/5330/10451/5880/26037/5290/27040/5606/5899/113/3937/8631/2776/7094/808/998",28,"Mast cells"
"Environmental Information Processing","Signal transduction","hsa04668","TNF signaling pathway","19/436","118/8292",0.161016949152542,3.0622764733323,5.31516240698163,1.09988988307605e-05,0.000315968366410937,0.000234713343469817,"3976/8809/1435/5743/5594/4790/4792/3383/330/1326/9252/5290/5606/1540/23118/602/7187/64764/329",19,"Mast cells"
"Organismal Systems","Digestive system","hsa04972","Pancreatic secretion","17/436","101/8292",0.168316831683168,3.20110818421292,5.24299661524916,1.75506454247054e-05,0.000458978214887757,0.000340946508727414,"1359/480/5874/3784/5578/5579/483/5330/3708/489/6548/6522/488/113/2776/952/8766",17,"Mast cells"
"Organismal Systems","Immune system","hsa04062","Chemokine signaling pathway","25/436","190/8292",0.131578947368421,2.50241429261226,4.93533176476271,1.8882015169433e-05,0.000458978214887757,0.000340946508727414,"146850/5058/5594/4790/4792/673/7409/7074/5579/9844/5336/5330/10451/5880/1794/5290/4067/58191/4793/113/408/2782/2776/409/998",25,"Mast cells"
"Human Diseases","Cardiovascular disease","hsa05417","Lipid and atherosclerosis","26/436","214/8292",0.121495327102804,2.3106404870102,4.57598409933827,5.24444778115798e-05,0.00118374678488994,0.000879332221953555,"5594/3606/19/4790/4792/4772/5578/3383/7409/4689/5330/3708/10451/4780/5290/5606/9451/4067/23118/7187/29108/3303/3326/8743/808/998",26,"Mast cells"
"Human Diseases","Cancer: overview","hsa05202","Transcriptional misregulation in cancer","23/436","179/8292",0.128491620111732,2.44369842652862,4.60000417085989,5.93373840226483e-05,0.00125004089007713,0.000928578009617585,"4914/4286/1848/55589/3248/4066/4790/64332/597/3684/330/5087/5966/5914/8013/3398/6688/4298/861/2120/329/4616/1655",23,"Mast cells"
"Organismal Systems","Immune system","hsa04611","Platelet activation","18/436","124/8292",0.145161290322581,2.76072802604321,4.65362324321828,7.7533686206879e-05,0.00148895646385029,0.00110605360239379,"5742/5023/146850/695/6916/5594/2207/5336/5330/6850/3708/5290/4067/113/3937/2776/7094/83706",18,"Mast cells"
"Cellular Processes","Cell growth and death","hsa04210","Apoptosis","19/436","136/8292",0.139705882352941,2.65697517539126,4.58978996795332,8.39270143601792e-05,0.00148895646385029,0.00110605360239379,"4914/1439/5594/4000/4790/4792/597/7846/330/143/4001/3708/5290/1509/9451/4170/329/4616/8743",19,"Mast cells"
"Human Diseases","Cancer: overview","hsa05206","MicroRNAs in cancer","21/436","160/8292",0.13125,2.49615825688073,4.50178557086691,9.08574860400957e-05,0.00148895646385029,0.00110605360239379,"5743/5594/7422/4790/960/9839/5578/5579/5336/4363/9252/7431/54541/5290/5581/2744/3925/27086/4170/11186/7078",21,"Mast cells"
"Environmental Information Processing","Signal transduction","hsa04014","Ras signaling pathway","27/436","234/8292",0.115384615384615,2.19442484121383,4.36615439534672,9.28529938306013e-05,0.00148895646385029,0.00110605360239379,"3815/115727/4914/1435/5058/5594/7422/4790/5578/83593/7074/5579/5966/5336/5880/253959/5290/27040/22821/5899/2782/5921/6789/11186/5868/808/998",27,"Mast cells"
"Human Diseases","Infectious disease: bacterial","hsa05132","Salmonella infection","28/436","247/8292",0.11336032388664,2.15592615978903,4.34471716358343,9.42377508766007e-05,0.00148895646385029,0.00110605360239379,"5058/5594/3606/4790/4792/29109/7846/330/9844/27128/5290/5606/23118/79026/55207/64746/29108/3840/391/329/4074/5868/399/3071/3326/8743/10096/998",28,"Mast cells"
"Human Diseases","Cancer: specific types","hsa05221","Acute myeloid leukemia","12/436","67/8292",0.17910447761194,3.40627139531699,4.65864933182477,0.00016423431828965,0.00247133545616806,0.00183580215431538,"3815/1848/5594/5467/4790/597/3684/673/5914/5290/6688/861",12,"Mast cells"
"Human Diseases","Cancer: overview","hsa05205","Proteoglycans in cancer","23/436","200/8292",0.115,2.18711009174312,4.00335425735677,0.000320035728983001,0.0045968768344831,0.0034147352901057,"5058/5594/7422/960/5578/673/3685/7409/7074/5579/5336/3091/3708/10451/6548/5290/5329/967/5777/7078/4478/1655/998",23,"Mast cells"
"Organismal Systems","Immune system","hsa04659","Th17 cell differentiation","15/436","107/8292",0.14018691588785,2.66612363885793,4.08635165890412,0.000445211874786552,0.00611682401880654,0.00454380998065908,"5594/4088/3566/4790/4792/4772/3570/5914/3091/196/27040/861/3460/4793/3326",15,"Mast cells"
"Organismal Systems","Immune system","hsa04660","T cell receptor signaling pathway","16/436","120/8292",0.133333333333333,2.53577981651376,3.99209956776859,0.000514727039628995,0.0067772393551151,0.0050343916595292,"5058/5594/7006/9402/4790/4792/4772/1326/7409/10451/5290/27040/4793/3937/5777/998",16,"Mast cells"
"Organismal Systems","Digestive system","hsa04971","Gastric acid secretion","12/436","76/8292",0.157894736842105,3.00289715113472,4.13219867857103,0.000553092279093077,0.00685819915485051,0.00509453168398289,"480/3784/5578/5579/483/5330/3708/6548/6522/113/2776/808",12,"Mast cells"
"Organismal Systems","Endocrine system","hsa04925","Aldosterone synthesis and secretion","14/436","98/8292",0.142857142857143,2.71690694626474,4.0277061723539,0.000564282208943396,0.00685819915485051,0.00509453168398289,"480/23683/5578/5579/483/5330/3708/3164/5581/113/64764/2776/4929/808",14,"Mast cells"
"Human Diseases","Infectious disease: bacterial","hsa05131","Shigellosis","24/436","226/8292",0.106194690265487,2.01964764147114,3.66118095515756,0.000771256165212375,0.00902655363730038,0.00670526802504326,"5594/3606/4790/4792/960/9181/9844/5336/5330/27128/3708/9252/8878/5290/23118/5581/10318/4793/4735/29108/7314/7094/10096/998",24,"Mast cells"
"Organismal Systems","Endocrine system","hsa04928","Parathyroid hormone synthesis, secretion and action","15/436","114/8292",0.131578947368421,2.50241429261226,3.8050865866157,0.000878478540117912,0.00991425780990215,0.00736468851301859,"5594/5578/673/5141/6446/5579/11214/5330/3708/113/408/64764/2776/4929/409",15,"Mast cells"
"Organismal Systems","Digestive system","hsa04970","Salivary secretion","13/436","93/8292",0.139784946236559,2.65847883989346,3.7889330440365,0.00108392835312466,0.0118110813650825,0.00877372133382212,"480/154/5578/5579/483/5330/3708/6548/6522/113/2776/952/808",13,"Mast cells"
"Human Diseases","Infectious disease: parasitic","hsa05140","Leishmaniasis","11/436","74/8292",0.148648648648649,2.82705182246467,3.71902948967787,0.00155447504581451,0.0158460082968971,0.0117710188214792,"5743/5594/4790/4792/3684/5579/4689/23118/3460/4793/5777",11,"Mast cells"
"Environmental Information Processing","Signal transduction","hsa04024","cAMP signaling pathway","23/436","224/8292",0.102678571428571,1.95277686762779,3.40547921242342,0.00155451347216395,0.0158460082968971,0.0117710188214792,"480/5058/5594/4790/4792/154/4772/673/5141/7409/7074/483/489/10451/5880/6548/5290/488/113/5139/64764/10257/808",23,"Mast cells"
"Environmental Information Processing","Signaling molecules and interaction","hsa04517","IgSF CAM signaling","28/436","296/8292",0.0945945945945946,1.79903297793206,3.29776824406234,0.00177520659877605,0.0175301651629135,0.0130220747212849,"5058/2036/5594/10580/3684/3687/5578/3383/8832/7846/7204/7409/5579/5336/9693/10451/5376/8828/5290/2037/4067/3937/5921/5777/4478/10096/23085/998",28,"Mast cells"
"Human Diseases","Cancer: specific types","hsa05212","Pancreatic cancer","11/436","76/8292",0.144736842105263,2.75265572187349,3.61592289140385,0.00193816373249994,0.0185593860445449,0.0137866192136359,"9459/5594/7422/4088/4790/673/5880/5290/5899/4616/998",11,"Mast cells"
"Environmental Information Processing","Signal transduction","hsa04071","Sphingolipid signaling pathway","15/436","124/8292",0.120967741935484,2.30060668836934,3.4375175641875,0.00207967995301017,0.0192020228224836,0.0142639943018449,"2206/2205/5594/2207/4790/5578/5579/4363/5330/5880/5290/1509/5581/427/2776",15,"Mast cells"
"Human Diseases","Endocrine and metabolic disease","hsa04933","AGE-RAGE signaling pathway in diabetic complications","13/436","100/8292",0.13,2.47238532110092,3.48957447963155,0.00212680632527508,0.0192020228224836,0.0142639943018449,"5594/7422/4088/4790/4772/5578/3383/5579/5336/5330/5290/5581/998",13,"Mast cells"
"Organismal Systems","Excretory system","hsa04960","Aldosterone-regulated sodium reabsorption","7/436","36/8292",0.194444444444444,3.6980122324159,3.82169731693545,0.00234099403835376,0.0202528648798064,0.0150445998274378,"480/5594/5578/6446/5579/483/5290",7,"Mast cells"
"Environmental Information Processing","Signal transduction","hsa04022","cGMP-PKG signaling pathway","18/436","164/8292",0.109756097560976,2.08737972700828,3.31327339477474,0.00237137974858492,0.0202528648798064,0.0150445998274378,"6547/480/146850/5594/154/4772/483/5330/3708/489/5997/5581/488/113/5139/64764/2776/808",18,"Mast cells"
"Organismal Systems","Immune system","hsa04670","Leukocyte transendothelial migration","14/436","114/8292",0.12280701754386,2.33558667310478,3.38257094603215,0.00251275102381133,0.020589212895793,0.0152944519512386,"3684/5578/3383/83593/7409/5579/4689/5336/10451/5880/5290/399/4478/998",14,"Mast cells"
"Organismal Systems","Circulatory system","hsa04261","Adrenergic signaling in cardiomyocytes","17/436","152/8292",0.111842105263158,2.12705214872043,3.30369212160731,0.00254107374346812,0.020589212895793,0.0152944519512386,"6547/480/146850/5594/3784/154/5578/483/5330/489/9252/6548/488/113/64764/2776/808",17,"Mast cells"
"Environmental Information Processing","Signal transduction","hsa04370","VEGF signaling pathway","9/436","58/8292",0.155172413793103,2.95112306232205,3.51268489005159,0.00302485188993313,0.0238963299304717,0.017751104511976,"5743/5594/7422/5578/5579/5336/5880/5290/998",9,"Mast cells"
"Human Diseases","Infectious disease: viral","hsa05164","Influenza A","18/436","169/8292",0.106508875739645,2.02562293035123,3.17335612251007,0.00329434255312776,0.0253905426045944,0.0188610626276634,"64499/7177/23430/5594/3606/4790/4792/5578/3383/5579/5290/3460/4793/4928/7187/29108/8766/8743",18,"Mast cells"
"Organismal Systems","Nervous system","hsa04722","Neurotrophin signaling pathway","14/436","119/8292",0.117647058823529,2.23745277927685,3.20300289698252,0.0037434804272336,0.0280167437995429,0.0208119049543573,"4914/5594/4790/4792/673/10019/5336/9252/5290/4793/6197/4145/808/998",14,"Mast cells"
"Cellular Processes","Transport and catabolism","hsa04148","Efferocytosis","17/436","158/8292",0.107594936708861,2.04627801649054,3.12802002484136,0.00381240501069729,0.0280167437995429,0.0208119049543573,"240/5743/5594/5467/19/84868/4772/23166/6446/3685/5087/9844/3091/489/488/5868/5777",17,"Mast cells"
"Human Diseases","Infectious disease: viral","hsa05169","Epstein-Barr virus infection","20/436","199/8292",0.100502512562814,1.91139182149279,3.06565204138604,0.00393918669649103,0.0280379014786549,0.020827621684677,"695/4790/4792/960/3383/5971/5336/6850/7431/4791/965/5290/5606/4067/23118/9612/4793/5707/7187/4616",20,"Mast cells"
"Cellular Processes","Cell motility","hsa04810","Regulation of actin cytoskeleton","22/436","227/8292",0.0969162995594714,1.84318797235582,3.03445785807328,0.00399273913461858,0.0280379014786549,0.020827621684677,"5058/3680/9459/5594/3684/3687/673/3685/7409/7074/85477/10451/5880/6548/5290/221178/3985/200576/3071/4478/10096/998",22,"Mast cells"
"Human Diseases","Cancer: specific types","hsa05223","Non-small cell lung cancer","10/436","72/8292",0.138888888888889,2.6414373088685,3.29534284316291,0.00416967811546359,0.0286438757497064,0.021277762465638,"5594/5578/673/83593/5579/5336/5290/6789/11186/4616",10,"Mast cells"
"Organismal Systems","Endocrine system","hsa04919","Thyroid hormone signaling pathway","14/436","121/8292",0.115702479338843,2.20047008871029,3.13366371026896,0.00435647741386676,0.0292903587825935,0.0217579946985954,"480/5594/5578/3685/5579/5336/483/5330/3091/489/6548/5290/9969/488",14,"Mast cells"
"Organismal Systems","Immune system","hsa04640","Hematopoietic cell lineage","12/436","97/8292",0.123711340206186,2.35278539676535,3.1570848882138,0.00469456821050588,0.0302751745820379,0.0224895534037124,"3815/933/1435/945/3568/3566/960/3684/3570/951/952/928",12,"Mast cells"
"Organismal Systems","Sensory system","hsa04750","Inflammatory mediator regulation of TRP channels","12/436","97/8292",0.123711340206186,2.35278539676535,3.1570848882138,0.00469456821050588,0.0302751745820379,0.0224895534037124,"4914/5578/5579/5336/5330/3708/5290/5606/5581/113/2776/808",12,"Mast cells"
"Organismal Systems","Nervous system","hsa04726","Serotonergic synapse","13/436","111/8292",0.117117117117117,2.22737416315398,3.06677020189403,0.00532592555531125,0.0332932197028531,0.0247314723309002,"6571/5742/240/5743/5594/4129/5578/673/5579/5330/3708/2782/2776",13,"Mast cells"
"Cellular Processes","Transport and catabolism","hsa04142","Lysosome biogenesis","23/436","247/8292",0.0931174089068826,1.77093934554099,2.89768803853789,0.005373272800144,0.0332932197028531,0.0247314723309002,"11182/2581/4286/130340/23545/3423/4126/2760/2799/9741/2717/79158/1509/7805/967/4891/8905/53373/427/200576/55207/9296/4074",23,"Mast cells"
"Human Diseases","Cancer: overview","hsa05203","Viral carcinogenesis","17/436","165/8292",0.103030303030303,1.95946622185154,2.93259774972184,0.00591632085043013,0.0353135776945774,0.02623227123881,"5594/4790/4792/1960/5966/85477/6850/4791/5290/4067/8379/23352/1654/7187/64764/7534/998",17,"Mast cells"
"Organismal Systems","Endocrine system","hsa04929","GnRH secretion","9/436","64/8292",0.140625,2.67445527522936,3.16783361031324,0.00592654962405548,0.0353135776945774,0.02623227123881,"5594/5578/5579/5330/3708/5290/408/2776/409",9,"Mast cells"
"Organismal Systems","Excretory system","hsa04961","Endocrine and other factor-regulated calcium reabsorption","8/436","53/8292",0.150943396226415,2.87069413190237,3.21846975378985,0.00603459871995944,0.0353135776945774,0.02623227123881,"6547/480/5578/5579/483/5330/2776/8766",8,"Mast cells"
"Human Diseases","Cancer: overview","hsa05235","PD-L1 expression and PD-1 checkpoint pathway in cancer","11/436","89/8292",0.123595505617978,2.3505824141841,3.01769749858256,0.00670782923704236,0.0385395279800979,0.028628630045176,"5594/4790/4792/4772/3091/5290/27040/5606/3460/4793/5777",11,"Mast cells"
"Human Diseases","Infectious disease: viral","hsa05170","Human immunodeficiency virus 1 infection","20/436","210/8292",0.0952380952380952,1.81127129750983,2.80519011722634,0.00715695852233418,0.0403220618959991,0.0299527641665816,"5058/5594/130340/4790/4792/4772/5578/5579/5336/3708/5880/5290/5606/23118/8905/3985/2782/2776/684/808",20,"Mast cells"
"Metabolism","Glycan biosynthesis and metabolism","hsa00534","Glycosaminoglycan biosynthesis - heparan sulfate / heparin","5/436","24/8292",0.208333333333333,3.96215596330275,3.42341282201286,0.00727328331668337,0.0403220618959991,0.0299527641665816,"9394/8509/64131/2131/9957",5,"Mast cells"
"Human Diseases","Infectious disease: bacterial","hsa05130","Pathogenic Escherichia coli infection","19/436","197/8292",0.0964467005076142,1.83425697387417,2.79171125288065,0.00757941449927403,0.0412947410650102,0.0306753073201108,"5058/5594/3606/4790/4792/9181/7846/27128/147179/10802/23118/4793/29108/3071/5777/4651/8743/10096/998",19,"Mast cells"
"Organismal Systems","Nervous system","hsa04720","Long-term potentiation","9/436","67/8292",0.134328358208955,2.55470354648774,3.00997578748867,0.00801195260743352,0.0429114749821863,0.031876278884169,"5594/5578/673/5579/5330/3708/6197/2776/808",9,"Mast cells"
"Human Diseases","Infectious disease: bacterial","hsa05134","Legionellosis","8/436","56/8292",0.142857142857143,2.71690694626474,3.03688654240005,0.00843393268427536,0.0444187121371836,0.0329959120805861,"3606/4790/4792/3684/4791/10767/29108/3303",8,"Mast cells"
"Organismal Systems","Endocrine system","hsa04912","GnRH signaling pathway","11/436","92/8292",0.119565217391304,2.27393298763462,2.89453986874309,0.00857928018183695,0.0444434842206636,0.0330143137282078,"5594/5578/5579/5330/3708/5606/113/2776/10746/808/998",11,"Mast cells"
"Environmental Information Processing","Signal transduction","hsa04072","Phospholipase D signaling pathway","15/436","146/8292",0.102739726027397,1.95393992710821,2.73949944241419,0.00965722165225639,0.0492206780985971,0.0365629953896974,"2206/3815/146850/2205/5594/2207/56895/5578/5336/5330/27128/6850/5290/5899/113",15,"Mast cells"
"Human Diseases","Infectious disease: viral","hsa05161","Hepatitis B","16/436","160/8292",0.1,1.90183486238532,2.71352789861629,0.00984224704645459,0.0493674613758675,0.0366720316016604,"5594/4088/4790/4792/4772/1960/5578/673/5579/5290/5606/23118/1654/7187/64764/7534",16,"Mast cells"
"Organismal Systems","Immune system","hsa04612","Antigen processing and presentation","19/86","71/8292",0.267605633802817,25.8021618080576,21.4853935755687,1.37994163091692e-22,2.64948793136048e-20,1.84476407501525e-20,"3117/1520/3113/3122/3108/5641/3123/3119/972/1508/3115/10437/3127/3304/3310/3303/3320/3326/3312",19,"Mast cells - myeloid-associated"
"Human Diseases","Immune disease","hsa05322","Systemic lupus erythematosus","12/86","53/8292",0.226415094339623,21.8306274681878,15.5736339414688,1.32668722050522e-13,1.27361973168501e-11,8.86785668442962e-12,"2212/714/713/712/3117/3113/3122/3108/3123/3119/3115/3127",12,"Mast cells - myeloid-associated"
"Human Diseases","Immune disease","hsa05323","Rheumatoid arthritis","14/86","90/8292",0.155555555555556,14.9984496124031,13.6687322845145,2.67387754081899e-13,1.71128162612416e-11,1.19151736029478e-11,"3576/3117/3113/3122/6348/3108/3123/3119/6347/3115/3127/6349/3553/2353",14,"Mast cells - myeloid-associated"
"Human Diseases","Infectious disease: bacterial","hsa05150","Staphylococcus aureus infection","14/86","92/8292",0.152173913043478,14.6723963599596,13.4995270785203,3.6666080304532e-13,1.75997185461753e-11,1.22541899965146e-11,"2359/2212/2213/714/713/712/3117/3113/3122/3108/3123/3119/3115/3127",14,"Mast cells - myeloid-associated"
"Human Diseases","Endocrine and metabolic disease","hsa04940","Type I diabetes mellitus","10/86","42/8292",0.238095238095238,22.9568106312292,14.603395729494,9.45997599757923e-12,3.63263078307043e-10,2.52929884566855e-10,"3117/3113/3122/3108/3123/3119/3115/3127/3329/3553",10,"Mast cells - myeloid-associated"
"Human Diseases","Infectious disease: viral","hsa05164","Influenza A","16/86","169/8292",0.0946745562130177,9.12838860602725,10.9289014798747,1.22012825773093e-11,3.90441042473897e-10,2.71853138126014e-10,"23430/7177/64499/3576/3117/3113/3122/3108/3123/3119/6347/3115/3127/3337/3553/71",16,"Mast cells - myeloid-associated"
"Human Diseases","Infectious disease: bacterial","hsa05152","Tuberculosis","16/86","177/8292",0.0903954802259887,8.71580607016161,10.6221052778817,2.48017519249358e-11,6.80276624226811e-10,4.73657517964939e-10,"64581/2212/2213/3117/1520/3113/3122/3108/3123/3119/972/3115/1509/3127/3329/3553",16,"Mast cells - myeloid-associated"
"Human Diseases","Immune disease","hsa05332","Graft-versus-host disease","9/86","39/8292",0.230769230769231,22.2504472271914,13.6169982698824,1.48935457479528e-10,3.57445097950867e-09,2.4887898815658e-09,"3117/3113/3122/3108/3123/3119/3115/3127/3553",9,"Mast cells - myeloid-associated"
"Human Diseases","Infectious disease: parasitic","hsa05140","Leishmaniasis","11/86","74/8292",0.148648648648649,14.3324952859837,11.7931862409561,1.90552110073868e-10,4.06511168157585e-09,2.83042315548319e-09,"2212/3117/3113/3122/3108/3123/3119/3115/3127/3553/2353",11,"Mast cells - myeloid-associated"
"Human Diseases","Immune disease","hsa05310","Asthma","8/86","29/8292",0.275862068965517,26.598235765838,14.13601782583,3.45543872908429e-10,6.63444235984184e-09,4.6193759851969e-09,"3117/3113/3122/3108/3123/3119/3115/3127",8,"Mast cells - myeloid-associated"
"Cellular Processes","Transport and catabolism","hsa04145","Phagocytosis","17/86","252/8292",0.0674603174603175,6.50442967884828,9.08388234792702,5.73634410803494e-10,1.0012527897661e-08,6.97144212172667e-09,"64581/2212/2213/4069/3117/1520/3113/3122/3108/3123/3119/1508/3115/1509/7057/3127/71",17,"Mast cells - myeloid-associated"
"Organismal Systems","Immune system","hsa04659","Th17 cell differentiation","12/86","107/8292",0.11214953271028,10.8133014562052,10.4588663670331,7.86643620009782e-10,1.25862979201565e-08,8.76348594221424e-09,"3117/3113/3122/3108/3123/3119/3115/3127/3553/3320/3326/2353",12,"Mast cells - myeloid-associated"
"Human Diseases","Infectious disease: parasitic","hsa05145","Toxoplasmosis","12/86","110/8292",0.109090909090909,10.5183932346723,10.2876735517975,1.08867140740736e-09,1.60788392478626e-08,1.11952444324482e-08,"3117/3113/3122/3108/3123/3119/3115/3127/3304/3310/3303/3312",12,"Mast cells - myeloid-associated"
"Human Diseases","Immune disease","hsa05330","Allograft rejection","8/86","36/8292",0.222222222222222,21.4263565891473,12.5731542723345,2.29694733950609e-09,3.1500992084655e-08,2.1933256550171e-08,"3117/3113/3122/3108/3123/3119/3115/3127",8,"Mast cells - myeloid-associated"
"Human Diseases","Cardiovascular disease","hsa05417","Lipid and atherosclerosis","15/86","214/8292",0.0700934579439252,6.75831341012823,8.73649409783949,3.96731909249545e-09,5.07816843839418e-08,3.53578613857489e-08,"3576/19/4067/6348/6347/3329/3304/6349/3310/3303/3553/3320/3326/3312/2353",15,"Mast cells - myeloid-associated"
"Human Diseases","Immune disease","hsa05321","Inflammatory bowel disease","9/86","64/8292",0.140625,13.5588662790698,10.3247657871642,1.56857706268591e-08,1.88229247522309e-07,1.31058741421783e-07,"3117/3113/3122/3108/3123/3119/3115/3127/3553",9,"Mast cells - myeloid-associated"
"Organismal Systems","Immune system","hsa04672","Intestinal immune network for IgA production","8/86","46/8292",0.173913043478261,16.7684529828109,10.9782537548624,1.82097657571316e-08,2.05663236786428e-07,1.43197538771252e-07,"3117/3113/3122/3108/3123/3119/3115/3127",8,"Mast cells - myeloid-associated"
"Human Diseases","Cardiovascular disease","hsa05416","Viral myocarditis","9/86","67/8292",0.134328358208955,12.951752863589,10.0551366997,2.37458608558432e-08,2.53289182462327e-07,1.7635814787673e-07,"3117/3113/3122/3108/3123/3119/3115/3127/71",9,"Mast cells - myeloid-associated"
"Human Diseases","Immune disease","hsa05320","Autoimmune thyroid disease","8/86","51/8292",0.156862745098039,15.124487004104,10.3574952124985,4.26091842084892e-08,4.30577019369996e-07,2.99798692214855e-07,"3117/3113/3122/3108/3123/3119/3115/3127",8,"Mast cells - myeloid-associated"
"Organismal Systems","Immune system","hsa04658","Th1 and Th2 cell differentiation","9/86","91/8292",0.0989010989010989,9.53590595451061,8.38154032148834,3.55688419827537e-07,3.41460883034436e-06,2.37749627989986e-06,"3117/3113/3122/3108/3123/3119/3115/3127/2353",9,"Mast cells - myeloid-associated"
"Organismal Systems","Immune system","hsa04640","Hematopoietic cell lineage","9/86","97/8292",0.0927835051546392,8.94605610165428,8.0584208022378,6.16638934761544e-07,5.6378416892484e-06,3.92547091301835e-06,"3117/3113/3122/3108/3123/3119/3115/3127/3553",9,"Mast cells - myeloid-associated"
"Human Diseases","Infectious disease: parasitic","hsa05142","Chagas disease","9/86","101/8292",0.0891089108910891,8.59175685010361,7.85817037809882,8.71229933271065e-07,7.6034612358202e-06,5.29407662801078e-06,"714/713/712/3576/6348/6347/6349/3553/2353",9,"Mast cells - myeloid-associated"
"Human Diseases","Infectious disease: bacterial","hsa05134","Legionellosis","7/86","56/8292",0.125,12.0523255813953,8.49525542749558,1.54994626610159e-06,1.29386818735437e-05,9.00884099747835e-06,"3576/3329/3304/3310/3303/3553/3312",7,"Mast cells - myeloid-associated"
"Human Diseases","Infectious disease: viral","hsa05168","Herpes simplex virus 1 infection","11/86","175/8292",0.0628571428571429,6.06059800664452,6.92643907198118,1.67548696046373e-06,1.34038956837098e-05,9.33275631486375e-06,"3117/3113/3122/3108/3123/3119/972/6347/3115/3127/3553",11,"Mast cells - myeloid-associated"
"Human Diseases","Neurodegenerative disease","hsa05020","Prion disease","13/86","269/8292",0.0483271375464684,4.6596351690153,6.2464384258424,3.45366714012213e-06,2.6524163636138e-05,1.84680306019162e-05,"714/713/712/3304/4541/1958/3310/3303/3553/4512/4539/3312/4540",13,"Mast cells - myeloid-associated"
"Environmental Information Processing","Signaling molecules and interaction","hsa04514","Cell adhesion molecule (CAM) interaction","10/86","157/8292",0.0636942675159236,6.14131239816323,6.65781874931176,4.57727598745023e-06,3.38014226765556e-05,2.3534981797821e-05,"3117/3113/3122/3108/3123/3119/3115/3127/1365/1364",10,"Mast cells - myeloid-associated"
"Genetic Information Processing","Folding, sorting and degradation","hsa04141","Protein processing in endoplasmic reticulum","10/86","169/8292",0.0591715976331361,5.70524287876703,6.32636286887127,8.8268080110429e-06,6.27684125229717e-05,4.37038837193937e-05,"3304/10808/3337/23645/3310/3303/3301/3320/3326/3312",10,"Mast cells - myeloid-associated"
"Cellular Processes","Cell growth and death","hsa04210","Apoptosis","9/86","136/8292",0.0661764705882353,6.38064295485636,6.47667264692658,1.04004041310564e-05,7.13170568986726e-05,4.96560648362468e-05,"1520/1512/1522/1508/1509/1075/4000/71/2353",9,"Mast cells - myeloid-associated"
"Human Diseases","Cardiovascular disease","hsa05418","Fluid shear stress and atherosclerosis","9/86","137/8292",0.0656934306569343,6.33406891868953,6.44456859255006,1.10383694298462e-05,7.30816182941541e-05,5.08846794043726e-05,"3162/6347/4208/8878/3553/3320/71/3326/2353",9,"Mast cells - myeloid-associated"
"Organismal Systems","Immune system","hsa04657","IL-17 signaling pathway","7/86","94/8292",0.074468085106383,7.18010885700148,6.16869107516622,4.97929676315202e-05,0.000318674992841729,0.000221884452252739,"3576/6347/2354/3553/3320/3326/2353",7,"Mast cells - myeloid-associated"
"Cellular Processes","Cell growth and death","hsa04216","Ferroptosis","5/86","41/8292",0.121951219512195,11.7583664208735,7.06922644760014,5.96302397193955e-05,0.000369322775036256,0.000257149081302657,"3162/30061/2512/6303/2495",5,"Mast cells - myeloid-associated"
"Human Diseases","Infectious disease: viral","hsa05162","Measles","8/86","134/8292",0.0597014925373134,5.75633460603957,5.68224395139607,6.9428188283566e-05,0.000416569129701396,0.000290045391842529,"2213/4179/3304/3310/3303/3553/3312/2353",8,"Mast cells - myeloid-associated"
"Organismal Systems","Endocrine system","hsa04915","Estrogen signaling pathway","8/86","137/8292",0.0583941605839416,5.63028348327958,5.5942620850647,8.12060562372901e-05,0.000472471599926052,0.00032896871266781,"1509/3304/3310/3303/3320/3326/3312/2353",8,"Mast cells - myeloid-associated"
"Human Diseases","Infectious disease: viral","hsa05166","Human T-cell leukemia virus 1 infection","10/86","221/8292",0.0452488687782805,4.36283278964537,5.18710051123712,8.88731935090531e-05,0.000501872151580535,0.000349439491506184,"3117/3113/3122/3108/3123/3119/3115/3127/1958/2353",10,"Mast cells - myeloid-associated"
"Organismal Systems","Immune system","hsa04620","Toll-like receptor signaling pathway","7/86","106/8292",0.0660377358490566,6.36726634488811,5.69320912257771,0.000107248631151097,0.000588335348028877,0.000409641388156071,"3576/6348/1326/6351/6349/3553/2353",7,"Mast cells - myeloid-associated"
"Human Diseases","Infectious disease: bacterial","hsa05133","Pertussis","6/86","76/8292",0.0789473684210526,7.61199510403917,5.92783396806484,0.000127682447938717,0.000680973055673156,0.000474142423632077,"714/713/712/3576/3553/2353",6,"Mast cells - myeloid-associated"
NA,NA,"hsa04156","Integrated stress response (ISR) signaling pathway","5/86","52/8292",0.0961538461538462,9.27101967799642,6.12468908423824,0.000189107986177258,0.000981317117460366,0.000683263563144005,"3329/467/23645/3320/3326",5,"Mast cells - myeloid-associated"
"Human Diseases","Infectious disease: viral","hsa05169","Epstein-Barr virus infection","9/86","199/8292",0.0452261306532663,4.36064041135912,4.91225315570564,0.000205244944002908,0.00103702708548838,0.000722052850093333,"3117/4067/3113/3122/3108/3123/3119/3115/3127",9,"Mast cells - myeloid-associated"
"Organismal Systems","Immune system","hsa04610","Complement and coagulation cascades","6/86","87/8292",0.0689655172413793,6.6495589414595,5.42277773770903,0.000269317412794422,0.001325870339911,0.000923166300266981,"714/713/712/5329/4179/2",6,"Mast cells - myeloid-associated"
"Organismal Systems","Digestive system","hsa04978","Mineral absorption","5/86","60/8292",0.0833333333333333,8.03488372093023,5.59843698978084,0.000372404581951666,0.001787541993368,0.00124461531336478,"3162/30061/6546/2512/2495",5,"Mast cells - myeloid-associated"
"Organismal Systems","Development and regeneration","hsa04380","Osteoclast differentiation","7/86","132/8292",0.053030303030303,5.11310782241015,4.87639533924506,0.000417539613621178,0.00195530745890893,0.00136142569781488,"2212/2213/7305/8878/2354/3553/2353",7,"Mast cells - myeloid-associated"
"Cellular Processes","Cell growth and death","hsa04217","Necroptosis","7/86","137/8292",0.0510948905109489,4.92649804786963,4.74395557757934,0.000522681737907183,0.00238940223043284,0.00166367370211058,"2752/8878/2512/3553/3320/3326/2495",7,"Mast cells - myeloid-associated"
"Cellular Processes","Transport and catabolism","hsa04142","Lysosome biogenesis","9/86","247/8292",0.0364372469635627,3.51322850955654,4.10491677931303,0.000993364011566586,0.00443548581908801,0.00308830427096589,"1520/968/1512/5660/5641/1522/1508/1509/1075",9,"Mast cells - myeloid-associated"
"Human Diseases","Infectious disease: parasitic","hsa05144","Malaria","4/86","49/8292",0.0816326530612245,7.87090650213574,4.93805992303982,0.00160163737349322,0.00698896308433404,0.00486621881420188,"3576/6347/7057/3553",4,"Mast cells - myeloid-associated"
"Human Diseases","Infectious disease: viral","hsa05171","Coronavirus disease","8/86","228/8292",0.0350877192982456,3.38310893512852,3.73527848052543,0.0024239296307152,0.0103420997577182,0.00720091375674458,"2212/714/713/712/3576/6347/3553/2353",8,"Mast cells - myeloid-associated"
"Human Diseases","Infectious disease: bacterial","hsa05135","Yersinia infection","6/86","136/8292",0.0441176470588235,4.25376196990424,3.91654888214959,0.00279982619376142,0.011497448102906,0.00800535037866811,"2212/3576/6347/3553/71/2353",6,"Mast cells - myeloid-associated"
"Organismal Systems","Immune system","hsa04621","NOD-like receptor signaling pathway","7/86","183/8292",0.0382513661202186,3.68814334731224,3.76427415249691,0.00281447948352387,0.011497448102906,0.00800535037866811,"3576/1508/6347/10135/3553/3320/3326",7,"Mast cells - myeloid-associated"
"Environmental Information Processing","Signaling molecules and interaction","hsa04061","Viral protein interaction with cytokine and cytokine receptor","5/86","98/8292",0.0510204081632653,4.91931656383484,3.99541897517864,0.00340538495116219,0.0136215398046488,0.00948429580696487,"3576/6348/6347/6351/6349",5,"Mast cells - myeloid-associated"
"Organismal Systems","Aging","hsa04213","Longevity regulating pathway - multiple species","4/86","61/8292",0.0655737704918033,6.32253145253526,4.27113973465623,0.00359041226882431,0.0140685541962096,0.00979553938003626,"3304/3310/3303/3312",4,"Mast cells - myeloid-associated"
"Human Diseases","Infectious disease: bacterial","hsa05130","Pathogenic Escherichia coli infection","7/86","197/8292",0.0355329949238579,3.42604178963523,3.52784821093044,0.00423322967887343,0.016255601966874,0.0113183193519353,"2212/3576/1365/1364/3553/71/2353",7,"Mast cells - myeloid-associated"
"Cellular Processes","Transport and catabolism","hsa04148","Efferocytosis","6/86","158/8292",0.0379746835443038,3.66146599941125,3.4576761052759,0.00583910926549833,0.0219825289995231,0.0153058178889224,"6446/714/713/712/19/7057",6,"Mast cells - myeloid-associated"
"Genetic Information Processing","Information processing in viruses","hsa03265","Virion - Ebolavirus, Lyssavirus and Morbillivirus","2/86","12/8292",0.166666666666667,16.0697674418605,5.34772334606264,0.00655933728939488,0.0242190915300734,0.0168630735982419,"2213/4179",2,"Mast cells - myeloid-associated"
"Metabolism","Metabolism of cofactors and vitamins","hsa00860","Porphyrin metabolism","3/86","45/8292",0.0666666666666667,6.42790697674419,3.7374688577637,0.0111699835154612,0.0404648459428027,0.0281745363746488,"3162/2512/2495",3,"Mast cells - myeloid-associated"
"Environmental Information Processing","Signal transduction","hsa04010","MAPK signaling pathway","8/86","299/8292",0.0267558528428094,2.57976199735553,2.84812651417005,0.0120730587416445,0.0429264310814027,0.0298884690095293,"1326/4208/3304/3310/3303/3553/3312/2353",8,"Mast cells - myeloid-associated"
"Organismal Systems","Immune system","hsa04062","Chemokine signaling pathway","6/86","190/8292",0.0315789473684211,3.04479804161567,2.91889201497181,0.0138193413204575,0.0482420642459608,0.0335895951712556,"3576/4067/6348/6347/6351/6349",6,"Mast cells - myeloid-associated"
"Human Diseases","Cardiovascular disease","hsa05415","Diabetic cardiomyopathy","13/47","200/8292",0.065,11.4676595744681,11.3134147212711,4.33631205223135e-11,3.94604396753053e-09,3.19517730164415e-09,"1281/1278/4512/4539/4540/4509/4514/4538/4537/4513/4519/4535/4536",13,"Mixed mast-epithelial / doublet-like"
"Metabolism","Energy metabolism","hsa00190","Oxidative phosphorylation","11/47","132/8292",0.0833333333333333,14.7021276595745,11.9808312783593,1.16973228804784e-10,5.32228191061769e-09,4.30954000859732e-09,"4512/4539/4540/4509/4514/4538/4537/4513/4519/4535/4536",11,"Mixed mast-epithelial / doublet-like"
"Human Diseases","Neurodegenerative disease","hsa05012","Parkinson disease","12/47","264/8292",0.0454545454545455,8.01934235976789,8.75088070002533,1.63707986003047e-08,4.9658089087591e-07,4.02089790182923e-07,"6571/4512/4539/4540/4509/4514/4538/4537/4513/4519/4535/4536",12,"Mixed mast-epithelial / doublet-like"
"Human Diseases","Cancer: overview","hsa05208","Chemical carcinogenesis - reactive oxygen species","11/47","219/8292",0.0502283105022831,8.86155639755173,8.90164298201445,2.56351772401025e-08,5.83200282212333e-07,4.72226949159784e-07,"4512/4539/4540/4509/4514/4538/4537/4513/4519/4535/4536",11,"Mixed mast-epithelial / doublet-like"
"Organismal Systems","Environmental adaptation","hsa04714","Thermogenesis","11/47","229/8292",0.0480349344978166,8.47458886927437,8.65991795792783,4.06829674624016e-08,7.4043000781571e-07,5.99538467866972e-07,"4512/4539/4540/4509/4514/4538/4537/4513/4519/4535/4536",11,"Mixed mast-epithelial / doublet-like"
"Human Diseases","Neurodegenerative disease","hsa05020","Prion disease","11/47","269/8292",0.0408921933085502,7.21442695562762,7.82286594551867,2.10734848819098e-07,3.19614520708966e-06,2.58797182760296e-06,"4512/4539/4540/4509/4514/4538/4537/4513/4519/4535/4536",11,"Mixed mast-epithelial / doublet-like"
"Human Diseases","Neurodegenerative disease","hsa05016","Huntington disease","11/47","303/8292",0.0363036303630363,6.40488729724036,7.23633731180405,6.95430343301171e-07,9.04059446291522e-06,7.32031940317022e-06,"4512/4539/4540/4509/4514/4538/4537/4513/4519/4535/4536",11,"Mixed mast-epithelial / doublet-like"
"Human Diseases","Neurodegenerative disease","hsa05014","Amyotrophic lateral sclerosis","11/47","360/8292",0.0305555555555556,5.39078014184397,6.43070586124882,3.77596445217997e-06,4.29515956435472e-05,3.47786199542892e-05,"4512/4539/4540/4509/4514/4538/4537/4513/4519/4535/4536",11,"Mixed mast-epithelial / doublet-like"
"Human Diseases","Neurodegenerative disease","hsa05010","Alzheimer disease","11/47","381/8292",0.0288713910761155,5.09365052772659,6.17610422879757,6.51805769481842e-06,6.59048055809418e-05,5.3364215045297e-05,"4512/4539/4540/4509/4514/4538/4537/4513/4519/4535/4536",11,"Mixed mast-epithelial / doublet-like"
"Organismal Systems","Development and regeneration","hsa04382","Cornified envelope formation","8/47","213/8292",0.0375586854460094,6.62631105783638,6.28046490634055,2.20620331688305e-05,0.000200764501836357,0.000162562349665067,"3851/25984/3855/3880/3875/3856/1364/1365",8,"Mixed mast-epithelial / doublet-like"
"Human Diseases","Neurodegenerative disease","hsa05022","Pathways of neurodegeneration - multiple diseases","11/47","472/8292",0.0233050847457627,4.11161197259286,5.25545247593699,4.85816549954435e-05,0.000401902782235032,0.000325427354036463,"4512/4539/4540/4509/4514/4538/4537/4513/4519/4535/4536",11,"Mixed mast-epithelial / doublet-like"
"Organismal Systems","Nervous system","hsa04723","Retrograde endocannabinoid signaling","6/47","145/8292",0.0413793103448276,7.30036683785767,5.77840578216128,0.000153337514947834,0.00116280948835441,0.000941546144416525,"4539/4540/4538/4537/4535/4536",6,"Mixed mast-epithelial / doublet-like"
"Organismal Systems","Circulatory system","hsa04260","Cardiac muscle contraction","4/47","87/8292",0.0459770114942529,8.11151870873074,5.03430759215538,0.0014297719867736,0.0100084039074152,0.00810397077523499,"4512/4514/4513/4519",4,"Mixed mast-epithelial / doublet-like"
"Organismal Systems","Digestive system","hsa04974","Protein digestion and absorption","4/47","103/8292",0.0388349514563107,6.85147696756868,4.51154956771702,0.00265844437375167,0.0172798884293859,0.0139918124934299,"1295/1359/1281/1278",4,"Mixed mast-epithelial / doublet-like"
"Environmental Information Processing","Signaling molecules and interaction","hsa04519","Cadherin signaling","7/47","402/8292",0.0174129353233831,3.0720863766275,3.21543279451089,0.00700363984567267,0.0424887483970809,0.0344038448559359,"3851/25984/3855/5159/3880/3875/3856",7,"Mixed mast-epithelial / doublet-like"
"Genetic Information Processing","Translation","hsa03010","Ribosome","32/198","173/8292",0.184971098265896,7.74636538798388,14.0247811404492,4.23446627347974e-20,9.86630641720778e-18,7.84490593823614e-18,"6231/6232/6188/6206/6181/6235/6144/6210/6233/6189/6137/6230/6161/6208/6156/6158/6170/6228/6223/6164/6227/3921/6224/6169/2197/6134/6167/6166/6135/6143/6217/6207",32,"Naive/memory T cells"
"Human Diseases","Infectious disease: viral","hsa05171","Coronavirus disease","35/198","228/8292",0.153508771929825,6.42876129718235,13.0001200478032,3.55516564674144e-19,4.14176797845377e-17,3.29320607277102e-17,"5579/5295/6231/6232/6188/6206/6181/6235/6144/6210/6233/6189/6137/3716/6230/6161/6208/6156/6158/6170/6228/6223/6164/6227/3921/6224/6169/2197/6134/6167/6166/6135/6143/6217/6207",35,"Naive/memory T cells"
"Organismal Systems","Immune system","hsa04650","Natural killer cell mediated cytotoxicity","17/198","123/8292",0.138211382113821,5.78812515397881,8.36735228185073,4.33701555518923e-09,3.3684154145303e-07,2.67829732530984e-07,"919/3384/2534/3106/3932/10870/3689/3683/7535/962/27040/5880/5579/5295/3105/3107/3133",17,"Naive/memory T cells"
"Environmental Information Processing","Signaling molecules and interaction","hsa04514","Cell adhesion molecule (CAM) interaction","18/198","157/8292",0.114649681528662,4.80138969310944,7.52086673117421,3.05222460271187e-08,1.77792083107966e-06,1.41366192125602e-06,"6402/6693/3384/3106/5788/940/3689/923/3683/29851/3385/6404/914/3134/3676/3105/3107/3133",18,"Naive/memory T cells"
"Human Diseases","Infectious disease: viral","hsa05166","Human T-cell leukemia virus 1 infection","21/198","221/8292",0.0950226244343891,3.97943233237351,7.021347089104,5.81985461708505e-08,2.71205225156163e-06,2.15640928969888e-06,"917/3106/916/915/3561/3932/3689/3683/896/3560/2113/472/5295/3134/894/567/7040/3105/3107/3716/3133",21,"Naive/memory T cells"
"Organismal Systems","Immune system","hsa04660","T cell receptor signaling pathway","15/198","120/8292",0.125,5.23484848484848,7.30834050345739,1.43909287628992e-07,4.88612964999296e-06,3.88506355725666e-06,"919/917/2534/916/915/5788/940/3932/3702/10125/29851/7535/5527/27040/5295",15,"Naive/memory T cells"
"Human Diseases","Immune disease","hsa05340","Primary immunodeficiency","9/198","37/8292",0.243243243243243,10.1867321867322,8.7590666666322,1.46793594634982e-07,4.88612964999296e-06,3.88506355725666e-06,"3575/916/915/5788/3561/3932/29851/7535/84876",9,"Naive/memory T cells"
"Human Diseases","Infectious disease: viral","hsa05169","Epstein-Barr virus infection","19/198","199/8292",0.0954773869346734,3.99847723465814,6.69617779769216,2.39805253881509e-07,6.98432801929896e-06,5.55338482672969e-06,"919/917/3106/916/915/3683/7128/864/896/5295/3134/1027/894/960/567/3105/3107/3716/3133",19,"Naive/memory T cells"
"Human Diseases","Cardiovascular disease","hsa05416","Viral myocarditis","11/198","67/8292",0.164179104477612,6.87562189054726,7.55227405090053,4.35480928966445e-07,1.12741173832424e-05,8.96428578925079e-06,"2534/3106/1604/940/3689/3683/5880/3134/3105/3107/3133",11,"Naive/memory T cells"
"Human Diseases","Cancer: overview","hsa05235","PD-L1 expression and PD-1 checkpoint pathway in cancer","12/198","89/8292",0.134831460674157,5.64657814096016,6.89281060149148,1.16751691725502e-06,2.7203144172042e-05,2.16297870986194e-05,"919/917/916/915/940/3932/10125/7535/27040/27436/5295/3716",12,"Naive/memory T cells"
"Organismal Systems","Immune system","hsa04658","Th1 and Th2 cell differentiation","12/198","91/8292",0.131868131868132,5.52247752247752,6.78450489125012,1.48822353458014e-06,3.15232803233794e-05,2.50648174245076e-05,"919/6775/917/916/915/3561/3932/7535/864/3560/27040/3716",12,"Naive/memory T cells"
"Human Diseases","Infectious disease: viral","hsa05170","Human immunodeficiency virus 1 infection","18/198","210/8292",0.0857142857142857,3.58961038961039,5.94482542620134,2.45375398460025e-06,4.76437232009881e-05,3.78825176569863e-05,"919/917/3106/7852/916/915/54331/5880/7133/5579/472/5295/3134/567/801/3105/3107/3133",18,"Naive/memory T cells"
"Organismal Systems","Immune system","hsa04670","Leukocyte transendothelial migration","13/198","114/8292",0.114035087719298,4.77565124933546,6.34855954982331,2.88940668730111e-06,4.93668396987627e-05,3.92526035101976e-05,"7852/3689/3702/3683/399/5880/5579/1535/5295/3676/7430/4478/5908",13,"Naive/memory T cells"
"Organismal Systems","Immune system","hsa04640","Hematopoietic cell lineage","12/198","97/8292",0.123711340206186,5.18088097469541,6.4778911279387,2.96624787889561e-06,4.93668396987627e-05,3.92526035101976e-05,"3575/921/917/916/1604/915/924/914/2323/951/3676/960",12,"Naive/memory T cells"
"Organismal Systems","Immune system","hsa04659","Th17 cell differentiation","12/198","107/8292",0.11214953271028,4.69668649107901,6.01935032749453,8.36977803065326e-06,0.000130010552076147,0.000103374100589121,"919/917/916/50615/915/3561/3932/7535/3560/27040/7040/3716",12,"Naive/memory T cells"
"Human Diseases","Infectious disease: viral","hsa05162","Measles","13/198","134/8292",0.0970149253731343,4.06286748077793,5.59040418252727,1.73461230124567e-05,0.0002526029163689,0.000200849845407393,"917/916/915/940/3561/7128/896/3560/5295/1027/894/4478/3716",13,"Naive/memory T cells"
"Human Diseases","Infectious disease: viral","hsa05163","Human cytomegalovirus infection","17/198","223/8292",0.0762331838565022,3.19255333605109,5.19095415436835,2.23911337217743e-05,0.000306890244539613,0.000244014831890544,"3106/7852/5734/54331/6352/3587/5880/9138/5579/5295/3134/567/801/3105/3107/3716/3133",17,"Naive/memory T cells"
"Cellular Processes","Cell growth and death","hsa04218","Cellular senescence","13/198","156/8292",0.0833333333333333,3.48989898989899,4.91013022960679,8.62015773876597e-05,0.00111583152951804,0.000887220913463632,"3106/678/896/2113/472/5295/3134/894/801/7040/3105/3107/3133",13,"Naive/memory T cells"
"Human Diseases","Immune disease","hsa05330","Allograft rejection","6/198","36/8292",0.166666666666667,6.97979797979798,5.62350872173096,0.000184101704821966,0.002257668274922,0.00179511911626958,"3106/940/3134/3105/3107/3133",6,"Naive/memory T cells"
"Environmental Information Processing","Signaling molecules and interaction","hsa04517","IgSF CAM signaling","18/198","296/8292",0.0608108108108108,2.54668304668305,4.23804184721477,0.000242731242322989,0.00282781897306282,0.00224845782362347,"3384/2534/940/3932/10225/3689/3683/3385/914/962/5579/5295/4155/3676/7430/4478/7277/5908",18,"Naive/memory T cells"
"Human Diseases","Immune disease","hsa05332","Graft-versus-host disease","6/198","39/8292",0.153846153846154,6.44289044289044,5.32856694477483,0.000290554038453279,0.00322376623617209,0.00256328374775825,"3106/940/3134/3105/3107/3133",6,"Naive/memory T cells"
"Cellular Processes","Cell motility","hsa04810","Regulation of actin cytoskeleton","15/198","227/8292",0.066079295154185,2.76732078494193,4.22260619483932,0.000336511797440314,0.00356396585470878,0.00283378355739212,"7852/3689/26999/3683/28984/5880/9138/5295/10788/3676/5305/7430/4478/7114/5216",15,"Naive/memory T cells"
"Human Diseases","Endocrine and metabolic disease","hsa04940","Type I diabetes mellitus","6/198","42/8292",0.142857142857143,5.98268398268398,5.06308790141535,0.000440195221196004,0.00445936897994213,0.00354573725082365,"3106/940/3134/3105/3107/3133",6,"Naive/memory T cells"
"Environmental Information Processing","Signal transduction","hsa04014","Ras signaling pathway","15/198","234/8292",0.0641025641025641,2.68453768453768,4.08817502555007,0.000464983341843942,0.00451421327706827,0.00358934509493569,"22821/10125/7535/54331/6789/27040/2113/64926/2323/5880/5579/5295/801/253959/5908",15,"Naive/memory T cells"
"Human Diseases","Infectious disease: viral","hsa05167","Kaposi sarcoma-associated herpesvirus infection","13/198","194/8292",0.0670103092783505,2.80631052796001,3.98161115632865,0.000735378579258801,0.00685372835869203,0.00544954231366522,"6932/3106/54331/5295/3134/57580/801/6233/3105/3107/3716/9976/3133",13,"Naive/memory T cells"
"Cellular Processes","Transport and catabolism","hsa04144","Endocytosis","15/198","249/8292",0.0602409638554217,2.52281854691493,3.81586717809599,0.000887180365662332,0.00795050096920474,0.00632160908326196,"3106/7852/3561/9744/3560/116984/3134/64744/79720/7456/30011/9267/3105/3107/3133",15,"Naive/memory T cells"
"Human Diseases","Infectious disease: viral","hsa05168","Herpes simplex virus 1 infection","12/198","175/8292",0.0685714285714286,2.87168831168831,3.91389555755977,0.000958970415724389,0.00827555951347343,0.00658006990906403,"3106/6352/5295/3134/6427/567/3105/330/3107/3716/6432/3133",12,"Naive/memory T cells"
"Human Diseases","Immune disease","hsa05320","Autoimmune thyroid disease","6/198","51/8292",0.117647058823529,4.92691622103387,4.39947870138622,0.00126486496772244,0.0105254834814046,0.00836903136538157,"3106/940/3134/3105/3107/3133",6,"Naive/memory T cells"
"Human Diseases","Infectious disease: bacterial","hsa05135","Yersinia infection","10/198","136/8292",0.0735294117647059,3.07932263814617,3.82390575660858,0.00150042810630358,0.0118381262722765,0.00941274101613133,"3932/2533/7535/7454/27040/5880/9138/5295/7456/3676",10,"Naive/memory T cells"
"Environmental Information Processing","Signal transduction","hsa04015","Rap1 signaling pathway","13/198","210/8292",0.0619047619047619,2.59249639249639,3.65580594024061,0.00152422226681672,0.0118381262722765,0.00941274101613133,"3689/3683/54518/2533/8631/27040/5880/5579/5295/801/51466/5216/5908",13,"Naive/memory T cells"
"Environmental Information Processing","Signal transduction","hsa04630","JAK-STAT signaling pathway","11/198","167/8292",0.0658682634730539,2.75848303393214,3.59036983086446,0.00214185556648799,0.0160984628061839,0.0128002234194189,"3575/6775/50615/3561/8651/896/3560/3587/5295/894/3716",11,"Naive/memory T cells"
"Environmental Information Processing","Signal transduction","hsa04064","NF-kappa B signaling pathway","8/198","102/8292",0.0784313725490196,3.28461081402258,3.63098801852872,0.00295642851061574,0.0215264950929209,0.0171161650614596,"3932/4050/7128/7535/27040/5579/472/330",8,"Naive/memory T cells"
"Environmental Information Processing","Signaling molecules and interaction","hsa04518","Integrin signaling","10/198","153/8292",0.065359477124183,2.73717567835215,3.3920198428611,0.00357147666977726,0.025047291585291,0.0199156237588038,"3384/3689/3683/3385/896/5880/5295/3676/894/7040",10,"Naive/memory T cells"
"Environmental Information Processing","Signal transduction","hsa04068","FoxO signaling pathway","9/198","129/8292",0.0697674418604651,2.92177589852008,3.44054428353773,0.0036549695875532,0.025047291585291,0.0199156237588038,"3575/10365/6789/1263/472/5295/1027/894/7040",9,"Naive/memory T cells"
"Organismal Systems","Development and regeneration","hsa04380","Osteoclast differentiation","9/198","132/8292",0.0681818181818182,2.85537190082645,3.36068118005566,0.00425700503938874,0.0283394906907879,0.0225333199077419,"814/2534/3932/8651/1535/5295/7040/3716/3727",9,"Naive/memory T cells"
"Organismal Systems","Immune system","hsa04672","Intestinal immune network for IgA production","5/198","46/8292",0.108695652173913,4.55204216073781,3.77824238104214,0.00457017007540943,0.0295791563213999,0.0235190038968439,"7852/940/29851/3676/7040",5,"Naive/memory T cells"
"Human Diseases","Cancer: overview","hsa05206","MicroRNAs in cancer","10/198","160/8292",0.0625,2.61742424242424,3.2310204528447,0.00490535825077764,0.030890499254897,0.0245616800038937,"8651/5579/472/5295/1027/54541/894/960/7430/27250",10,"Naive/memory T cells"
"Organismal Systems","Immune system","hsa04062","Chemokine signaling pathway","11/198","190/8292",0.0578947368421053,2.42456140350877,3.1068215384507,0.00574543511596811,0.0352285890005413,0.0280109856069359,"1236/7852/3702/7454/54331/6352/5880/5579/5295/57580/5908",11,"Naive/memory T cells"
"Human Diseases","Cancer: overview","hsa05203","Viral carcinogenesis","10/198","165/8292",0.0606060606060606,2.53810835629017,3.12117576811757,0.00607745956978328,0.0363089251220386,0.0288699833814267,"3106/896/5295/3134/1027/894/3105/3107/3716/3133",10,"Naive/memory T cells"
"Organismal Systems","Immune system","hsa04612","Antigen processing and presentation","6/198","71/8292",0.0845070422535211,3.53905249679898,3.36041553114477,0.00678944749758192,0.0395485316734147,0.0314458620940637,"3106/3134/567/3105/3107/3133",6,"Naive/memory T cells"
"Human Diseases","Infectious disease: parasitic","hsa05140","Leishmaniasis","6/198","74/8292",0.0810810810810811,3.3955773955774,3.23740811165711,0.00828169549735151,0.0470642695337293,0.037421781964926,"3689/5579/1535/3676/7040/3716",6,"Naive/memory T cells"
"Environmental Information Processing","Signaling molecules and interaction","hsa04061","Viral protein interaction with cytokine and cytokine receptor","7/198","98/8292",0.0714285714285714,2.99134199134199,3.10145413070389,0.00882634439528812,0.048965196288146,0.0389332484604188,"1236/7852/3561/6352/3560/3587/7133",7,"Naive/memory T cells"
"Genetic Information Processing","Translation","hsa03013","Nucleocytoplasmic transport","30/996","108/8292",0.277777777777778,2.31258366800536,5.07278875777254,6.37247640475389e-06,0.00217938693042583,0.00197882162042358,"79902/64901/80145/100101267/23534/51068/5976/23039/11097/9883/2733/51808/81929/53371/8021/10921/23633/79228/3841/4686/6613/57510/8563/23165/55705/7514/65110/30000/5411/348995",30,"Neuroendocrine"
"Cellular Processes","Cellular community - eukaryotes","hsa04530","Tight junction","40/996","168/8292",0.238095238095238,1.98221457257602,4.75189429030384,1.29065719980973e-05,0.00220702381167463,0.00200391512602036,"100506658/5522/1364/776/3993/9073/57180/153562/8777/5584/4301/9069/51422/92359/1740/2017/1365/23513/653857/5516/10207/154810/54566/5565/7082/140465/1366/5520/4628/71/5601/9223/6714/5567/56288/1019/50848/4217/5581/5599",40,"Neuroendocrine"
"Environmental Information Processing","Signal transduction","hsa04150","mTOR signaling pathway","37/996","155/8292",0.238709677419355,1.98732996502138,4.58444453808085,2.54688953281297e-05,0.00290345406740678,0.00263625407782395,"4041/245973/84219/27330/7976/3667/201163/729438/6199/5170/7249/207/7855/58528/64223/57521/1978/6196/673/8131/9706/8408/7248/3480/23175/96459/51606/81929/208/9894/79726/8323/3265/2932/6198/64798/1855",37,"Neuroendocrine"
"Environmental Information Processing","Signaling molecules and interaction","hsa04517","IgSF CAM signaling","59/996","296/8292",0.199324324324324,1.65943503744709,4.26846962736899,4.76308359133049e-05,0.00401107072436886,0.00364193863862362,"3785/253559/57502/91584/10381/5789/57731/6334/287/4685/22871/6712/26047/23426/4897/4133/8976/57180/5802/5817/8777/1525/23705/5584/4301/22829/5170/117178/23114/57522/137970/207/5792/4155/10458/999/653857/9788/25945/8500/7204/7082/140465/8541/23085/4628/71/208/5601/9223/6714/23607/56288/5058/50848/2932/10298/9564/5599",59,"Neuroendocrine"
"Environmental Information Processing","Signal transduction","hsa04152","AMPK signaling pathway","30/996","120/8292",0.25,2.08132530120482,4.40832416793792,5.86413848591938e-05,0.00401107072436886,0.00364193863862362,"8660/3667/5522/90993/2309/5523/6199/5170/51422/7249/29904/207/6885/57521/1978/10645/5516/8408/7248/5565/3480/3156/5520/208/6319/2194/31/148327/6198/6720",30,"Neuroendocrine"
"Cellular Processes","Transport and catabolism","hsa04140","Autophagy - animal","37/996","165/8292",0.224242424242424,1.86688572471705,4.15555856905221,0.000105941572910869,0.00603866965591954,0.00548294105415901,"8660/3667/23604/6199/5170/7249/207/83734/58528/6885/64223/57521/64689/10645/5516/83452/81671/9706/8408/7248/3480/23001/3920/55102/8897/5580/208/5601/5567/3265/26100/84557/6198/64798/11345/56270/5599",37,"Neuroendocrine"
"Organismal Systems","Environmental adaptation","hsa04714","Thermogenesis","45/996","229/8292",0.196506550218341,1.63597621928763,3.6057947495397,0.000511103312710888,0.0230142079154336,0.0208962491075805,"51412/108/27330/90993/6199/51422/7249/10818/91942/64223/57521/6196/4723/79133/116228/51079/4694/7248/5565/4728/4508/6599/4698/4538/7388/4509/4537/71/137682/5567/8289/3265/4513/23028/4514/148327/4708/4539/6198/29078/4217/388753/4536/55471/4716",45,"Neuroendocrine"
"Genetic Information Processing","Folding, sorting and degradation","hsa04120","Ubiquitin mediated proteolysis","31/996","141/8292",0.219858156028369,1.83038537127232,3.6742991606975,0.000538344044805465,0.0230142079154336,0.0208962491075805,"23624/54926/8450/57154/23291/7325/51366/9690/10477/51529/8065/10273/26259/10393/6923/64682/4591/7337/55585/8452/92912/7328/25898/51343/8924/8454/55120/55236/23295/51434/63893",31,"Neuroendocrine"
"Organismal Systems","Aging","hsa04211","Longevity regulating pathway","22/996","89/8292",0.247191011235955,2.05793962366319,3.70732145901429,0.000649487916901694,0.0246805408422644,0.0224092322205848,"108/8660/3667/90993/2309/6199/51422/7249/207/57521/1978/10645/8408/7248/5565/3480/208/5567/3265/148327/6198/26060",22,"Neuroendocrine"
"Environmental Information Processing","Signal transduction","hsa04340","Hedgehog signaling pathway","15/996","55/8292",0.272727272727273,2.27053669222344,3.4928081969505,0.00159600045027823,0.0483070228013842,0.0438614088224326,"3549/50937/1454/57154/23291/339745/5567/157/8452/2932/11127/8454/23295/1452/23288",15,"Neuroendocrine"
"Human Diseases","Endocrine and metabolic disease","hsa04931","Insulin resistance","24/996","107/8292",0.224299065420561,1.86735727958563,3.33634757893106,0.00164670212295881,0.0483070228013842,0.0438614088224326,"8660/27330/3667/90993/6199/5170/51422/207/5792/6196/2673/22877/5565/10998/6774/5580/208/5601/148327/2932/6198/6720/5581/5599",24,"Neuroendocrine"
"Organismal Systems","Endocrine system","hsa04910","Insulin signaling pathway","29/996","138/8292",0.210144927536232,1.74951981840405,3.28040922469454,0.00169498325618892,0.0483070228013842,0.0438614088224326,"8660/3667/5584/6199/5170/51422/7249/25759/207/8835/5792/57521/1978/673/7248/5565/5255/3099/208/5601/5567/3265/2194/31/2932/6198/6720/5256/5599",29,"Neuroendocrine"
"Human Diseases","Endocrine and metabolic disease","hsa04931","Insulin resistance","43/1403","107/8292",0.401869158878505,2.37512406658629,6.46068594719469,8.0812403214751e-09,2.4549788855339e-06,1.96067775129849e-06,"183/5602/6720/5792/9882/90993/8660/51422/8503/5291/22877/5563/5590/2673/148327/5834/6774/9586/6196/3551/5562/5581/5601/90673/10999/5465/1374/5580/2997/2932/10998/6197/2475/92579/8473/6513/5524/207/64764/5571/208/5770/376497",43,"Neuronal-associated prostate epithelial"
"Environmental Information Processing","Signal transduction","hsa04150","mTOR signaling pathway","55/1403","155/8292",0.354838709677419,2.09716506104431,6.22242772605061,1.42731330554296e-08,2.4549788855339e-06,1.96067775129849e-06,"7481/7474/4040/81029/3480/54361/8503/5291/96459/7482/5563/57600/10325/7855/8408/4041/2887/6249/201163/9706/54468/5578/6196/7477/79726/3551/5562/5604/5894/7248/2932/8322/81617/6197/2475/153129/9681/673/55437/8131/84335/79109/8323/9675/207/729438/51606/57521/7249/3265/1856/92335/1855/208/9894",55,"Neuronal-associated prostate epithelial"
"Organismal Systems","Endocrine system","hsa04910","Insulin signaling pathway","50/1403","138/8292",0.36231884057971,2.14137407418885,6.10149688475383,2.98624958495503e-08,3.4242328574151e-06,2.73477593569566e-06,"5602/3099/31/6720/2194/5792/9882/25759/8660/51422/8503/5291/5563/5590/5834/5577/5256/5140/3632/5255/3551/5562/91860/10580/23265/5601/90673/5604/5257/5894/2997/7248/2932/5584/2475/92579/673/8835/3098/207/57521/5575/7249/3265/3636/5571/9847/2203/208/5770",50,"Neuronal-associated prostate epithelial"
"Metabolism","Amino acid metabolism","hsa00280","Valine, leucine and isoleucine degradation","24/1403","48/8292",0.5,2.95509622238061,6.13019041086274,1.27354971145835e-07,1.09525275185418e-05,8.74727564975339e-06,"5095/18/36/501/549/65985/11112/56922/26275/594/3157/3158/5096/4329/39/217/4594/5019/587/30/1892/64087/3033/3712",24,"Neuronal-associated prostate epithelial"
"Metabolism","Global and overview maps","hsa01212","Fatty acid metabolism","26/1403","57/8292",0.456140350877193,2.69587725550512,5.79768001861331,3.93007800605421e-07,2.7038936681653e-05,2.15947444122136e-05,"33/31/79993/2194/9415/79071/6319/3295/2180/36/2181/51102/84869/51/1374/51144/8310/60481/201562/39/51495/79966/30/37/1892/3033",26,"Neuronal-associated prostate epithelial"
"Cellular Processes","Cellular community - eukaryotes","hsa04530","Tight junction","54/1403","168/8292",0.321428571428571,1.89970471438754,5.31647627749745,7.91197413331494e-07,4.53619850310057e-05,3.62285131367579e-05,"5602/91862/79784/4301/56288/4217/54566/9073/653857/4628/10207/154810/5522/84952/51422/9693/2064/595/23327/776/9223/5563/5590/1366/57530/9069/3993/8777/1741/1739/5562/100506658/5581/79778/57180/5601/6714/50848/7074/1365/2017/9414/5584/7082/4771/23513/92359/9475/153562/861/84612/5571/51735/8189",54,"Neuronal-associated prostate epithelial"
"Environmental Information Processing","Signal transduction","hsa04152","AMPK signaling pathway","42/1403","120/8292",0.35,2.06856735566643,5.32086876182713,1.10804452018484e-06,5.44524735633695e-05,4.34886646268037e-05,"31/6720/10645/2194/5208/90993/6319/3480/8660/5522/51422/8503/5291/595/2309/5563/148327/8408/10890/9586/79602/5562/1374/5523/2997/7248/81617/2475/92579/55437/79966/3156/84335/207/64764/57521/7249/92335/5571/2203/208/5529",42,"Neuronal-associated prostate epithelial"
"Metabolism","Lipid metabolism","hsa00100","Steroid biosynthesis","12/1403","20/8292",0.6,3.54611546685674,5.14448648670148,1.7413285613655e-05,0.000748771281387164,0.000598008887521572,"4047/1718/6307/10682/7108/1717/1595/51478/6713/50814/6646/120227",12,"Neuronal-associated prostate epithelial"
"Metabolism","Lipid metabolism","hsa01040","Biosynthesis of unsaturated fatty acids","14/1403","27/8292",0.518518518518518,3.06454423061693,4.84885107277329,3.30898258634542e-05,0.00126476667744758,0.0010101104737265,"79993/9415/79071/6319/3295/51/51144/8310/60481/201562/11332/51495/79966/30",14,"Neuronal-associated prostate epithelial"
"Cellular Processes","Cellular community - eukaryotes","hsa04520","Adherens junction","31/1403","92/8292",0.33695652173913,1.99147788899563,4.31543144323178,6.39690239917347e-05,0.00220053442531567,0.0017574647644045,"6934/5792/4301/56288/3480/1500/10810/999/25945/2064/1956/5819/4008/81607/9855/4636/51701/1495/10458/10580/9411/6714/5881/8976/7082/2033/9475/1457/57154/5797/5770",31,"Neuronal-associated prostate epithelial"
"Metabolism","Global and overview maps","hsa01250","Biosynthesis of nucleotide sugars","16/1403","36/8292",0.444444444444444,2.62675219767166,4.41409840767842,0.000101324779642146,0.00316870219971803,0.00253069545326318,"3099/2762/2673/7358/6675/5373/4351/5236/5238/55907/3098/2585/10020/2582/2821/29926",16,"Neuronal-associated prostate epithelial"
"Metabolism","Metabolism of terpenoids and polyketides","hsa00900","Terpenoid backbone biosynthesis","12/1403","23/8292",0.521739130434783,3.08357866683194,4.51545506618449,0.000113348338875272,0.00324931904775779,0.00259508039003911,"57107/10269/4598/3157/3158/39/4597/3156/2224/78991/51449/79947",12,"Neuronal-associated prostate epithelial"
"Metabolism","Amino acid metabolism","hsa00310","Lysine degradation","23/1403","63/8292",0.365079365079365,2.15768930523029,4.16239187896944,0.000141905042055372,0.00375502572823447,0.00299896485639289,"51166/10157/5352/501/79723/79823/7468/64754/80854/79813/55526/6419/51111/8085/39/55870/387893/217/84444/58508/1892/64324/3033",23,"Neuronal-associated prostate epithelial"
"Human Diseases","Cancer: specific types","hsa05219","Bladder cancer","17/1403","41/8292",0.414634146341463,2.45056759904734,4.20175579797316,0.000176192022525109,0.00432928969633126,0.00345760284804914,"7380/999/2064/1612/595/4193/1956/1871/7422/23604/6714/5604/5894/673/9252/3265/1029",17,"Neuronal-associated prostate epithelial"
"Organismal Systems","Aging","hsa04211","Longevity regulating pathway","29/1403","89/8292",0.325842696629214,1.9257930437986,3.96256830553553,0.000212244798705733,0.00486748071698482,0.00388743104997869,"108/10645/90993/3480/8660/51422/8503/5291/2309/5563/148327/8408/79813/9586/1386/112/79602/5562/7248/2475/84335/207/9821/64764/57521/7249/3265/5571/208",29,"Neuronal-associated prostate epithelial"
"Human Diseases","Cancer: specific types","hsa05225","Hepatocellular carcinoma","46/1403","167/8292",0.275449101796407,1.62795720035339,3.69939577323042,0.000349231060249845,0.00750846779537167,0.00599666491613221,"7481/6934/7474/4040/25759/81029/3480/54361/8503/5291/595/1956/7482/7043/4257/7855/4041/8289/1871/1452/6597/119391/5578/7477/10912/5604/6595/5894/2932/57492/8322/6599/2475/673/55193/10587/8323/207/4258/196528/2549/3265/1856/1029/1855/208",46,"Neuronal-associated prostate epithelial"
"Metabolism","Lipid metabolism","hsa00564","Glycerophospholipid metabolism","31/1403","101/8292",0.306930693069307,1.81401946324354,3.71433622283291,0.000431864111490275,0.00873889731486204,0.00697935189467256,"196051/1040/129642/5320/253558/375775/166929/8611/10162/8527/154141/8612/1119/5321/259230/81579/84513/8398/2820/81490/79143/23171/55326/56994/10400/54675/5833/85465/23761/56894/9926",31,"Neuronal-associated prostate epithelial"
"Organismal Systems","Endocrine system","hsa04919","Thyroid hormone signaling pathway","35/1403","121/8292",0.289256198347107,1.70955979807143,3.5481198571089,0.000656544157471672,0.0125472883427919,0.0100209371403571,"116931/9882/5208/54361/3685/8503/10499/5291/595/4193/7068/2648/5578/9969/25942/4853/9442/6714/5604/5894/2932/23389/2475/8648/2033/488/6513/6548/207/476/481/7249/3265/208/2099",35,"Neuronal-associated prostate epithelial"
"Cellular Processes","Transport and catabolism","hsa04146","Peroxisome","26/1403","83/8292",0.313253012048193,1.85138558510593,3.51782646548177,0.000868956548182715,0.0157326869776239,0.012564967261811,"3295/26063/2180/10478/3417/8800/2181/5192/4598/5191/196743/54677/83594/51/8310/1891/1384/5194/5827/5264/30/2053/3418/26061/5195/84188",26,"Neuronal-associated prostate epithelial"
"Cellular Processes","Transport and catabolism","hsa04140","Autophagy - animal","44/1403","165/8292",0.266666666666667,1.57605131860299,3.3728126497219,0.000975118569756255,0.0158543729369159,0.0126621521925797,"5602/10645/3480/8660/23001/8503/5291/1612/5563/10325/8408/55102/81671/9706/23604/5562/8897/7879/5601/9110/5604/5580/5894/55626/7248/2475/7405/84335/3920/207/22800/9821/57521/7249/3265/9451/10533/64689/55578/30849/55014/208/83734/83452",44,"Neuronal-associated prostate epithelial"
"Environmental Information Processing","Signaling molecules and interaction","hsa04517","IgSF CAM signaling","71/1403","296/8292",0.239864864864865,1.417647512088,3.30197333790482,0.000980787103886202,0.0158543729369159,0.0126621521925797,"80059/11141/22871/5789/26047/6334/5602/57502/8829/23705/23426/79784/137970/5792/4301/288/56288/22829/5802/653857/4628/4133/6712/999/25945/8503/9693/5291/23607/199731/5819/9223/4008/8541/25/7410/57522/253559/7204/81607/9901/5578/8777/10458/55558/1525/10580/5817/57180/5601/6714/5604/50848/9353/2932/8976/10298/23085/9414/5584/6711/7082/5747/92154/207/9564/84612/51735/208/8500/351",71,"Neuronal-associated prostate epithelial"
"Cellular Processes","Cellular community - eukaryotes","hsa04550","Signaling pathways regulating pluripotency of stem cells","39/1403","142/8292",0.274647887323944,1.6232218686316,3.38035454115545,0.00101394245526787,0.0158543729369159,0.0126621521925797,"7481/658/7474/90/3977/81029/3480/54361/4090/8503/5291/463/7482/6926/3572/7855/91/6774/7477/92/3625/5604/5894/2932/10336/8322/4086/657/8323/4093/207/3265/3717/56916/1856/1855/208/7703/55183",39,"Neuronal-associated prostate epithelial"
"Human Diseases","Drug resistance: antineoplastic","hsa01522","Endocrine resistance","28/1403","95/8292",0.294736842105263,1.74195145740331,3.28219234355188,0.00160465663660475,0.0234428920606274,0.0187227503911376,"108/5602/182/25759/3480/8503/5291/2064/595/4193/1956/1871/112/4853/638/5601/6714/5604/5894/2475/673/5747/6667/207/3265/1029/208/2099",28,"Neuronal-associated prostate epithelial"
"Organismal Systems","Endocrine system","hsa04920","Adipocytokine signaling pathway","22/1403","69/8292",0.318840579710145,1.88440918528619,3.32902338090078,0.00163555060888098,0.0234428920606274,0.0187227503911376,"5602/10645/4852/8660/2180/51422/2181/5563/6774/3551/79602/5562/5601/5465/1374/2475/92579/6513/207/3717/5571/208",22,"Neuronal-associated prostate epithelial"
"Organismal Systems","Endocrine system","hsa04922","Glucagon signaling pathway","30/1403","105/8292",0.285714285714286,1.68862641278892,3.20457272105091,0.0019123645375323,0.0263141360364445,0.0210158797598287,"108/816/31/5530/90993/51422/5563/148327/5834/5256/5140/9586/1386/5255/5562/91860/5465/1374/5257/2997/2776/92579/2033/6513/207/64764/5571/5315/2203/208",30,"Neuronal-associated prostate epithelial"
"Environmental Information Processing","Signal transduction","hsa04012","ErbB signaling pathway","25/1403","84/8292",0.297619047619048,1.75898584665513,3.15506889622656,0.00240765636266794,0.0302764919015873,0.0241804295786851,"5602/816/25759/145957/8503/5291/2064/1956/25/2065/6416/5578/5601/6714/5604/5894/2932/10298/2475/673/5747/207/2549/3265/208",25,"Neuronal-associated prostate epithelial"
"Environmental Information Processing","Signal transduction","hsa04310","Wnt signaling pathway","45/1403","177/8292",0.254237288135593,1.50259129951557,3.05008215905291,0.00243734132404717,0.0302764919015873,0.0241804295786851,"7481/5602/1501/90665/816/5530/25805/6934/7474/4040/9620/81029/54361/7088/79718/595/55366/23291/7482/7855/4041/1452/51701/23002/5578/7477/1488/5601/5881/2932/8322/27130/2033/7090/8323/7091/7089/9475/1457/440193/81839/57680/1856/1855/5467",45,"Neuronal-associated prostate epithelial"
"Metabolism","Glycan biosynthesis and metabolism","hsa00520","Amino sugar and nucleotide sugar metabolism","14/1403","38/8292",0.368421052631579,2.17743932175414,3.2828595453055,0.00253136902550275,0.0302764919015873,0.0241804295786851,"3099/2673/7358/6675/5373/4351/5236/5238/3098/2585/10020/2582/2821/29926",14,"Neuronal-associated prostate epithelial"
"Human Diseases","Endocrine and metabolic disease","hsa04930","Type II diabetes mellitus","16/1403","46/8292",0.347826086956522,2.0557191112213,3.2401105988327,0.00255237867775009,0.0302764919015873,0.0241804295786851,"8913/5602/3099/8660/8503/5291/776/5590/3551/5581/5601/5580/2475/8835/3098/5315",16,"Neuronal-associated prostate epithelial"
"Metabolism","Carbohydrate metabolism","hsa00650","Butanoate metabolism","11/1403","27/8292",0.407407407407407,2.40785618119902,3.30653364228359,0.00290484063183403,0.0323348917623037,0.025824378059857,"79944/18/622/65985/7915/3157/3158/39/5019/1892/3033",11,"Neuronal-associated prostate epithelial"
"Environmental Information Processing","Signal transduction","hsa04340","Hedgehog signaling pathway","18/1403","55/8292",0.327272727272727,1.93424480010367,3.13697965275228,0.00305573267427643,0.0323348917623037,0.025824378059857,"157/55733/595/23288/1954/23291/2121/1452/53944/408/23295/2932/51684/11127/2737/730094/57154/1456",18,"Neuronal-associated prostate epithelial"
"Environmental Information Processing","Signal transduction","hsa04390","Hippo signaling pathway","40/1403","155/8292",0.258064516129032,1.52521095348677,2.97866502957258,0.00310189368650007,0.0323348917623037,0.025824378059857,"7481/658/6934/23286/7474/56288/81029/54361/10207/5522/999/595/166824/23291/7003/7482/8994/7005/5590/10413/6788/7043/9231/7855/3993/1495/7477/1741/1739/2932/8322/4086/657/5584/4771/8323/23513/84612/1856/1855",40,"Neuronal-associated prostate epithelial"
"Human Diseases","Endocrine and metabolic disease","hsa04934","Cushing syndrome","40/1403","155/8292",0.258064516129032,1.52521095348677,2.97866502957258,0.00310189368650007,0.0323348917623037,0.025824378059857,"8913/185/183/7481/108/3949/816/6934/8912/7474/81029/90993/54361/595/1956/776/7482/7855/148327/50940/1871/9586/1386/112/5087/7477/949/5604/2932/8322/8085/2776/2767/673/8323/6667/64764/1856/1029/1855",40,"Neuronal-associated prostate epithelial"
"Metabolism","Carbohydrate metabolism","hsa00640","Propanoate metabolism","12/1403","32/8292",0.375,2.21632216678546,3.11091244146488,0.00427797528309132,0.0432830440406886,0.0345681594082611,"31/5095/18/26275/594/51/8310/5096/84532/4329/4594/1892",12,"Neuronal-associated prostate epithelial"
"Human Diseases","Cancer: overview","hsa05231","Choline metabolism in cancer","27/1403","97/8292",0.278350515463918,1.64510511349024,2.88400542694416,0.00466848690304976,0.0455947161531684,0.036414384687812,"5602/6584/6581/10810/8503/8611/5291/1956/8527/8612/1119/5321/80736/5578/5601/5604/5881/5894/7248/2475/56994/6667/207/7249/3265/8394/208",27,"Neuronal-associated prostate epithelial"
"Human Diseases","Drug resistance: antineoplastic","hsa01521","EGFR tyrosine kinase inhibitor resistance","23/1403","79/8292",0.291139240506329,1.72068893961403,2.90445526619237,0.00477154006254088,0.0455947161531684,0.036414384687812,"25759/3480/8503/5291/2064/1956/2309/4763/2065/6774/5578/7422/6714/5604/5894/2932/2475/673/207/2549/3265/3717/208",23,"Neuronal-associated prostate epithelial"
"Organismal Systems","Endocrine system","hsa04935","Growth hormone synthesis, secretion and action","32/1403","121/8292",0.264462809917355,1.56302610109388,2.81538510889633,0.00518044140757701,0.0481641038974727,0.0384664354872717,"108/5602/25759/90993/8660/8503/5291/776/148327/6416/6774/9586/1386/5578/112/5601/5604/5894/2932/2776/2475/2767/8835/5747/2033/207/2690/9564/64764/3265/3717/208",32,"Neuronal-associated prostate epithelial"
"Cellular Processes","Cell motility","hsa04820","Cytoskeleton in muscle cells","60/474","232/8292",0.258620689655172,4.52422522915757,13.405558827002,2.34815081665338e-24,6.92704490912746e-22,5.14121441962002e-22,"72/4629/3679/482/10398/25802/7169/477/23500/171024/1756/2273/633/4811/1292/1291/1284/9260/1466/7168/1282/1281/1290/1465/8910/1289/3672/1278/6443/6383/64423/2275/27295/2335/1293/7414/7057/1277/9124/1287/3688/7094/64236/6641/7171/3693/2200/1837/23345/4627/2274/4000/7791/1634/7431/23353/79188/60/6711/3685",60,"Pericyte/smooth muscle"
"Cellular Processes","Cellular community - eukaryotes","hsa04510","Focal adhesion","52/474","200/8292",0.26,4.54835443037975,12.5071641376125,2.64588579855727e-21,3.90268155287197e-19,2.89654866368375e-19,"3679/10398/5228/4638/5159/858/857/1292/1291/1284/8395/1282/5154/3909/3910/3672/2316/1278/3913/2335/1293/4660/87/7414/3911/7057/1277/55742/3611/9564/1287/5747/5728/3915/3688/4659/7094/9475/3693/6093/81/7791/2013/10000/894/60/387/3685/7423/1956/7408/5602",52,"Pericyte/smooth muscle"
"Environmental Information Processing","Signaling molecules and interaction","hsa04518","Integrin signaling","40/474","153/8292",0.261437908496732,4.57350872838587,10.9849942453072,1.0845108123686e-16,1.06643563216246e-14,7.9150262797428e-15,"3679/5228/5159/1292/1291/1284/1282/5154/3909/3910/3672/2316/1278/3913/10979/2335/1293/87/7414/3911/7057/1277/55742/3611/1287/5747/3915/3688/7094/3693/2200/81/8440/10000/894/60/3685/7423/1956/3987",40,"Pericyte/smooth muscle"
"Environmental Information Processing","Signal transduction","hsa04022","cGMP-PKG signaling pathway","36/474","164/8292",0.219512195121951,3.8400740969435,9.04491610069431,1.25069686065627e-12,9.22388934734003e-11,6.84591965832908e-11,"5350/7225/482/10398/477/5592/4638/3779/1909/150/2983/775/8654/109/5139/2977/4208/493/2982/5332/4659/9475/6546/6093/2770/10000/64764/4209/3708/488/387/291/6722/293/7417/7408",36,"Pericyte/smooth muscle"
"Cellular Processes","Cell motility","hsa04810","Regulation of actin cytoskeleton","41/474","227/8292",0.180616740088106,3.15964980761724,8.12341934908735,2.69917954096758e-11,1.59251592917087e-09,1.18195651478159e-09,"4629/3679/10398/4638/5159/8395/5154/3672/2335/6237/4660/87/7414/2934/9564/1073/8874/5747/3688/55740/4659/55970/2260/10552/9475/3693/10152/6093/81/4627/10787/10092/10000/60/387/324/8976/3685/1956/4478/23191",41,"Pericyte/smooth muscle"
"Environmental Information Processing","Signaling molecules and interaction","hsa04517","IgSF CAM signaling","45/474","296/8292",0.152027027027027,2.65951077659938,7.1587028411401,1.06404322714212e-09,5.23154586678209e-08,3.88282440781686e-08,"4629/7225/6586/10398/4638/23114/55243/8633/10580/90952/83700/4133/87/7414/84617/2036/9863/9564/2037/5747/3688/7846/5376/2260/10552/4637/56288/140465/81/8777/4627/7082/8440/10092/351/10000/60/5781/387/8655/6711/203068/8976/4478/5602",45,"Pericyte/smooth muscle"
"Human Diseases","Cancer: overview","hsa05205","Proteoglycans in cancer","35/474","200/8292",0.175,3.06139240506329,7.2659520541174,1.9725749958764e-09,8.31299462547914e-08,6.16985863371868e-08,"51196/3316/858/857/7078/2099/2316/1278/6383/2335/6237/4660/7057/4609/1277/5747/3688/4659/2260/9475/3693/6093/818/967/867/1634/10000/60/3708/5781/2017/387/3685/1956/4478",35,"Pericyte/smooth muscle"
"Organismal Systems","Circulatory system","hsa04270","Vascular smooth muscle contraction","27/474","132/8292",0.204545454545455,3.57825086306099,7.35210758224086,4.60639803939458e-09,1.69860927702675e-07,1.26069841078167e-07,"72/4629/59/10398/5592/5739/94274/4638/3779/1909/2983/775/800/109/2977/4660/2982/5332/4659/4637/9475/140465/6093/4627/183/3708/387",27,"Pericyte/smooth muscle"
"Human Diseases","Cardiovascular disease","hsa05414","Dilated cardiomyopathy","23/474","104/8292",0.221153846153846,3.86879259980526,7.24889317888759,1.37874948772727e-08,4.51923443199494e-07,3.35415080055289e-07,"5350/3679/7169/1756/775/783/109/7168/8910/3672/6443/3688/6641/7171/6546/3693/781/1837/183/4000/60/488/3685",23,"Pericyte/smooth muscle"
"Cellular Processes","Cellular community - eukaryotes","hsa04530","Tight junction","30/474","168/8292",0.178571428571429,3.12386980108499,6.84766283892518,1.80387352748794e-08,5.32142690608942e-07,3.94953361807886e-07,"4629/10398/83700/87/3688/51421/7846/55114/10552/4637/9475/56288/140465/6093/81/8777/8531/5516/4627/7082/10092/5872/60/2017/387/1019/7408/4478/154810/5602",30,"Pericyte/smooth muscle"
"Environmental Information Processing","Signaling molecules and interaction","hsa04512","ECM-receptor interaction","20/474","89/8292",0.224719101123595,3.931161996871,6.8453122638782,9.26339094639878e-08,2.48427302653422e-06,1.84381370033583e-06,"3679/1292/1291/1284/1282/3909/3910/3672/1278/3913/2335/1293/3911/7057/1277/1287/3915/3688/3693/3685",20,"Pericyte/smooth muscle"
"Human Diseases","Cardiovascular disease","hsa05410","Hypertrophic cardiomyopathy","21/474","99/8292",0.212121212121212,3.71077867280399,6.6809000632735,1.27353994928133e-07,3.13078570864994e-06,2.32365183728523e-06,"3679/7169/1756/775/783/7168/8910/3672/6443/3688/6641/7171/6546/3693/781/1837/183/4000/60/488/3685",21,"Pericyte/smooth muscle"
"Human Diseases","Infectious disease: bacterial","hsa05100","Bacterial invasion of epithelial cells","18/474","77/8292",0.233766233766234,4.08942955778399,6.7060173290789,2.16789107584845e-07,4.9194451336561e-06,3.65118496985002e-06,"858/857/79658/2335/7414/55752/3611/9564/5747/3688/10552/867/10092/60/2017/387/1212/8976",18,"Pericyte/smooth muscle"
"Environmental Information Processing","Signal transduction","hsa04151","PI3K-Akt signaling pathway","45/474","357/8292",0.126050420168067,2.20508456547176,5.73090173633758,3.51682324429715e-07,7.41044897905472e-06,5.49999424672036e-06,"3679/4803/4915/5228/5159/284/1292/1291/1284/285/1282/5154/3909/3910/3672/1278/3913/2335/1293/3911/7057/4254/4609/1277/9863/1287/5747/5728/3915/3688/55970/2260/3693/9180/2791/5516/3164/10000/64764/894/3685/1019/7423/1956/5529",45,"Pericyte/smooth muscle"
"Organismal Systems","Immune system","hsa04611","Platelet activation","23/474","124/8292",0.185483870967742,3.24479379338506,6.20117840979173,4.23940917119787e-07,8.33750470335581e-06,6.18804987795899e-06,"5592/5739/4638/2983/109/2977/1281/1278/1277/10235/3688/2982/5332/4659/7094/9475/6093/2770/10000/60/3708/387/7408",23,"Pericyte/smooth muscle"
"Human Diseases","Cardiovascular disease","hsa05412","Arrhythmogenic right ventricular cardiomyopathy","18/474","86/8292",0.209302325581395,3.66146599941125,6.10870548160469,1.25118879039782e-06,2.30687933229599e-05,1.71215308159702e-05,"3679/1756/775/783/8910/3672/6443/3688/6641/6546/3693/781/1837/4000/60/488/3685/6934",18,"Pericyte/smooth muscle"
"Organismal Systems","Endocrine system","hsa04921","Oxytocin signaling pathway","25/474","153/8292",0.163398692810458,2.85844295524117,5.71286842155758,1.60174074980778e-06,2.65221774867764e-05,1.96846134424603e-05,"10398/4638/2983/775/783/109/2977/4208/4660/2982/5332/4659/4637/9475/781/140465/6093/818/2353/2770/60/3708/387/8536/1956",25,"Pericyte/smooth muscle"
"Human Diseases","Infectious disease: viral","hsa05165","Human papillomavirus infection","41/474","329/8292",0.124620060790274,2.18006232926782,5.3778580314533,1.61830235512534e-06,2.65221774867764e-05,1.96846134424603e-05,"3679/4854/5159/26508/23493/1292/1291/1284/1282/3909/3910/3672/1278/3913/182/2335/1293/3911/7057/1277/1287/5747/5728/3915/3688/57801/56288/3693/7132/5516/84441/10000/64764/894/3066/324/3685/1019/1956/5529/6934",41,"Pericyte/smooth muscle"
"Cellular Processes","Cellular community - eukaryotes","hsa04520","Adherens junction","18/474","92/8292",0.195652173913043,3.42267473858008,5.75343079752764,3.49704259717946e-06,5.42961876930495e-05,4.02983302057245e-05,"10398/10580/87/7414/2260/9475/56288/6093/81/57154/7082/60/387/2241/9411/8976/1956/6934",18,"Pericyte/smooth muscle"
"Human Diseases","Infectious disease: parasitic","hsa05146","Amoebiasis","18/474","101/8292",0.178217821782178,3.11768392029076,5.27227625605311,1.37534368051316e-05,0.000202863192875691,0.000150563939761441,"1284/1282/1281/3909/3910/1278/3913/2335/87/7414/3911/1277/1287/5747/3915/5332/3315/81",18,"Pericyte/smooth muscle"
"Human Diseases","Cancer: specific types","hsa05222","Small cell lung cancer","17/474","92/8292",0.184782608695652,3.23252614199229,5.30186097913922,1.45166358670833e-05,0.000203924170513789,0.000151351391496407,"1284/1282/3909/3910/3913/2335/3911/4609/1287/5915/5747/5728/3915/3688/10000/3685/1019",17,"Pericyte/smooth muscle"
"Organismal Systems","Digestive system","hsa04974","Protein digestion and absorption","18/474","103/8292",0.174757281553398,3.05714636844046,5.17265085804508,1.81926658067023e-05,0.000243947109680781,0.000181056195588234,"482/477/80781/7373/1292/1291/1284/1282/1281/1290/1289/1303/1278/1293/1277/1287/6546/54407",18,"Pericyte/smooth muscle"
"Environmental Information Processing","Signaling molecules and interaction","hsa04519","Cadherin signaling","44/474","402/8292",0.109452736318408,1.91473014673468,4.62926787994314,2.05242879150322e-05,0.000263246301518892,0.00019537994903097,"1004/23500/5159/10186/126374/4430/166336/8463/1009/6237/87/5097/7414/5747/51421/10413/2195/55740/2260/10552/9475/10152/6093/81/8777/4641/7082/10787/10092/6788/7431/1822/7003/60/387/324/4642/6259/1956/7408/6934/23191/154810/5602",44,"Pericyte/smooth muscle"
"Environmental Information Processing","Signal transduction","hsa04015","Rap1 signaling pathway","28/474","210/8292",0.133333333333333,2.33248945147679,4.81569307140537,2.20379457454914e-05,0.00026828922360726,0.000199122777913685,"4803/51196/5228/5159/284/109/285/5154/6237/7057/4254/9863/9564/10235/3688/55740/5332/2260/7094/56288/2770/9771/10000/60/387/7423/1956/7408",28,"Pericyte/smooth muscle"
"Cellular Processes","Cell motility","hsa04814","Motor proteins","26/474","188/8292",0.138297872340426,2.41933746296795,4.84685100878169,2.27363748819712e-05,0.00026828922360726,0.000199122777913685,"72/4629/59/10398/7169/1780/7168/4430/84617/7846/4637/7171/140465/4641/63971/1783/4627/10540/6990/60/22920/8655/1639/203068/4642/10121",26,"Pericyte/smooth muscle"
"Human Diseases","Infectious disease: bacterial","hsa05130","Pathogenic Escherichia coli infection","26/474","197/8292",0.131979695431472,2.30880935552271,4.57768466229441,5.16081892622933e-05,0.000585554455091405,0.00043459527799826,"4629/4430/84617/3688/7846/10552/9475/6093/4641/2353/7132/4627/7082/10787/8440/10092/9871/60/5781/2017/387/203068/8976/4642/23191/5602",26,"Pericyte/smooth muscle"
"Human Diseases","Neurodegenerative disease","hsa05020","Prion disease","32/474","269/8292",0.118959107806691,2.08103148087149,4.43803661083819,5.88657631342913e-05,0.000643162967578368,0.0004773519973463,"84701/775/858/857/1346/84617/3915/7846/1958/90550/6392/3310/4720/64764/4713/4724/5702/3708/3303/374291/7979/3304/291/1537/203068/7384/539/293/4716/7417/5705/5602",32,"Pericyte/smooth muscle"
"Human Diseases","Cardiovascular disease","hsa05415","Diabetic cardiomyopathy","26/474","200/8292",0.13,2.27417721518987,4.49119271579649,6.68756383264261e-05,0.000704582618081989,0.000522937322251753,"5350/84701/1346/1281/1278/1277/5728/5332/818/6392/183/5166/4720/10000/4713/4724/488/374291/291/1537/7384/539/293/4716/7417/5602",26,"Pericyte/smooth muscle"
"Organismal Systems","Immune system","hsa04670","Leukocyte transendothelial migration","18/474","114/8292",0.157894736842105,2.76215856095936,4.66464558460168,7.39349429734076e-05,0.000752096833695008,0.000558202110289248,"10398/7070/90952/83700/87/7414/9564/5747/3688/9475/6093/81/2770/60/5781/387/7408/4478",18,"Pericyte/smooth muscle"
"Human Diseases","Infectious disease: bacterial","hsa05131","Shigellosis","28/474","226/8292",0.123893805309735,2.16735745491206,4.38100518548605,8.38447023727335e-05,0.000824472906665213,0.00061191923135188,"51196/10398/87/7414/55752/3611/9564/5747/989/3688/5332/10552/7094/9475/84557/6093/81/7132/10092/10000/10670/60/3708/2017/387/8976/1956/5602",28,"Pericyte/smooth muscle"
"Organismal Systems","Development and regeneration","hsa04360","Axon guidance","24/474","181/8292",0.132596685082873,2.31960276942444,4.41967261517664,9.27120679197961e-05,0.000882260001172253,0.000654808493287524,"7225/6586/10398/9037/7223/8633/2042/6237/3611/1073/1808/5747/3688/55740/9475/56288/59277/6093/818/2770/8440/5781/387/6259",24,"Pericyte/smooth muscle"
"Environmental Information Processing","Signal transduction","hsa04371","Apelin signaling pathway","20/474","138/8292",0.144927536231884,2.53531462117043,4.47812663698961,0.000103377618174276,0.000953012417544103,0.000707320545402938,"59/4854/4638/109/1490/182/6237/4208/5327/5332/55970/10014/84557/6546/1958/2770/2791/10000/4209/3708",20,"Pericyte/smooth muscle"
"Cellular Processes","Cellular community - eukaryotes","hsa04540","Gap junction","15/474","89/8292",0.168539325842697,2.94837149765325,4.55014472817058,0.000137993056050598,0.00121884452626554,0.000904619666238115,"5592/5159/2983/109/2977/5154/84617/2982/7846/5332/2770/7082/3708/203068/1956",15,"Pericyte/smooth muscle"
"Organismal Systems","Circulatory system","hsa04261","Adrenergic signaling in cardiomyocytes","21/474","152/8292",0.138157894736842,2.41688874083944,4.34100350127454,0.000140476996247553,0.00121884452626554,0.000904619666238115,"5350/482/7169/477/775/783/109/7168/493/5332/7171/6546/781/818/2770/5516/183/10000/64764/488/5529",21,"Pericyte/smooth muscle"
"Human Diseases","Endocrine and metabolic disease","hsa04933","AGE-RAGE signaling pathway in diabetic complications","16/474","100/8292",0.16,2.79898734177215,4.45633602690479,0.000157067211483089,0.00132385221107175,0.000982555789127296,"51196/1284/1282/1281/6347/1278/2335/1277/1287/5332/1958/183/10000/1019/7423/5602",16,"Pericyte/smooth muscle"
"Environmental Information Processing","Signal transduction","hsa04010","MAPK signaling pathway","33/474","299/8292",0.110367892976589,1.93073959612209,4.03602338012079,0.00019461424765605,0.00159475564051486,0.00118361881615376,"4803/4915/5228/5159/284/775/783/51776/285/5154/8912/2316/6237/4208/4254/4609/10235/3315/55970/2260/781/2353/7132/6788/3164/3310/10000/3303/3304/6722/7423/1956/5602",33,"Pericyte/smooth muscle"
"Human Diseases","Neurodegenerative disease","hsa05016","Huntington disease","33/474","303/8292",0.108910891089109,1.90525128462213,3.95265626867035,0.000249563236934968,0.00198976094313015,0.00147678956706894,"84701/1346/2878/3092/84617/7846/5332/6392/10540/4720/1173/64764/4713/4724/5702/3708/374291/3066/5435/7979/291/1639/1212/1537/203068/7384/539/293/4716/7417/5705/10121/5602",33,"Pericyte/smooth muscle"
"Human Diseases","Cardiovascular disease","hsa05418","Fluid shear stress and atherosclerosis","19/474","137/8292",0.138686131386861,2.42612953894484,4.14430845271273,0.000275017590088874,0.00213500497568994,0.0015845888847226,"858/857/5154/6347/6383/4208/5747/5327/2947/2950/657/4259/2353/7132/10000/60/387/3685/5602",19,"Pericyte/smooth muscle"
"Organismal Systems","Endocrine system","hsa04926","Relaxin signaling pathway","18/474","129/8292",0.13953488372093,2.44097733294083,4.06136387493327,0.000366802329243135,0.00268070966907431,0.001989607889982,"59/109/1284/1282/1281/1278/1277/1287/5332/55970/2353/2770/2791/10000/64764/7423/1956/5602",18,"Pericyte/smooth muscle"
"Organismal Systems","Environmental adaptation","hsa04713","Circadian entrainment","15/474","97/8292",0.154639175257732,2.70520683805298,4.15942453349873,0.000367090037136715,0.00268070966907431,0.001989607889982,"5592/2983/775/109/2977/8912/2982/5332/55970/818/2353/2770/2791/3708/8864",15,"Pericyte/smooth muscle"
"Organismal Systems","Circulatory system","hsa04260","Cardiac muscle contraction","14/474","87/8292",0.160919540229885,2.81507347592027,4.19043722776779,0.000376548519033482,0.00268070966907431,0.001989607889982,"84701/482/7169/477/775/783/1346/7168/7171/6546/781/488/1537/7384",14,"Pericyte/smooth muscle"
"Human Diseases","Infectious disease: bacterial","hsa05132","Salmonella infection","28/474","247/8292",0.11336032388664,1.98308819761185,3.86209302266176,0.000381660359664817,0.00268070966907431,0.001989607889982,"10398/1780/2316/6237/84617/4609/7846/10552/9475/2353/7132/1783/10787/10092/10540/10000/388/6990/60/387/8655/1639/203068/8976/6934/23191/10121/5602",28,"Pericyte/smooth muscle"
"Environmental Information Processing","Signal transduction","hsa04350","TGF-beta signaling pathway","16/474","109/8292",0.146788990825688,2.56787829520381,4.05708509410155,0.000432814193443895,0.00291952199186151,0.00216685307513718,"2615/4052/3400/7057/4609/3399/2200/6093/657/57154/5516/4681/1634/4090/3066/387",16,"Pericyte/smooth muscle"
"Cellular Processes","Transport and catabolism","hsa04144","Endocytosis","28/474","249/8292",0.112449799196787,1.96715977835392,3.81534365378151,0.000435454127599683,0.00291952199186151,0.00216685307513718,"30846/858/857/8395/11031/2869/8853/22905/10552/56288/50807/93343/116987/57154/867/10092/3310/1173/3303/8724/387/3304/23111/1212/8976/1956/8411/11267",28,"Pericyte/smooth muscle"
"Human Diseases","Cancer: overview","hsa05208","Chemical carcinogenesis - reactive oxygen species","25/474","219/8292",0.114155251141553,1.99699439338767,3.68164655089416,0.000699649249121914,0.00458658952202144,0.00340414137584464,"84701/1346/5747/5728/2947/2052/4259/2353/6392/4720/10000/4713/4724/374291/5781/291/1537/7384/539/293/4716/7417/1956/873/5602",25,"Pericyte/smooth muscle"
"Human Diseases","Neurodegenerative disease","hsa05012","Parkinson disease","28/474","264/8292",0.106060606060606,1.85538933640199,3.4778184633382,0.0011004248613562,0.00705707248043651,0.00523772016389222,"84701/1346/5413/84617/7846/818/2770/90550/6392/4720/4713/4724/5702/3708/374291/27173/7979/291/1537/203068/7384/539/293/65018/4716/7417/5705/5602",28,"Pericyte/smooth muscle"
"Organismal Systems","Endocrine system","hsa04924","Renin secretion","11/474","69/8292",0.159420289855072,2.78884608328747,3.6738986376498,0.00169374094832717,0.010630927228862,0.00789021539198323,"1909/2983/775/5136/5139/2977/2982/5332/2770/183/3708",11,"Pericyte/smooth muscle"
"Human Diseases","Infectious disease: bacterial","hsa05135","Yersinia infection","17/474","136/8292",0.125,2.18670886075949,3.43573632120953,0.00184992845502013,0.0113693519631445,0.00843827014570584,"8395/6347/2335/9564/8874/5747/3688/10552/9475/6093/2353/10092/10000/60/387/8976/5602",17,"Pericyte/smooth muscle"
"Environmental Information Processing","Signal transduction","hsa04020","Calcium signaling pathway","26/474","251/8292",0.103585657370518,1.81209339855767,3.21686329386247,0.00228959169996093,0.0137842765609892,0.010230613825819,"5350/4803/51196/4915/4638/1909/5159/775/5136/109/5154/8912/493/5332/2260/6546/818/90550/3708/488/291/293/8536/7417/7423/1956",26,"Pericyte/smooth muscle"
"Environmental Information Processing","Signal transduction","hsa04330","Notch signaling pathway","10/474","62/8292",0.161290322580645,2.82155982033483,3.54473816040147,0.00248577319099657,0.0146660618268798,0.010885069973206,"4854/26508/23493/196403/182/441478/84441/7088/3066/1488",10,"Pericyte/smooth muscle"
"Organismal Systems","Endocrine system","hsa04919","Thyroid hormone signaling pathway","15/474","121/8292",0.12396694214876,2.16863688670363,3.18844893201907,0.0036376372817517,0.0208115505621941,0.0154462177232341,"5350/51196/482/477/4854/10231/2099/4609/5332/7067/10000/60/488/3066/3685",15,"Pericyte/smooth muscle"
"Organismal Systems","Endocrine system","hsa04925","Aldosterone synthesis and secretion","13/474","98/8292",0.13265306122449,2.32058899509171,3.23800509090208,0.0036684767092681,0.0208115505621941,0.0154462177232341,"482/477/775/109/8912/493/5332/818/183/3164/64764/3708/8536",13,"Pericyte/smooth muscle"
"Environmental Information Processing","Signal transduction","hsa04392","Hippo signaling pathway - multiple species","6/474","28/8292",0.214285714285714,3.74864376130199,3.58712997796312,0.0043337692526612,0.0239881819090119,0.0178038959396056,"126374/8463/10413/1454/6788/7003",6,"Pericyte/smooth muscle"
"Human Diseases","Cancer: overview","hsa05206","MicroRNAs in cancer","18/474","160/8292",0.1125,1.96803797468354,3.04437744756666,0.0044181610994085,0.0239881819090119,0.0178038959396056,"4854/5159/7168/5154/7078/7057/4609/5728/9839/10014/6935/6093/7431/894/3066/387/324/1956",18,"Pericyte/smooth muscle"
"Environmental Information Processing","Signal transduction","hsa04024","cAMP signaling pathway","23/474","224/8292",0.102678571428571,1.79622513562387,2.97455321738794,0.00447237289829035,0.0239881819090119,0.0178038959396056,"5350/51196/482/10398/477/1909/775/5348/109/5139/6237/493/4659/9475/6093/818/2353/2770/10000/64764/488/387/5602",23,"Pericyte/smooth muscle"
"Environmental Information Processing","Signal transduction","hsa04310","Wnt signaling pathway","19/474","177/8292",0.107344632768362,1.8778516770364,2.90675420635241,0.00584306481966477,0.0307804307464484,0.0228450654603435,"2487/23500/166336/147495/4609/5332/9475/84445/6907/818/1454/7088/894/387/324/1488/6259/6934/5602",19,"Pericyte/smooth muscle"
"Organismal Systems","Digestive system","hsa04970","Salivary secretion","12/474","93/8292",0.129032258064516,2.25724785626786,3.00211089223203,0.00644456357829262,0.0333534430806372,0.0247547409840233,"482/477/5592/2983/109/2977/493/2982/5332/1471/6558/3708",12,"Pericyte/smooth muscle"
"Environmental Information Processing","Signal transduction","hsa04070","Phosphatidylinositol signaling system","12/474","96/8292",0.125,2.18670886075949,2.87954335754139,0.00828271619146921,0.0421276082152313,0.0312668778189763,"51196/1608/8395/3613/160851/5728/5332/8821/8760/8898/3632/3708",12,"Pericyte/smooth muscle"
"Cellular Processes","Transport and catabolism","hsa04148","Efferocytosis","17/474","158/8292",0.107594936708861,1.88223041179298,2.75678742622549,0.00866281321592717,0.0433140660796359,0.0321474602839046,"4240/558/7057/2621/9564/5747/196527/4035/3693/818/55754/5087/682/488/5781/1051/3685",17,"Pericyte/smooth muscle"
"Environmental Information Processing","Signal transduction","hsa04072","Phospholipase D signaling pathway","16/474","146/8292",0.10958904109589,1.91711461765216,2.75278717316179,0.0090319869307271,0.0444072690760749,0.0329588295016007,"1608/5159/109/8395/5154/6237/4254/160851/5332/55326/183/10000/5781/387/8613/1956",16,"Pericyte/smooth muscle"
"Human Diseases","Infectious disease: parasitic","hsa05145","Toxoplasmosis","13/474","110/8292",0.118181818181818,2.06743383199079,2.77493211960808,0.00973159988105595,0.0467407133706783,0.0346906989512974,"3909/3910/3913/3911/3915/3688/7132/2770/3310/10000/3303/3304/5602",13,"Pericyte/smooth muscle"
"Organismal Systems","Excretory system","hsa04961","Endocrine and other factor-regulated calcium reabsorption","8/474","53/8292",0.150943396226415,2.64055409601146,2.95009522219869,0.00982347196265104,0.0467407133706783,0.0346906989512974,"482/477/2099/493/5332/6546/1173/1212",8,"Pericyte/smooth muscle"
"Human Diseases","Neurodegenerative disease","hsa05010","Alzheimer disease","33/474","381/8292",0.0866141732283465,1.51519984052626,2.53493781977076,0.0106692682575252,0.0499592719995226,0.0370794953644985,"84701/775/1346/84617/7846/5332/4035/1454/7132/90550/6392/351/4720/10000/4713/4724/5702/3708/488/374291/27173/7979/291/324/1537/203068/7384/539/293/4716/7417/5705/5602",33,"Pericyte/smooth muscle"
"Genetic Information Processing","Folding, sorting and degradation","hsa04141","Protein processing in endoplasmic reticulum","29/155","169/8292",0.171597633136095,9.17991983202901,14.8276157061938,2.1414618706426e-20,5.09667925212939e-18,4.91409145052723e-18,"91319/81567/6748/9451/9709/9871/7494/84447/51465/9695/10802/7184/4121/55829/6238/27248/6747/6400/2081/51726/10525/3998/29927/55741/10952/9601/10113/10970/23471",29,"Plasma cells"
"Genetic Information Processing","Folding, sorting and degradation","hsa03060","Protein export","7/155","31/8292",0.225806451612903,12.0799167533819,8.52978691204782,1.25630164236033e-06,0.00014949989544088,0.00014414408317608,"90701/60559/9789/29927/28972/58477/10952",7,"Plasma cells"
"Organismal Systems","Immune system","hsa04662","B cell receptor signaling pathway","9/155","81/8292",0.111111111111111,5.94408602150538,6.17117199117894,1.82708856175442e-05,0.00144949025899184,0.00139756247881566,"29760/973/27071/25780/5336/930/974/695/2213",9,"Plasma cells"
"Metabolism","Glycan biosynthesis and metabolism","hsa00532","Glycosaminoglycan biosynthesis - chondroitin sulfate / dermatan sulfate","4/155","21/8292",0.19047619047619,10.1898617511521,5.81938062372299,0.00054851444079289,0.0273850952358341,0.0264040281353907,"51363/79586/11285/54480",4,"Plasma cells"
"Human Diseases","Immune disease","hsa05340","Primary immunodeficiency","5/155","37/8292",0.135135135135135,7.22929380993897,5.24104980928022,0.000575317126803238,0.0273850952358341,0.0264040281353907,"23495/29760/973/930/695",5,"Plasma cells"
"Organismal Systems","Development and regeneration","hsa04380","Osteoclast differentiation","9/155","132/8292",0.0681818181818182,3.6475073313783,4.23171300644148,0.000791004727959558,0.0313765208757291,0.0302524615254708,"29760/5336/695/3455/4689/1535/653361/2213/5971",9,"Plasma cells"
"Genetic Information Processing","Translation","hsa03010","Ribosome","96/1598","173/8292",0.554913294797688,2.87943744709789,12.2053053131727,1.04076738192572e-26,3.65309351055927e-24,3.02370313064735e-24,"28998/29088/6182/63875/200916/64979/6132/51649/51650/51253/64975/51116/6129/6183/64951/60488/51121/79590/64960/55168/6175/64949/11222/6173/6229/64976/6192/65993/28957/78988/64928/51021/55052/128308/6136/118487/6168/51258/51065/9553/6222/54460/6156/6130/6160/6159/6193/6138/51081/25873/6125/6209/4736/6194/6191/9349/6187/6218/6171/10399/6202/23521/11224/6167/6139/6122/6142/6154/9045/6234/6176/6128/6169/6223/64983/54998/6161/6201/6207/6165/6170/6141/6189/6147/6146/6208/6205/6152/6217/6143/6135/6157/6124/6155/3396/3921",96,"Prostate epithelial"
"Metabolism","Energy metabolism","hsa00190","Oxidative phosphorylation","75/1598","132/8292",0.568181818181818,2.94828763226761,11.0241204804877,6.05586015526593e-22,1.06280345724917e-19,8.79693369922841e-20,"4541/27068/155066/27089/4540/1345/528/516/4709/4717/4731/29796/9377/4710/1537/4707/4729/4702/4728/9551/4512/4715/4695/4726/9167/4509/4701/506/1349/9550/4712/6391/5464/518/7388/535/4535/4706/509/4716/1351/515/7381/1337/4539/522/10975/4519/517/10063/1340/4514/498/513/537/4538/4718/4537/4708/1329/10476/4508/4513/533/4694/126328/10632/51606/54539/1347/51382/1350/521/7384/4713",75,"Prostate epithelial"
"Human Diseases","Cancer: overview","hsa05208","Chemical carcinogenesis - reactive oxygen species","102/1598","219/8292",0.465753424657534,2.4167881084232,10.3814609631983,1.36472413174474e-20,1.59672723414135e-18,1.32162758021596e-18,"653689/2053/7422/4541/4257/27089/5587/4540/1345/196/1956/4217/516/4709/4258/4717/4731/873/2309/29796/572/9377/10327/4710/1537/3265/5602/4707/293/207/4729/4702/4728/4512/4715/4695/119391/4726/9167/4259/4509/4701/506/1349/291/4712/5580/9817/1836/6391/7416/518/7388/847/52/4535/4706/509/4716/1351/515/7381/1337/4539/522/10975/25/4519/517/1340/4514/498/5296/5603/513/4538/4718/4537/4708/1329/8503/10476/4508/4513/5795/5747/3725/4694/5879/6416/126328/2353/292/65010/54539/1347/1350/208/6647/7384/10000/4713",102,"Prostate epithelial"
"Organismal Systems","Environmental adaptation","hsa04714","Thermogenesis","99/1598","229/8292",0.432314410480349,2.24327352421969,9.32148462701952,3.2014974099677e-17,2.80931397724665e-15,2.32529811881864e-15,"4541/148327/2181/27089/4540/1345/51422/2180/51287/5563/4217/516/4709/90993/4717/4731/29796/9377/4710/1537/28958/3265/4707/4729/4702/4728/9551/4512/4715/4695/51241/4726/9167/4509/4701/506/1349/4712/6391/116228/518/7388/4535/4706/64223/509/4716/284184/10488/1351/515/7381/1337/51780/4539/522/10975/25915/493753/4519/517/388753/10063/1340/4514/498/5603/513/6194/71/4538/57521/4718/6196/4537/5562/4708/1329/10476/4508/4513/2778/4694/1376/126328/10632/55818/54539/6599/1347/1374/1350/521/64764/7384/7249/91942/6198/4713",99,"Prostate epithelial"
"Human Diseases","Neurodegenerative disease","hsa05012","Parkinson disease","108/1598","264/8292",0.409090909090909,2.12276709523268,9.05809662130646,1.38616265295167e-16,8.88378918476731e-15,7.35320382364906e-15,"4129/4128/4541/55630/25800/816/27089/57181/4540/7494/1345/3309/5693/3800/6622/4217/516/4709/5685/4717/4731/29796/9377/4710/1537/22926/7295/5602/4707/293/4729/7280/4702/4728/4512/4715/4695/808/4726/9167/4509/4701/506/1349/203068/291/4712/9817/6391/7416/518/7388/7922/4535/4706/10131/509/4716/4891/5683/25828/1351/515/7381/4137/1337/5714/4539/522/10975/10383/4519/517/7979/1340/4514/498/513/3710/11315/4538/4718/4537/4708/5689/1329/10476/4508/4513/55669/2778/4694/7326/3709/51465/126328/292/9451/54539/1347/817/1350/3708/6647/7384/805/5719/4713",108,"Prostate epithelial"
"Human Diseases","Cardiovascular disease","hsa05415","Diabetic cardiomyopathy","89/1598","200/8292",0.445,2.30909887359199,9.15605728134594,1.51859644184057e-16,8.88378918476731e-15,7.35320382364906e-15,"4541/25874/2936/816/27089/4540/1345/516/4709/4717/4731/29796/9377/4710/1537/5602/4707/5590/293/207/4729/4702/4728/4512/4715/4695/4726/9167/4509/4701/5578/506/1349/291/4712/2597/5580/6391/5524/7416/518/7388/4535/4706/2673/509/4716/1351/515/7381/1337/5332/4539/522/10975/4519/517/1340/4514/498/5296/5603/513/23236/9882/4538/4718/4537/142/4708/1329/8503/10476/4508/4513/4694/1376/5879/126328/488/292/54539/1347/817/1350/208/7384/10000/4713",89,"Prostate epithelial"
"Human Diseases","Neurodegenerative disease","hsa05010","Alzheimer disease","128/1598","381/8292",0.335958005249344,1.74328146403477,7.25686575498593,8.77571904819226e-12,4.40039626559355e-10,3.64225331924972e-10,"776/1128/4311/4541/55630/25800/27089/57181/4540/7494/1345/81029/5693/3800/6622/4217/516/4709/5685/4717/4731/29796/572/9377/4710/1537/22926/3265/5602/4707/293/207/5530/4729/25825/7280/4702/4728/4512/4715/4695/7855/808/4726/5532/9167/55102/4509/4701/506/1349/203068/291/4712/2597/8660/6391/7416/518/7388/3028/7922/4535/4706/3416/509/4716/4891/5683/1351/515/7381/4137/1337/5332/5714/4539/522/10975/10383/4519/517/7979/57142/102/1340/4514/498/5296/513/3710/23236/4538/4718/4537/4708/5689/1329/8503/10476/1855/4508/4513/55062/4694/4040/3709/1452/126328/488/292/9451/54539/1347/1350/9706/8322/3708/208/7384/4041/2776/23385/805/5719/823/10000/4713",128,"Prostate epithelial"
"Human Diseases","Neurodegenerative disease","hsa05020","Prion disease","98/1598","269/8292",0.364312267657993,1.89041134131419,7.25349670318305,1.59589727041419e-11,7.00199927394225e-10,5.79562692939889e-10,"776/3915/4541/148327/27089/4540/1345/3309/5693/3800/516/4709/90993/5685/4717/4731/29796/572/9377/4710/1537/5602/4707/293/5530/4729/7280/4702/4728/4512/4715/4695/4726/5532/9167/4509/4701/506/1349/203068/291/4712/5580/1958/6391/7416/518/7388/4535/4706/509/4716/10488/5683/1351/515/7381/1337/5714/4539/522/10975/10383/4519/517/7979/1340/4514/498/5296/5603/513/3710/4538/4718/4537/4708/5689/1329/8503/10476/4508/4513/4694/5879/3709/126328/292/9451/54539/1347/1350/3708/6647/64764/7384/5719/4713",98,"Prostate epithelial"
"Human Diseases","Neurodegenerative disease","hsa05016","Huntington disease","106/1598","303/8292",0.34983498349835,1.8152889131216,7.06375505733185,3.99126519678451e-11,1.55659342674596e-09,1.28840841440061e-09,"1769/1767/4541/148327/27089/4540/1345/55081/5693/3800/5437/1175/4217/516/127602/4709/90993/5685/4717/4731/29796/9377/4710/1537/5602/4707/293/4729/7280/4702/4728/4512/9519/4715/4695/4726/9167/55102/4509/4701/506/1349/203068/291/4712/6391/5441/7416/518/7388/5440/4535/4706/5438/5439/509/4716/10488/5683/1351/515/7381/1337/5332/5714/4539/1211/522/10975/10383/6875/1173/4519/517/7979/1340/4514/498/513/23236/4538/4718/4537/4708/5689/1329/10476/4508/4513/55062/4694/126328/3065/292/54539/1347/1350/1213/9706/3708/6647/64764/7384/2776/5719/4713",106,"Prostate epithelial"
"Metabolism","Amino acid metabolism","hsa00280","Valine, leucine and isoleucine degradation","30/1598","48/8292",0.625,3.24311639549437,7.61469351310885,5.38246865459415e-11,1.88924649776255e-09,1.56374878807156e-09,"3158/501/64087/4329/1892/5096/39/18/587/5095/36/84693/3033/3712/224/549/30/38/11112/217/594/3032/3028/27034/223/56922/3157/219/26275/593",30,"Prostate epithelial"
"Genetic Information Processing","Folding, sorting and degradation","hsa04141","Protein processing in endoplasmic reticulum","68/1598","169/8292",0.402366863905325,2.08787611733602,6.98093443818804,1.63843649649481e-10,5.22810191154254e-09,4.3273538089241e-09,"79748/7494/7991/81567/30001/3309/64374/10525/4217/9709/51128/22926/5034/5602/9601/6048/91445/2923/10802/27248/3703/23480/7184/5611/10970/811/9871/5887/11231/80331/10130/3998/6238/6185/10952/1650/6500/55757/6748/56886/821/29927/10483/10277/7326/84447/84061/51465/10905/55829/54431/9451/3326/6747/58505/746/9532/6184/7841/51009/5589/10961/22872/23190/55666/10956/6746/823",68,"Prostate epithelial"
"Human Diseases","Endocrine and metabolic disease","hsa04932","Non-alcoholic fatty liver disease","63/1598","152/8292",0.414473684210526,2.15069824122258,6.99552047217896,1.80552178834431e-10,5.28115123090711e-09,4.37126327704412e-09,"27089/7494/1345/51422/5563/4217/4709/4717/4731/29796/9377/4710/1537/3576/5602/4707/207/4729/4702/4728/4512/4715/4695/4726/9167/4701/1349/4712/8660/6391/7388/4706/4716/1351/7381/1337/10975/4519/6720/1340/4514/5296/5603/4718/5562/4708/1329/8503/4513/3725/4694/5879/126328/2353/9451/54539/1347/1350/208/7384/79602/10000/4713",63,"Prostate epithelial"
"Metabolism","Global and overview maps","hsa01212","Fatty acid metabolism","30/1598","57/8292",0.526315789473684,2.73104538567947,6.407123153216,1.67511060702725e-08,4.52279863897358e-07,3.74356702461151e-07,"3295/33/9415/2194/1892/6319/39/2181/54898/36/31/2180/79993/3033/30/38/6342/8310/51/3032/51495/84869/201562/37/1376/64834/1374/54995/7923/60481",30,"Prostate epithelial"
"Human Diseases","Neurodegenerative disease","hsa05022","Pathways of neurodegeneration - multiple diseases","134/1598","472/8292",0.283898305084746,1.47314439659744,5.17142600496735,5.1020284170029e-07,1.27131951203616e-05,1.05228425647617e-05,"4744/776/1769/1128/1767/4541/6712/816/27089/4540/7494/1345/81029/55081/3309/5693/3800/6622/4217/516/127602/4709/5685/4717/4731/29796/572/9377/4710/1537/22926/3265/5602/4707/293/5530/4729/7280/4702/4728/4512/4715/4695/7855/808/4726/5532/9167/55102/4509/4701/5578/506/1349/203068/291/4712/8878/6391/7416/518/7388/847/3028/4535/4706/10131/509/4716/5683/1351/515/7381/4137/1337/5332/5714/4539/522/10975/10383/4519/517/7979/1340/4514/498/5603/513/3710/11315/23236/4538/4718/4537/4708/5689/1329/80208/10476/1855/4508/4513/55669/55062/4694/4040/7326/5879/3709/51465/1452/126328/488/292/10452/25978/9451/54539/1347/6311/817/1350/9706/8322/3708/6647/7384/4041/2776/805/5719/823/4713",134,"Prostate epithelial"
"Metabolism","Lipid metabolism","hsa00071","Fatty acid degradation","23/1598","43/8292",0.534883720930233,2.77550426405099,5.70301201669823,5.43298936767588e-07,1.27131951203616e-05,1.05228425647617e-05,"501/33/1892/39/2181/36/2180/3033/224/30/38/8310/51/1632/217/128/3032/223/37/10455/1376/219/1374",23,"Prostate epithelial"
"Human Diseases","Infectious disease: viral","hsa05171","Coronavirus disease","74/1598","228/8292",0.324561403508772,1.68414465450234,5.11786814866649,1.12902210861515e-06,2.47679225077449e-05,2.05006646038014e-05,"7113/200916/6132/1956/6129/51121/3576/5602/3654/6175/6173/6229/5578/6192/6136/6168/51065/6222/6156/6130/6160/6159/6193/6138/5296/5603/25873/6125/6209/4736/6194/6191/9349/6187/6218/6171/8503/6202/23521/11224/6167/6139/6122/3725/6142/6154/9045/2353/6234/6176/6128/6169/6223/6161/6201/6207/6165/6170/6141/57506/6189/6774/6147/6146/6208/6205/6152/6217/6143/6135/6157/6124/6155/3921",74,"Prostate epithelial"
"Metabolism","Global and overview maps","hsa01200","Carbon metabolism","44/1598","116/8292",0.379310344827586,1.96823615726555,5.13084436047697,1.93018693451785e-06,3.98526831773979e-05,3.2986476404144e-05,"55753/3417/2806/84706/2653/4329/1892/5096/39/26227/2203/5095/5634/84693/6888/38/8310/5213/51/5315/4191/7086/2746/2597/6391/128/3418/847/3098/2821/226/25796/7167/4190/8803/2023/2271/283871/2805/5226/26275/8801/84532/1737",44,"Prostate epithelial"
"Human Diseases","Neurodegenerative disease","hsa05014","Amyotrophic lateral sclerosis","105/1598","360/8292",0.291666666666667,1.51345431789737,4.86643244644273,2.41884353387032e-06,4.71674489104712e-05,3.90409833536964e-05,"4744/1769/145957/1767/4541/5217/27089/4540/7494/1345/3309/283/5693/3800/4217/516/127602/4709/5685/4717/4731/29796/572/9377/4710/1537/22926/4707/5530/4729/7280/4702/4728/4512/4715/4695/4726/5532/9167/55102/4509/4701/506/1349/203068/4712/400916/310/8878/6391/7416/518/7388/847/4535/4706/509/4716/5683/1351/515/7381/1337/5714/4539/522/9688/10975/10383/4519/517/7979/1340/4514/498/5603/513/3710/71/4538/4718/4537/4708/5689/1329/80208/10476/4508/4513/55062/4694/5879/126328/10452/25978/9451/54539/1347/6311/1350/9706/6647/7384/5719/4713",105,"Prostate epithelial"
"Cellular Processes","Cellular community - eukaryotes","hsa04530","Tight junction","55/1598","168/8292",0.327380952380952,1.69877525478276,4.47050095279636,2.00940363875844e-05,0.00037121088273906,0.00030725507163287,"776/23327/7122/595/9073/7082/100506658/1740/57530/1366/1364/84952/51422/1365/10207/153562/5563/4217/56288/2064/4628/9069/54566/5872/154810/9223/5602/5590/1019/10398/2017/5584/8531/8777/92359/50848/9414/4301/84612/55844/79778/71/3993/5562/9693/91862/3725/5520/5879/8189/1739/5581/79784/5962/87",55,"Prostate epithelial"
"Metabolism","Amino acid metabolism","hsa00330","Arginine and proline metabolism","22/1598","50/8292",0.44,2.28315394242804,4.44627633770429,5.39840083084426e-05,0.000902304138869683,0.000746846430733341,"4129/384/6611/5831/501/2806/4128/8659/1152/262/2593/55748/224/4942/217/5832/223/4953/6303/112483/219/2805",22,"Prostate epithelial"
"Human Diseases","Infectious disease: bacterial","hsa05110","Vibrio cholerae infection","22/1598","50/8292",0.44,2.28315394242804,4.44627633770429,5.39840083084426e-05,0.000902304138869683,0.000746846430733341,"7082/155066/30001/528/6558/9601/11014/5578/9550/23480/10945/535/9414/10952/71/537/375/29927/2778/533/51606/51382",22,"Prostate epithelial"
"Cellular Processes","Transport and catabolism","hsa04146","Peroxisome","31/1598","83/8292",0.373493975903614,1.93805509899422,4.1963456922861,8.71386648647237e-05,0.00133332757148052,0.00110360896604775,"7498/3295/3417/5192/23600/2053/1384/5827/2181/5264/2180/1891/8800/30/83594/6342/8310/5194/51/54677/25824/3418/847/11001/5052/5825/5191/10455/11264/6647/5190",31,"Prostate epithelial"
"Metabolism","Carbohydrate metabolism","hsa00640","Propanoate metabolism","16/1598","32/8292",0.5,2.59449311639549,4.41526327777799,8.73690431454472e-05,0.00133332757148052,0.00110360896604775,"4329/1892/5096/18/5095/31/84693/8310/51/594/8803/3939/26275/8801/593/84532",16,"Prostate epithelial"
"Metabolism","Amino acid metabolism","hsa00270","Cysteine and methionine metabolism","21/1598","52/8292",0.403846153846154,2.09555213247328,3.8718641010563,0.000343145574093785,0.00501850402112161,0.00415386747587214,"27232/6611/2806/7263/55256/26227/191/587/262/4357/58478/2729/4191/2937/23382/4190/4507/56267/3939/2805/2730",21,"Prostate epithelial"
"Metabolism","Carbohydrate metabolism","hsa00620","Pyruvate metabolism","20/1598","49/8292",0.408163265306122,2.11795356440449,3.83467132683291,0.000399856515393409,0.00561398547612346,0.00464675361046657,"2739/501/39/31/9380/10327/224/38/5315/4191/217/128/98/4190/223/2271/219/3939/84532/1737",20,"Prostate epithelial"
"Organismal Systems","Nervous system","hsa04723","Retrograde endocannabinoid signaling","45/1598","145/8292",0.310344827586207,1.61037503776272,3.62268771356006,0.000432529107175366,0.00583914294686744,0.00483311876843729,"776/2567/2562/2786/2166/4541/2790/4540/4709/4717/4731/4710/5602/4707/4729/4702/4728/4715/4695/2783/4726/4701/5578/4712/4535/4706/222236/4716/5332/4539/5603/3710/23236/4538/4718/4537/4708/4694/3709/55970/126328/54539/3708/2776/4713",45,"Prostate epithelial"
"Metabolism","Lipid metabolism","hsa01040","Biosynthesis of unsaturated fatty acids","13/1598","27/8292",0.481481481481481,2.49840077875122,3.81010929881304,0.000643415718402127,0.00836440433922765,0.00692330363660768,"3295/9415/6319/54898/79993/30/6342/8310/51/51495/201562/64834/60481",13,"Prostate epithelial"
"Metabolism","Carbohydrate metabolism","hsa00630","Glyoxylate and dicarboxylate metabolism","14/1598","31/8292",0.451612903225806,2.34341313738948,3.66119716908916,0.000896450550330009,0.0112376479702083,0.00930151698838656,"2653/5096/39/5095/9380/84693/38/4191/847/125061/4190/81888/283871/84532",14,"Prostate epithelial"
"Metabolism","Amino acid metabolism","hsa00310","Lysine degradation","23/1598","63/8292",0.365079365079365,1.8943917992729,3.48155726673952,0.000994782144372833,0.0120402942301677,0.00996587556613074,"501/1892/39/5352/56950/55526/3033/224/10157/38/80854/217/387893/64754/79813/51166/223/7468/84444/219/58508/51111/55870",23,"Prostate epithelial"
"Organismal Systems","Nervous system","hsa04728","Dopaminergic synapse","40/1598","131/8292",0.305343511450382,1.58442327718809,3.29412788368075,0.00124682303493268,0.0145878295087124,0.0120744967593481,"776/4129/4128/2786/2790/148327/816/3800/90993/5602/207/5530/2783/808/5532/84152/5578/10488/220074/5332/55844/1312/5603/3710/23236/2778/5523/5520/3709/55970/2353/9575/817/3708/208/64764/2776/805/10000/408",40,"Prostate epithelial"
"Environmental Information Processing","Signal transduction","hsa04152","AMPK signaling pathway","37/1598","120/8292",0.308333333333333,1.59993742177722,3.23430809314577,0.00153707284288019,0.0173283399780718,0.0143428455059164,"595/3480/10645/2194/6319/148327/2203/51422/31/81617/5563/90993/2309/207/29904/5213/8660/1938/10488/6720/55844/5296/57521/5562/8503/5523/5520/10890/1374/5862/208/64764/79602/7249/92579/6198/10000",37,"Prostate epithelial"
"Cellular Processes","Cellular community - eukaryotes","hsa04520","Adherens junction","30/1598","92/8292",0.326086956521739,1.69206072808402,3.26122065180759,0.00157979167891253,0.0173283399780718,0.0143428455059164,"3480/9411/7082/10458/5792/999/1956/56288/2064/10810/4008/10398/1500/5797/5881/1495/8976/52/5819/6934/9855/4301/71/4089/5795/5879/7414/51701/7525/87",30,"Prostate epithelial"
"Organismal Systems","Circulatory system","hsa04260","Cardiac muscle contraction","28/1598","87/8292",0.32183908045977,1.67001855767986,3.0694188528985,0.00276413398728766,0.0294003342284233,0.0243349595053076,"776/27092/781/27089/1345/84679/29796/9377/1537/4512/9167/1349/7388/476/1351/7381/1337/10975/4519/1340/4514/783/1329/4513/488/1347/1350/7384",28,"Prostate epithelial"
"Metabolism","Metabolism of other amino acids","hsa00410","beta-Alanine metabolism","13/1598","31/8292",0.419354838709677,2.1760264847188,3.20501915367087,0.00307415347867173,0.0311854385432871,0.0258125087357842,"501/4329/1892/18/55748/224/8310/51380/51/217/223/219/26275",13,"Prostate epithelial"
"Human Diseases","Cardiovascular disease","hsa05418","Fluid shear stress and atherosclerosis","40/1598","137/8292",0.291970802919708,1.5150324767273,2.96983217065737,0.00310965911400299,0.0311854385432871,0.0258125087357842,"653689/658/7422/4257/1906/3554/5563/6383/4217/657/4258/7295/5602/5590/207/119391/808/4259/5881/9817/8878/7184/3383/25828/5296/5603/71/5562/8503/5747/3725/5879/6416/3685/2353/6613/3326/208/805/10000",40,"Prostate epithelial"
"Environmental Information Processing","Signal transduction","hsa04068","FoxO signaling pathway","38/1598","129/8292",0.294573643410853,1.528538580202,2.95594018536801,0.00329183509859785,0.032095392211329,0.0265656867606142,"11067/10912/595/3480/9455/664/9456/604/51422/901/1956/5563/2309/114907/11345/3265/5602/207/10769/26260/80854/8660/847/4193/4616/5296/5603/5562/8503/4089/11337/8743/51701/208/6774/92579/23678/10000",38,"Prostate epithelial"
"Metabolism","Amino acid metabolism","hsa00380","Tryptophan metabolism","16/1598","42/8292",0.380952380952381,1.97675666011085,3.10050933431498,0.00345987528081743,0.0328220600964032,0.0271671572547827,"4129/501/4128/1892/39/55526/3033/224/38/217/847/125061/51166/223/56267/219",16,"Prostate epithelial"
"Organismal Systems","Endocrine system","hsa04922","Glucagon signaling pathway","32/1598","105/8292",0.304761904761905,1.58140532808868,2.92927572625068,0.00377999440136469,0.0349152114441844,0.028899680187719,"148327/2203/816/51422/31/5563/90993/207/5530/5213/808/5532/5315/5834/10488/5332/3710/23236/5562/5257/2778/3709/3939/1374/817/3708/208/64764/2776/805/92579/10000",32,"Prostate epithelial"
"Metabolism","Global and overview maps","hsa01210","2-Oxocarboxylic acid metabolism","13/1598","32/8292",0.40625,2.10802565707134,3.06820076185858,0.00427827991770943,0.0385045192593848,0.0318705872412362,"55753/3417/2806/95/84706/587/55526/594/3418/51166/2805/593/1737",13,"Prostate epithelial"
"Metabolism","Carbohydrate metabolism","hsa00010","Glycolysis / Gluconeogenesis","22/1598","66/8292",0.333333333333333,1.729662077597,2.90769186681008,0.00470672373833413,0.041301500803882,0.0341856776784268,"501/2203/10327/224/5213/5315/217/2597/128/3098/2821/226/7167/223/9562/2023/219/3939/5236/92579/84532/1737",22,"Prostate epithelial"
"Metabolism","Global and overview maps","hsa01250","Biosynthesis of nucleotide sugars","14/1598","36/8292",0.388888888888889,2.01793909052983,2.99045444921047,0.00490994606406968,0.0420339284997185,0.0347919156272973,"7358/64841/55907/5238/2762/54187/6675/29926/3098/2821/2673/29925/2585/5236",14,"Prostate epithelial"
"Human Diseases","Endocrine and metabolic disease","hsa04931","Insulin resistance","32/1598","107/8292",0.299065420560748,1.55184634999357,2.8070471814946,0.00518888500832297,0.043364253283842,0.0358930391553168,"148327/5792/51422/5563/90993/5602/5590/207/5580/8660/5524/11001/2673/5834/10488/6720/5296/9882/6196/5562/8503/57761/10998/376497/1374/5581/208/6774/64764/92579/6198/10000",32,"Prostate epithelial"
"Metabolism","Energy metabolism","hsa00190","Oxidative phosphorylation","12/110","132/8292",0.0909090909090909,6.85289256198347,7.85927528374929,1.49610181143857e-07,1.58606373895603e-05,1.28974003217677e-05,"4541/4512/4540/4535/4509/4519/4539/4514/4536/4537/4513/4538",12,"Secretory/progenitor-like epithelial"
"Human Diseases","Cancer: overview","hsa05208","Chemical carcinogenesis - reactive oxygen species","15/110","219/8292",0.0684931506849315,5.16313823163138,7.23928167556879,1.67714503605171e-07,1.58606373895603e-05,1.28974003217677e-05,"2938/4541/4512/4540/4535/3725/4509/4519/4539/4514/4536/2353/4537/4513/4538",15,"Secretory/progenitor-like epithelial"
"Human Diseases","Cardiovascular disease","hsa05418","Fluid shear stress and atherosclerosis","12/110","137/8292",0.0875912408759124,6.60278699402787,7.66694725095386,2.25506692742564e-07,1.58606373895603e-05,1.28974003217677e-05,"5327/445/2938/6385/2950/71/857/3725/8878/1843/60/2353",12,"Secretory/progenitor-like epithelial"
"Organismal Systems","Environmental adaptation","hsa04714","Thermogenesis","14/110","229/8292",0.0611353711790393,4.60849543469631,6.42045245144073,1.7647061961075e-06,9.0802853724641e-05,7.3838189858401e-05,"71/4541/4512/4540/4535/4509/4519/4539/60/4514/4536/4537/4513/4538",14,"Secretory/progenitor-like epithelial"
"Human Diseases","Cardiovascular disease","hsa05415","Diabetic cardiomyopathy","13/110","200/8292",0.065,4.89981818181818,6.47293853448789,2.15172639157917e-06,9.0802853724641e-05,7.3838189858401e-05,"5166/4541/4512/4540/4535/4509/4519/4539/4514/4536/4537/4513/4538",13,"Secretory/progenitor-like epithelial"
"Human Diseases","Neurodegenerative disease","hsa05012","Parkinson disease","14/110","264/8292",0.053030303030303,3.99752066115702,5.73892473861953,9.28186624301957e-06,0.000326412296212855,0.00026542880659863,"4541/4512/4540/4535/4509/4519/4539/7316/1843/4514/4536/4537/4513/4538",14,"Secretory/progenitor-like epithelial"
"Human Diseases","Neurodegenerative disease","hsa05020","Prion disease","14/110","269/8292",0.0520446096654275,3.92321730314295,5.65117696302858,1.1498366134718e-05,0.00033795524648553,0.000274815191704372,"1958/4541/857/4512/4540/4535/4509/4519/4539/4514/4536/4537/4513/4538",14,"Secretory/progenitor-like epithelial"
"Cellular Processes","Cellular community - eukaryotes","hsa04530","Tight junction","11/110","168/8292",0.0654761904761905,4.93571428571429,5.97534945682221,1.28134690610628e-05,0.00033795524648553,0.000274815191704372,"1364/100506658/1366/1365/10398/4629/71/3725/60/7430/4637",11,"Secretory/progenitor-like epithelial"
"Organismal Systems","Development and regeneration","hsa04382","Cornified envelope formation","12/110","213/8292",0.0563380281690141,4.24686299615877,5.56602334927964,2.32596777147228e-05,0.0005453102219785,0.000443430113157873,"3880/3866/1364/100506658/1366/3855/3872/1365/3856/6277/3875/6282",12,"Secretory/progenitor-like epithelial"
"Human Diseases","Infectious disease: bacterial","hsa05130","Pathogenic Escherichia coli infection","11/110","197/8292",0.0558375634517767,4.20913705583756,5.28546272593827,5.63501090599782e-05,0.00118898730116554,0.000966849239660678,"1364/100506658/8743/1366/1365/4629/71/3725/60/2353/7430",11,"Secretory/progenitor-like epithelial"
"Human Diseases","Cancer: overview","hsa05205","Proteoglycans in cancer","11/110","200/8292",0.055,4.146,5.22174718925096,6.46507118492183e-05,0.00124011820001682,0.001008427371428,"60495/6385/4193/71/2335/857/2316/5329/7078/60/7430",11,"Secretory/progenitor-like epithelial"
"Human Diseases","Neurodegenerative disease","hsa05014","Amyotrophic lateral sclerosis","15/110","360/8292",0.0416666666666667,3.14090909090909,4.81535363153927,7.4688001391649e-05,0.00131326402446983,0.00106790738831919,"71/4541/4512/4540/4535/8878/4509/4519/4539/60/4514/4536/4537/4513/4538",15,"Secretory/progenitor-like epithelial"
"Organismal Systems","Immune system","hsa04670","Leukocyte transendothelial migration","8/110","114/8292",0.0701754385964912,5.28995215311005,5.34750726846974,0.000127435082964476,0.00206836942350034,0.00168193672252709,"1364/100506658/1366/1365/10398/71/60/7430",8,"Secretory/progenitor-like epithelial"
"Organismal Systems","Circulatory system","hsa04260","Cardiac muscle contraction","7/110","87/8292",0.0804597701149425,6.06520376175549,5.5066480107222,0.000145704845321316,0.00219598016877127,0.00178570599905072,"481/7169/476/4512/4519/4514/4513",7,"Secretory/progenitor-like epithelial"
"Cellular Processes","Cell motility","hsa04820","Cytoskeleton in muscle cells","11/110","232/8292",0.0474137931034483,3.57413793103448,4.61082191078792,0.000241520246309503,0.003397384798087,0.00276265264199641,"481/6385/10398/1465/4629/7169/71/2335/476/1292/60",11,"Secretory/progenitor-like epithelial"
"Genetic Information Processing","Information processing in viruses","hsa03272","Virion - Hepatitis viruses","5/110","48/8292",0.104166666666667,7.85227272727273,5.52021928148887,0.000407758107488433,0.0053773100425037,0.0043726691789878,"1364/100506658/1366/1365/928",5,"Secretory/progenitor-like epithelial"
"Cellular Processes","Cell growth and death","hsa04115","p53 signaling pathway","6/110","75/8292",0.08,6.03054545454545,5.07410124169497,0.000455280790825972,0.00565083805084,0.0045950940498225,"64065/4193/3732/2810/3486/4616",6,"Secretory/progenitor-like epithelial"
"Human Diseases","Neurodegenerative disease","hsa05016","Huntington disease","12/110","303/8292",0.0396039603960396,2.98541854185419,4.08222783530191,0.00064868328259235,0.0072946021812947,0.00593175433051153,"4541/4512/4540/4535/4509/4519/4539/4514/4536/4537/4513/4538",12,"Secretory/progenitor-like epithelial"
"Organismal Systems","Nervous system","hsa04723","Retrograde endocannabinoid signaling","8/110","145/8292",0.0551724137931034,4.15899686520376,4.44943022318169,0.000656859912059712,0.0072946021812947,0.00593175433051153,"2568/4541/4540/4535/4539/4536/4537/4538",8,"Secretory/progenitor-like epithelial"
"Cellular Processes","Cell growth and death","hsa04210","Apoptosis","7/110","136/8292",0.0514705882352941,3.87994652406417,3.92631674211351,0.00214018232402706,0.0224181837799014,0.0182298027244895,"8743/1508/71/3725/4616/60/2353",7,"Secretory/progenitor-like epithelial"
"Organismal Systems","Endocrine system","hsa04915","Estrogen signaling pathway","7/110","137/8292",0.0510948905109489,3.85162574651626,3.90221227423184,0.0022311936463409,0.0224181837799014,0.0182298027244895,"3880/3866/7031/3872/3875/3725/2353",7,"Secretory/progenitor-like epithelial"
"Organismal Systems","Digestive system","hsa04971","Gastric acid secretion","5/110","76/8292",0.0657894736842105,4.95933014354067,4.02039162618521,0.00328075634607125,0.0314654358645924,0.0255867600195987,"481/71/476/60/7430",5,"Secretory/progenitor-like epithelial"
"Human Diseases","Neurodegenerative disease","hsa05022","Pathways of neurodegeneration - multiple diseases","14/110","472/8292",0.0296610169491525,2.23590138674884,3.20568987045366,0.00370131263930778,0.0339555202997366,0.0276116228927766,"4541/4512/4540/4535/8878/4509/4519/4539/7316/4514/4536/4537/4513/4538",14,"Secretory/progenitor-like epithelial"
"Human Diseases","Neurodegenerative disease","hsa05010","Alzheimer disease","12/110","381/8292",0.031496062992126,2.37423049391553,3.18402478260964,0.00447390252377808,0.0393330596882156,0.0319844785691152,"4541/4512/4540/4535/4509/4519/4539/4514/4536/4537/4513/4538",12,"Secretory/progenitor-like epithelial"
"Cellular Processes","Cellular community - eukaryotes","hsa04510","Focal adhesion","8/110","200/8292",0.04,3.01527272727273,3.34496017139558,0.00499122941502708,0.0421259762628285,0.0342555955641858,"10398/71/2335/857/1292/2316/3725/60",8,"Secretory/progenitor-like epithelial"
"Human Diseases","Infectious disease: bacterial","hsa05132","Salmonella infection","9/110","247/8292",0.0364372469635627,2.74670592565329,3.23128532734306,0.00541509189733857,0.0439455534745553,0.0357352218326391,"8743/10398/388/71/302/2316/3725/60/2353",9,"Secretory/progenitor-like epithelial"
"Environmental Information Processing","Signal transduction","hsa04010","MAPK signaling pathway","10/110","299/8292",0.0334448160535117,2.52113104287017,3.10611391825638,0.00620406259523562,0.0484836002812858,0.0394254270184564,"1847/1942/8682/3164/2316/3725/1843/4616/2353/3315",10,"Secretory/progenitor-like epithelial"
