"ID","Description","GeneRatio","BgRatio","RichFactor","FoldEnrichment","zScore","pvalue","p.adjust","qvalue","geneID","Count","cell_type"
"GO:0043542","endothelial cell migration","83/1899","231/17012",0.359307359307359,3.2188187448851,12.035689105592,1.94258516740428e-23,1.13369270369714e-19,9.066760665548e-20,"MMRN1/TEK/RHOJ/ADAMTS9/PECAM1/ROBO4/MMRN2/HDAC9/CDH5/MET/NOS3/TGFBR3/CLEC14A/SOX18/FLT4/ACVRL1/EPHB4/PTPRM/LOXL2/HSPA12B/PRCP/CARD10/SASH1/VEGFC/JCAD/PLXND1/FAP/NRP2/ROBO1/GAB1/KDR/PIK3C2A/NRP1/PLPP3/ID1/EHD4/CDH13/HDAC7/BCAR1/DAB2IP/PXN/RIN2/CYP1B1/STARD13/NOTCH1/SPRED1/MEF2C/CD40/FGFR1/DLL4/NR2F2/EDN1/AKT3/PTK2/KLF4/PIK3R3/EMP2/SP1/PRKD2/EFNB2/CTNND1/SP100/VASH1/FOXP1/PLK2/MAP2K5/ADAM17/ATP2B4/PTK2B/HIF1A/PLCG1/RAB13/NF1/ADGRA2/MYH9/STAT5A/HDAC5/ABL1/BCAS3/SCARB1/SYNJ2BP/RAC1/ITGB1",83,"ACKR1+ endothelial"
"GO:0031589","cell-substrate adhesion","108/1899","360/17012",0.3,2.68751974723539,11.4714674293253,8.20351968918849e-23,2.3937870453052e-19,1.91444243694009e-19,"VWF/TEK/ADAMTS9/VCAM1/POSTN/ITGB4/ITGA10/THSD1/PECAM1/LIMS2/FAM107A/ITGA9/CD34/ACVRL1/TNXB/LAMB1/HOXD3/ITGA6/ADAM15/BCR/FZD4/KDR/ACTN1/ITGA8/PPM1F/SERPINE1/TAOK2/NRP1/PLPP3/ITGA5/SNED1/ITGA2/SRGAP2/DLC1/DISC1/CDH13/LAMA5/PARVB/FERMT2/DAB2/PXN/RIN2/GAS6/NOTCH1/TRIOBP/LEF1/PEAK1/DOCK1/TBCD/CARMIL1/TIAM1/GBP1/PTK2/WDPCP/ATXN3/JAM3/ROCK2/MACF1/JAK2/PRKCE/NID1/EMP2/LAMC1/ARL2/CORO1C/PHLDB2/CRK/CTTN/FER/RREB1/SPRY4/LIMS1/ANXA2/DUSP22/CX3CL1/BCAM/MAP4K4/HSD17B12/LIMCH1/PTK2B/RASA1/CTNNB1/GSK3B/SLK/ANKRD28/NF1/MKLN1/MINK1/PPARD/CCN2/PTPRK/VAMP3/CLASP1/PARVA/UTRN/NEDD9/ABL1/TRPM7/ITGAV/SORBS1/S100A10/DAPK3/NTN4/RSU1/SMAD3/RAC1/CSF1/ITGB1",108,"ACKR1+ endothelial"
"GO:0043534","blood vessel endothelial cell migration","54/1899","121/17012",0.446280991735537,3.99796326035016,11.7312252578455,9.54872771959093e-21,1.85754583238442e-17,1.48558100732162e-17,"MMRN1/RHOJ/ROBO4/MMRN2/HDAC9/CDH5/NOS3/TGFBR3/CLEC14A/SOX18/ACVRL1/EPHB4/PRCP/CARD10/VEGFC/JCAD/ROBO1/GAB1/KDR/PIK3C2A/NRP1/ID1/EHD4/HDAC7/CYP1B1/STARD13/NOTCH1/SPRED1/MEF2C/CD40/FGFR1/DLL4/AKT3/KLF4/PIK3R3/EMP2/SP1/PRKD2/EFNB2/CTNND1/VASH1/PLK2/MAP2K5/ADAM17/ATP2B4/HIF1A/PLCG1/NF1/MYH9/STAT5A/HDAC5/ABL1/SCARB1/ITGB1",54,"ACKR1+ endothelial"
"GO:0002040","sprouting angiogenesis","58/1899","138/17012",0.420289855072464,3.76512428356648,11.5610489639593,1.31760534719881e-20,1.92238620156306e-17,1.53743739723145e-17,"MMRN1/APLNR/TEK/RHOJ/ADAMTS9/SEMA6A/MMRN2/HDAC9/TSPAN18/CDH5/RAMP2/TGFBR3/SMAD1/CLEC14A/FLT4/ACVRL1/ADGRG6/DLL1/EPHB4/LOXL2/CARD10/FLT1/VEGFC/JCAD/ROBO1/KDR/PIK3C2A/NRP1/ITGA5/EHD4/CDH13/HDAC7/TGM2/STARD13/NOTCH1/SPRED1/LEF1/TJP1/DLL4/AKT3/KLF4/PIK3R3/EFNB2/CTNND1/PLK2/MAP2K5/PTK2B/ADGRA2/KLF2/PARVA/HDAC5/ABL1/CEMIP2/EPN2/RNF213/SYNJ2BP/JAK1/ITGB1",58,"ACKR1+ endothelial"
"GO:0010594","regulation of endothelial cell migration","62/1899","170/17012",0.364705882352941,3.26718086918812,10.530909024112,3.28573512087947e-18,3.83511003309051e-15,3.06714726862727e-15,"MMRN1/TEK/RHOJ/ADAMTS9/ROBO4/MMRN2/HDAC9/MET/NOS3/TGFBR3/FLT4/ACVRL1/PTPRM/PRCP/CARD10/SASH1/VEGFC/JCAD/NRP2/GAB1/KDR/PIK3C2A/NRP1/PLPP3/HDAC7/BCAR1/DAB2IP/RIN2/STARD13/NOTCH1/SPRED1/MEF2C/CD40/FGFR1/DLL4/NR2F2/EDN1/AKT3/PTK2/KLF4/EMP2/SP1/PRKD2/SP100/VASH1/FOXP1/PLK2/MAP2K5/ADAM17/ATP2B4/PTK2B/HIF1A/PLCG1/NF1/ADGRA2/STAT5A/HDAC5/ABL1/BCAS3/SCARB1/SYNJ2BP/RAC1",62,"ACKR1+ endothelial"
"GO:0007160","cell-matrix adhesion","76/1899","240/17012",0.316666666666667,2.83682639985958,10.1585885396541,6.86065274626829e-18,6.67312823787029e-15,5.33686566262344e-15,"TEK/ADAMTS9/VCAM1/POSTN/ITGB4/ITGA10/THSD1/PECAM1/FAM107A/ITGA9/CD34/ACVRL1/TNXB/HOXD3/ITGA6/ADAM15/BCR/KDR/ACTN1/ITGA8/PPM1F/SERPINE1/TAOK2/NRP1/PLPP3/ITGA5/SNED1/ITGA2/DLC1/DISC1/CDH13/FERMT2/RIN2/LEF1/PEAK1/TIAM1/PTK2/WDPCP/JAM3/ROCK2/MACF1/NID1/EMP2/CORO1C/PHLDB2/CTTN/LIMS1/ANXA2/DUSP22/CX3CL1/BCAM/MAP4K4/LIMCH1/PTK2B/RASA1/CTNNB1/GSK3B/SLK/ANKRD28/NF1/MKLN1/MINK1/CCN2/PTPRK/CLASP1/UTRN/ABL1/TRPM7/ITGAV/SORBS1/S100A10/DAPK3/SMAD3/RAC1/CSF1/ITGB1",76,"ACKR1+ endothelial"
"GO:0051056","regulation of small GTPase mediated signal transduction","89/1899","309/17012",0.288025889967638,2.58025089001024,9.93711020401957,9.52996825194813e-18,7.94527067405275e-15,6.35426755325383e-15,"TEK/ARHGEF15/FGD5/RASIP1/ARHGAP23/PKP4/PREX2/MET/HEG1/PLEKHG1/RASA4/ARHGAP31/STARD8/ARHGEF28/BCR/KALRN/ROBO1/ABL2/RASGRF2/DOCK6/DOCK9/RALGAPA2/NRP1/MCF2L/SRGAP2/SWAP70/DLC1/TNFAIP1/SPRY1/FERMT2/ARHGEF3/RDX/DAB2IP/TGM2/STARD13/NOTCH1/RIPOR1/TRIO/ARHGEF10/ARRB1/TIAM1/VAV2/ARHGAP29/PICALM/CHN1/ARHGAP26/GIT1/DNMBP/ADGRG1/ABR/DENND1A/FLOT1/MYO9A/ARHGEF2/CRK/CYTH1/ITSN1/RGL2/SPRY4/SOS1/MAP4K4/ARHGAP17/CBL/NF1/BNIP2/TSC2/ARFGEF2/ARHGAP21/ARHGEF12/FGD4/DENND4A/RHOU/F2R/IQSEC1/DENND4C/ABL1/ITGAV/RALGAPB/PPP2CB/CYTH2/CUL3/RAC1/CSF1/MAPKAP1/SHOC2/WNK1/FAM13A/RABGEF1/ITGB1",89,"ACKR1+ endothelial"
"GO:0003158","endothelium development","53/1899","136/17012",0.389705882352941,3.4911408481244,10.3391549109418,3.24049934843224e-17,2.36394427468132e-14,1.89057554091428e-14,"PDE2A/TIE1/RAPGEF3/PECAM1/ROBO4/CDH5/MET/HEG1/BMPR2/SOX18/CD34/SOX17/ACVRL1/DLL1/ICAM1/FZD4/KDR/PLCB1/NRP1/MAGI1/ID1/CLDN5/RDX/ZEB1/NOTCH4/STARD13/NOTCH1/TJP1/DLL4/TNFRSF1A/NR2F2/EDN1/S1PR1/IKBKB/TJP2/APOLD1/ROCK2/CLIC4/PRKD2/PLOD3/MSN/AMOTL2/FOXP1/CTNNB1/ZDHHC21/AFDN/RAPGEF2/COL18A1/PDE4D/ADD1/RAPGEF1/LIPA/RAP1B",53,"ACKR1+ endothelial"
"GO:0045446","endothelial cell differentiation","47/1899","113/17012",0.415929203539823,3.72605982655054,10.306143020155,9.62174424139509e-17,6.23916659919797e-14,4.98980280308138e-14,"PDE2A/TIE1/RAPGEF3/PECAM1/ROBO4/CDH5/MET/HEG1/BMPR2/SOX18/SOX17/ACVRL1/DLL1/ICAM1/FZD4/KDR/PLCB1/NRP1/MAGI1/ID1/CLDN5/RDX/ZEB1/NOTCH4/NOTCH1/TJP1/TNFRSF1A/NR2F2/S1PR1/IKBKB/TJP2/APOLD1/ROCK2/CLIC4/PLOD3/MSN/AMOTL2/CTNNB1/ZDHHC21/AFDN/RAPGEF2/COL18A1/PDE4D/ADD1/RAPGEF1/LIPA/RAP1B",47,"ACKR1+ endothelial"
"GO:0007044","cell-substrate junction assembly","42/1899","99/17012",0.424242424242424,3.80053297588843,9.90603885575553,1.76811999857215e-15,1.03187483116671e-12,8.25246744596727e-13,"TEK/ITGB4/THSD1/FAM107A/ACVRL1/ITGA6/BCR/KDR/ACTN1/PPM1F/TAOK2/LAMA3/NRP1/ITGA5/ITGA2/DLC1/FERMT2/PEAK1/PTK2/WDPCP/ROCK2/MACF1/PLEC/LAMC1/CORO1C/PHLDB2/CTTN/LIMS1/DUSP22/MAP4K4/LIMCH1/SLK/ANKRD28/TNS1/PTPRK/CLASP1/ABL1/SORBS1/S100A10/DAPK3/SMAD3/RAC1",42,"ACKR1+ endothelial"
"GO:0030098","lymphocyte differentiation","89/871","438/17012",0.203196347031963,3.96874426602499,14.621938643464,5.57187121604813e-30,2.71071534660742e-26,2.23285407573634e-26,"ITM2A/RORA/ST3GAL1/PTK2B/RELB/INPP5D/STAT5B/JAK1/CD8A/CD2/ZAP70/ICOS/THEMIS/CD3D/LCK/PTPN22/CD3E/CD3G/RASGRP1/LAG3/BCL11B/CD27/TNFSF9/ITK/IL2RG/CD28/TOX/IL7R/SASH3/JAK3/STAT4/RUNX3/IKZF3/FLT3LG/ITGA4/PTPRC/SPN/CAMK4/PIK3CD/IKZF1/RHOH/ADAM8/TCF7/GPR65/CD69/GATA3/CARD11/SOCS1/ZFP36L2/PTGER4/TGFB1/SMAD7/NCKAP1L/DOCK2/PREX1/CCR7/JMJD6/DOCK10/LAPTM5/CYLD/CMTM7/B2M/PIK3R1/GPR183/ANXA1/VSIR/TCIRG1/ITPKB/FOSL2/RARA/LFNG/ZBTB1/PRDM1/ATM/BCL2/PTPRJ/PTPN6/RBPJ/CDK6/ZC3H12A/SOD1/DNAJB9/GPS2/SP3/PTPN2/KLF6/IRF1/KMT2A/JUNB",89,"Activated CD8 T cells"
"GO:0050851","antigen receptor-mediated signaling pathway","59/871","209/17012",0.282296650717703,5.5136976142475,15.2517954281046,4.65165922425226e-28,1.13151610629936e-24,9.32045614038334e-25,"CBLB/PRKCH/UBR2/NFATC2/INPP5D/WNK1/CD8A/SH2D1A/ZAP70/THEMIS/CD3D/LCK/PTPN22/CD3E/TRBC1/LIME1/TRBC2/CD3G/SLA2/SKAP1/TRAT1/CD247/ITK/LAT/CD28/PTPRC/PIK3CD/FYB1/FYN/GATA3/CARD11/BTN3A1/CD53/BTN3A2/FCMR/HLA-A/NCKAP1L/PRKCB/LCP2/CCR7/CSK/PDE4B/LAPTM5/LPXN/CYLD/DGKZ/CMTM3/ELF1/FOSL2/RFTN1/EZR/BCL2/PTPRJ/PTPN6/ZC3H12A/GPS2/RPS3/PTPN2/PRNP",59,"Activated CD8 T cells"
"GO:0050852","T cell receptor signaling pathway","50/871","150/17012",0.333333333333333,6.51052430156908,15.7468173500411,1.14860544055571e-27,1.86265515610118e-24,1.53429505691074e-24,"CBLB/UBR2/INPP5D/WNK1/CD8A/SH2D1A/ZAP70/THEMIS/CD3D/LCK/PTPN22/CD3E/TRBC1/LIME1/TRBC2/CD3G/SLA2/SKAP1/TRAT1/CD247/ITK/LAT/CD28/PTPRC/PIK3CD/FYB1/FYN/GATA3/CARD11/BTN3A1/CD53/BTN3A2/HLA-A/LCP2/CCR7/CSK/PDE4B/LAPTM5/CYLD/DGKZ/ELF1/FOSL2/RFTN1/EZR/PTPRJ/PTPN6/ZC3H12A/RPS3/PTPN2/PRNP",50,"Activated CD8 T cells"
"GO:0007159","leukocyte cell-cell adhesion","83/871","420/17012",0.197619047619048,3.85981083593024,13.7854632269836,4.07247086716445e-27,4.95314269218876e-24,4.07997278718291e-24,"CBLB/MSN/HLA-E/CD55/STAT5B/WNK1/TIGIT/CCL5/ZAP70/ICOS/CD6/PRKCQ/LCK/KLRK1/PTPN22/CD3E/RASGRP1/LAG3/CD5/CD27/SKAP1/ITGAL/RASAL3/TNFSF9/SELPLG/IL2RG/CD28/IL7R/SASH3/JAK3/RUNX3/ITGB7/CORO1A/ITGA4/PTPRC/RAC2/SPN/PIK3CD/RHOH/ADAM8/GPR65/FYN/CD69/GATA3/CARD11/FERMT3/SOCS1/ITGB2/TGFB1/SMAD7/HLA-A/NCKAP1L/SEMA4D/STK10/CD37/CCR7/CSK/ETS1/RIPOR2/LAPTM5/DOCK8/CYLD/B2M/CD44/ANXA1/VSIR/ITPKB/PAG1/RARA/SELENOK/ZBTB1/EZR/NR4A3/NCK2/TNFRSF14/PTPN6/TNIP1/ZC3H12A/HSPH1/RPS3/PTPN2/IRF1/PRNP",83,"Activated CD8 T cells"
"GO:0030217","T cell differentiation","72/871","327/17012",0.220183486238532,4.30052981388049,13.9991998015104,1.25870351301014e-26,1.22471851815887e-23,1.00881774190097e-23,"RORA/RELB/STAT5B/JAK1/CD8A/CD2/ZAP70/ICOS/THEMIS/CD3D/LCK/PTPN22/CD3E/CD3G/RASGRP1/LAG3/BCL11B/CD27/TNFSF9/ITK/IL2RG/CD28/TOX/IL7R/SASH3/JAK3/STAT4/RUNX3/IKZF3/PTPRC/SPN/CAMK4/PIK3CD/RHOH/ADAM8/TCF7/GPR65/CD69/GATA3/CARD11/SOCS1/ZFP36L2/PTGER4/TGFB1/SMAD7/NCKAP1L/DOCK2/PREX1/CCR7/JMJD6/CYLD/B2M/PIK3R1/GPR183/ANXA1/VSIR/TCIRG1/ITPKB/FOSL2/RARA/LFNG/ZBTB1/PRDM1/BCL2/CDK6/ZC3H12A/SOD1/SP3/PTPN2/IRF1/KMT2A/JUNB",72,"Activated CD8 T cells"
"GO:0046631","alpha-beta T cell activation","55/871","204/17012",0.269607843137255,5.26586524391617,14.2387864716011,3.85884195859512e-25,3.12887768809421e-22,2.57730023445116e-22,"CBLB/RORA/RELB/HLA-E/CD55/JAK1/ZAP70/ICOS/PRKCQ/CD3D/NKG7/CD3E/TRBC1/TRBC2/CD3G/BCL11B/RASAL3/CD247/ITK/IL2RG/CD28/TOX/SASH3/JAK3/STAT4/RUNX3/PTPRC/SPN/CLEC2B/GPR65/CD69/GATA3/CARD11/SOCS1/PTGER4/SMAD7/HLA-A/NCKAP1L/DOCK2/PIK3R1/GPR183/ANXA1/VSIR/TCIRG1/ITPKB/FOSL2/RARA/PRDM1/TNFRSF14/BCL2/ZC3H12A/HSPH1/IRF1/KMT2A/JUNB",55,"Activated CD8 T cells"
"GO:0050863","regulation of T cell activation","77/871","395/17012",0.19493670886076,3.80742054091761,13.1141000326523,8.23360324932826e-25,5.72235425828314e-22,4.71358309326206e-22,"CBLB/HLA-E/CD55/STAT5B/TIGIT/SIT1/CCL5/CD2/ZAP70/ICOS/CD6/PRKCQ/LCK/KLRK1/PTPN22/CD3E/RASGRP1/LAG3/CD5/CD27/RASAL3/TNFSF9/LAT/IL2RG/CD28/TOX/IL7R/SASH3/JAK3/RUNX3/CORO1A/PTPRC/RAC2/SPN/CAMK4/PIK3CD/RHOH/ADAM8/TCF7/GPR65/FYN/CD69/TNFRSF1B/GATA3/CARD11/SOCS1/TGFB1/SMAD7/HLA-A/NCKAP1L/CD37/CCR7/CSK/RIPOR2/LAPTM5/DOCK8/CYLD/B2M/ANXA1/VSIR/ITPKB/PAG1/RARA/SELENOK/ZBTB1/PRDM1/NCK2/TNFRSF14/PTPN6/ZC3H12A/SOD1/HSPH1/RPS3/PTPN2/IRF1/PRNP/JUNB",77,"Activated CD8 T cells"
"GO:0002429","immune response-activating cell surface receptor signaling pathway","69/871","336/17012",0.205357142857143,4.01094800721666,12.9489851471983,1.10398598097922e-23,6.71361474682987e-21,5.53009819682616e-21,"CBLB/PRKCH/UBR2/NFATC2/INPP5D/WNK1/CD8A/SH2D1A/ZAP70/THEMIS/CD3D/LCK/KLRK1/PTPN22/CD3E/TRBC1/LIME1/TRBC2/CD3G/SLA2/SKAP1/TRAT1/CD247/ITK/LAT/CD28/PTPRC/MYO1G/TNFAIP3/PIK3CD/FYB1/FYN/GATA3/CARD11/RGCC/BTN3A1/CD53/BTN3A2/FCMR/HLA-A/NCKAP1L/PRKCB/LCP2/CCR7/CSK/PDE4B/LAPTM5/LPXN/CYBA/CYLD/DGKZ/PIK3R1/CMTM3/ELF1/FOSL2/RFTN1/EZR/NR4A3/TRAF3/BCL2/PTPRJ/PTPN6/RAP1A/ZC3H12A/GPS2/PAK2/RPS3/PTPN2/PRNP",69,"Activated CD8 T cells"
"GO:1903037","regulation of leukocyte cell-cell adhesion","73/871","383/17012",0.190600522193211,3.72272799489198,12.5192801547198,5.94775933764985e-23,3.21509435307406e-20,2.64831810507988e-20,"CBLB/HLA-E/CD55/STAT5B/WNK1/TIGIT/CCL5/ZAP70/ICOS/CD6/PRKCQ/LCK/KLRK1/PTPN22/CD3E/RASGRP1/LAG3/CD5/CD27/SKAP1/RASAL3/TNFSF9/IL2RG/CD28/IL7R/SASH3/JAK3/RUNX3/CORO1A/ITGA4/PTPRC/SPN/PIK3CD/RHOH/ADAM8/GPR65/FYN/CD69/GATA3/CARD11/SOCS1/ITGB2/TGFB1/SMAD7/HLA-A/NCKAP1L/CD37/CCR7/CSK/ETS1/RIPOR2/LAPTM5/DOCK8/CYLD/B2M/CD44/ANXA1/VSIR/ITPKB/PAG1/RARA/SELENOK/ZBTB1/NR4A3/NCK2/TNFRSF14/PTPN6/ZC3H12A/HSPH1/RPS3/PTPN2/IRF1/PRNP",73,"Activated CD8 T cells"
"GO:0002768","immune response-regulating cell surface receptor signaling pathway","70/871","366/17012",0.191256830601093,3.73554673040849,12.2896217582051,3.90174004611032e-22,1.89819653243267e-19,1.56357098479389e-19,"CBLB/PRKCH/UBR2/NFATC2/INPP5D/WNK1/CD8A/SH2D1A/ZAP70/PRKCQ/THEMIS/CD3D/LCK/KLRK1/PTPN22/CD3E/TRBC1/LIME1/TRBC2/CD3G/SLA2/SKAP1/TRAT1/CD247/ITK/LAT/CD28/PTPRC/MYO1G/TNFAIP3/PIK3CD/FYB1/FYN/GATA3/CARD11/RGCC/BTN3A1/CD53/BTN3A2/FCMR/HLA-A/NCKAP1L/PRKCB/LCP2/CCR7/CSK/PDE4B/LAPTM5/LPXN/CYBA/CYLD/DGKZ/PIK3R1/CMTM3/ELF1/FOSL2/RFTN1/EZR/NR4A3/TRAF3/BCL2/PTPRJ/PTPN6/RAP1A/ZC3H12A/GPS2/PAK2/RPS3/PTPN2/PRNP",70,"Activated CD8 T cells"
"GO:0002237","response to molecule of bacterial origin","16/95","354/17012",0.0451977401129944,8.09372584002379,10.1071719008972,1.09538790353112e-10,1.49971545948556e-07,1.10150234587552e-07,"CCL2/CXCL2/IL1A/DIO2/IL1B/IRF8/PELI1/C5AR1/ABCA1/SOD2/CEBPB/NFKB1/CXCL8/NFKBIA/NR4A1/FOS",16,"Activated fibroblast/stromal"
"GO:0030198","extracellular matrix organization","15/95","316/17012",0.0474683544303797,8.50033311125916,10.0851630885432,2.24717538329186e-10,1.49971545948556e-07,1.10150234587552e-07,"ELN/TIMP3/MMP2/COMP/ABI3BP/LUM/MFAP4/AEBP1/TGFBI/COL14A1/COL3A1/COL1A2/CTSS/COL1A1/CST3",15,"Activated fibroblast/stromal"
"GO:0043062","extracellular structure organization","15/95","317/17012",0.0473186119873817,8.47351818030882,10.065296322015,2.34826675805252e-10,1.49971545948556e-07,1.10150234587552e-07,"ELN/TIMP3/MMP2/COMP/ABI3BP/LUM/MFAP4/AEBP1/TGFBI/COL14A1/COL3A1/COL1A2/CTSS/COL1A1/CST3",15,"Activated fibroblast/stromal"
"GO:0045229","external encapsulating structure organization","15/95","318/17012",0.0471698113207547,8.44687189672294,10.0455169025616,2.45352222410726e-10,1.49971545948556e-07,1.10150234587552e-07,"ELN/TIMP3/MMP2/COMP/ABI3BP/LUM/MFAP4/AEBP1/TGFBI/COL14A1/COL3A1/COL1A2/CTSS/COL1A1/CST3",15,"Activated fibroblast/stromal"
"GO:0032496","response to lipopolysaccharide","14/95","333/17012",0.042042042042042,7.52862336020231,9.01620499381693,4.52101593558019e-09,2.21077679249871e-06,1.62375856549469e-06,"CCL2/IL1A/DIO2/IL1B/IRF8/PELI1/ABCA1/SOD2/CEBPB/NFKB1/CXCL8/NFKBIA/NR4A1/FOS",14,"Activated fibroblast/stromal"
"GO:0071347","cellular response to interleukin-1","8/95","91/17012",0.0879120879120879,15.7427414690573,10.5669823848566,4.07408006503006e-08,1.66018762649975e-05,1.21936501595461e-05,"CCL2/MMP2/IL1B/CCL3/CEBPB/CXCL8/NFKBIA/EGR1",8,"Activated fibroblast/stromal"
"GO:0030199","collagen fibril organization","7/95","70/17012",0.1,17.9073684210526,10.622035483381,1.21812777136541e-07,4.25474628712632e-05,3.12500147060058e-05,"COMP/LUM/AEBP1/COL14A1/COL3A1/COL1A2/COL1A1",7,"Activated fibroblast/stromal"
"GO:0060326","cell chemotaxis","12/95","317/17012",0.0378548895899054,6.77881454424705,7.78287807355182,1.9533945503411e-07,5.97006209448e-05,4.38485671431832e-05,"CCL2/CXCL2/MMP2/CCL4/DUSP1/IL1B/C5AR1/CCL3L1/CCL3/FCER1G/CXCL8/NR4A1",12,"Activated fibroblast/stromal"
"GO:0070555","response to interleukin-1","8/95","116/17012",0.0689655172413793,12.3499092558984,9.19167126724924,2.71767130534916e-07,7.38300704619855e-05,5.42262835897739e-05,"CCL2/MMP2/IL1B/CCL3/CEBPB/CXCL8/NFKBIA/EGR1",8,"Activated fibroblast/stromal"
"GO:0051043","regulation of membrane protein ectodomain proteolysis","5/95","28/17012",0.178571428571429,31.9774436090226,12.2933331288338,4.33508269873345e-07,0.000105992771984033,7.78489587793607e-05,"TIMP3/TIMP2/IL1B/TIMP1/APOE",5,"Activated fibroblast/stromal"
"GO:0002504","antigen processing and presentation of peptide or polysaccharide antigen via MHC class II","15/119","33/17012",0.454545454545455,64.9809014514897,30.8770842264247,1.76046947946713e-24,4.74270477768445e-21,3.39492640671977e-21,"HLA-DRB5/CD74/HLA-DRB1/HLA-DMA/IFI30/FCER1G/FCGR2B/HLA-DQA1/HLA-DRA/LGMN/HLA-DPA1/HLA-DQB1/HLA-DPB1/THBS1/CTSD",15,"Activated macrophage/myeloid"
"GO:0019886","antigen processing and presentation of exogenous peptide antigen via MHC class II","14/119","29/17012",0.482758620689655,69.0141987829615,30.7663794830296,2.16736656350493e-23,2.91944276104114e-20,2.08979765491633e-20,"HLA-DRB5/CD74/HLA-DRB1/HLA-DMA/IFI30/FCER1G/FCGR2B/HLA-DQA1/HLA-DRA/LGMN/HLA-DPA1/HLA-DQB1/HLA-DPB1/CTSD",14,"Activated macrophage/myeloid"
"GO:0002495","antigen processing and presentation of peptide antigen via MHC class II","14/119","31/17012",0.451612903225806,64.561669829222,29.7289469428531,7.32524070882632e-23,6.57806615652604e-20,4.70871613283151e-20,"HLA-DRB5/CD74/HLA-DRB1/HLA-DMA/IFI30/FCER1G/FCGR2B/HLA-DQA1/HLA-DRA/LGMN/HLA-DPA1/HLA-DQB1/HLA-DPB1/CTSD",14,"Activated macrophage/myeloid"
"GO:0002478","antigen processing and presentation of exogenous peptide antigen","14/119","39/17012",0.358974358974359,51.3182503770739,26.4036241262484,3.97838747276272e-21,2.67944396290569e-18,1.91800153950034e-18,"HLA-DRB5/CD74/HLA-DRB1/HLA-DMA/IFI30/FCER1G/FCGR2B/HLA-DQA1/HLA-DRA/LGMN/HLA-DPA1/HLA-DQB1/HLA-DPB1/CTSD",14,"Activated macrophage/myeloid"
"GO:0019884","antigen processing and presentation of exogenous antigen","14/119","48/17012",0.291666666666667,41.6960784313726,23.6970377487414,1.20751554720824e-19,6.50609376835802e-17,4.65719680523264e-17,"HLA-DRB5/CD74/HLA-DRB1/HLA-DMA/IFI30/FCER1G/FCGR2B/HLA-DQA1/HLA-DRA/LGMN/HLA-DPA1/HLA-DQB1/HLA-DPB1/CTSD",14,"Activated macrophage/myeloid"
"GO:0048002","antigen processing and presentation of peptide antigen","14/119","67/17012",0.208955223880597,29.8718173836699,19.8735635926828,2.19483885300321e-17,9.8548264499844e-15,7.05428908544189e-15,"HLA-DRB5/CD74/HLA-DRB1/HLA-DMA/IFI30/FCER1G/FCGR2B/HLA-DQA1/HLA-DRA/LGMN/HLA-DPA1/HLA-DQB1/HLA-DPB1/CTSD",14,"Activated macrophage/myeloid"
"GO:0019882","antigen processing and presentation","16/119","114/17012",0.140350877192982,20.0642783429161,17.1411578753654,8.47252596796352e-17,3.26071213681339e-14,2.3340853493698e-14,"HLA-DRB5/CD74/HLA-DRB1/HLA-DMA/IFI30/FCER1G/FCGR2B/HLA-DQA1/HLA-DRA/CD68/LGMN/HLA-DPA1/HLA-DQB1/HLA-DPB1/THBS1/CTSD",16,"Activated macrophage/myeloid"
"GO:0002399","MHC class II protein complex assembly","8/119","14/17012",0.571428571428571,81.6902761104442,25.3496121444651,1.30928998642081e-14,3.91914135935297e-12,2.80540263757068e-12,"HLA-DRB5/HLA-DRB1/HLA-DMA/HLA-DQA1/HLA-DRA/HLA-DPA1/HLA-DQB1/HLA-DPB1",8,"Activated macrophage/myeloid"
"GO:0002503","peptide antigen assembly with MHC class II protein complex","8/119","14/17012",0.571428571428571,81.6902761104442,25.3496121444651,1.30928998642081e-14,3.91914135935297e-12,2.80540263757068e-12,"HLA-DRB5/HLA-DRB1/HLA-DMA/HLA-DQA1/HLA-DRA/HLA-DPA1/HLA-DQB1/HLA-DPB1",8,"Activated macrophage/myeloid"
"GO:0002396","MHC protein complex assembly","8/119","22/17012",0.363636363636364,51.9847211611918,20.0835143714974,1.33077093154221e-12,3.25917899052247e-10,2.33298789146922e-10,"HLA-DRB5/HLA-DRB1/HLA-DMA/HLA-DQA1/HLA-DRA/HLA-DPA1/HLA-DQB1/HLA-DPB1",8,"Activated macrophage/myeloid"
"GO:0002181","cytoplasmic translation","69/369","202/17012",0.341584158415842,15.7480479755293,31.3970372672674,2.46497539519983e-64,8.67917836649859e-61,7.40530502936875e-61,"RPS27/RPS29/RPL28/RPS15A/RPS26/FAU/RPS3/RPL21/RPS25/RPLP2/RPS12/RPL13/RPS21/RPL27A/RPS19/RPS20/RPL39/RPL18A/RPSA/EIF3F/RPLP1/RPL34/RPS27A/RPL10/RPL23A/RPS14/RPS23/RPS8/RPS11/RPL11/RPS3A/RPL32/RPS5/RPL9/RPS16/RPL37/RPL18/RPS13/RPL13A/RPL19/RPS18/RPL22/RPL30/RPL17/RPL5/RPS6/RPS2/RPS28/RPL8/RPL27/RPS9/RPL35A/RPL4/RPS7/SH3BGRL/RPL38/RPL3/RPL10A/RPL26/UBA52/RPL12/EIF3L/RPL29/RPL14/RPL15/RPL35/RACK1/RPL6/RPS15",69,"B cells"
"GO:0042113","B cell activation","43/369","287/17012",0.149825783972125,6.90741527624335,15.0285709388403,6.68227686126769e-24,1.17641484142618e-20,1.00374832431884e-20,"HDAC9/SWAP70/MEF2C/CD40/PLCG2/CD74/INPP5D/TBC1D10C/CD27/SASH3/IKZF3/SAMSN1/CARD11/PRKCB/LAPTM5/CMTM7/GPR183/ATM/BCL2/PTPN6/IRF8/FCGR2B/CD19/CD79A/FCRL1/MS4A1/TNFRSF13C/TNFRSF13B/PAX5/SPIB/POU2AF1/CXCR5/BANK1/IGHM/CD79B/CD70/BTK/SYK/LAT2/LYN/BLNK/CCR6/TFRC",43,"B cells"
"GO:0050851","antigen receptor-mediated signaling pathway","36/369","209/17012",0.172248803827751,7.94118333527833,15.0340345362886,2.92886999087008e-22,3.43751707928452e-19,2.93298068559411e-19,"MEF2C/PLCG2/HLA-DRB1/INPP5D/CARD11/CD53/FCMR/PRKCB/CCR7/PDE4B/LAPTM5/LPXN/ELF1/EZR/BCL2/PTPN6/RPS3/FCGR2B/HLA-DQB1/HLA-DPB1/CD19/CD79A/MS4A1/BLK/BANK1/IGHM/CD79B/BTK/SYK/LAT2/LYN/BLNK/NFKBID/STAP1/IGHA1/GRB2",36,"B cells"
"GO:0050853","B cell receptor signaling pathway","23/369","75/17012",0.306666666666667,14.1382475158085,16.9790006961438,1.16622747745714e-20,1.02657173703165e-17,8.75898215963861e-18,"MEF2C/PLCG2/FCMR/PRKCB/LPXN/BCL2/PTPN6/FCGR2B/CD19/CD79A/MS4A1/BLK/BANK1/IGHM/CD79B/BTK/SYK/LAT2/LYN/BLNK/STAP1/IGHA1/GRB2",23,"B cells"
"GO:0002696","positive regulation of leukocyte activation","44/369","371/17012",0.118598382749326,5.46773899005836,12.9552958934645,2.68351531827301e-20,1.88973148712785e-17,1.61236899333709e-17,"MEF2C/CD40/HLA-DRB5/MAP3K8/CD74/HLA-DRB1/HLA-DMA/INPP5D/CD55/CD27/TNFSF9/SASH3/CORO1A/RHOH/IL16/CARD11/CCR7/DOCK8/GPR183/RARA/JUND/BCL2/PTPN6/RPS3/CD83/HLA-DQA1/HLA-DRA/HLA-DPA1/HLA-DQB1/HLA-DPB1/TNFRSF13C/HLA-DOB/CD70/BTK/SYK/LYN/NFKBID/STAP1/HLA-DMB/TFRC/GRB2/SMARCB1/CD24/RPL13A",44,"B cells"
"GO:0050867","positive regulation of cell activation","44/369","390/17012",0.112820512820513,5.20136196233757,12.4980731572594,1.91887516300851e-19,1.12605990815883e-16,9.60784160566015e-17,"MEF2C/CD40/HLA-DRB5/MAP3K8/CD74/HLA-DRB1/HLA-DMA/INPP5D/CD55/CD27/TNFSF9/SASH3/CORO1A/RHOH/IL16/CARD11/CCR7/DOCK8/GPR183/RARA/JUND/BCL2/PTPN6/RPS3/CD83/HLA-DQA1/HLA-DRA/HLA-DPA1/HLA-DQB1/HLA-DPB1/TNFRSF13C/HLA-DOB/CD70/BTK/SYK/LYN/NFKBID/STAP1/HLA-DMB/TFRC/GRB2/SMARCB1/CD24/RPL13A",44,"B cells"
"GO:0051251","positive regulation of lymphocyte activation","41/369","339/17012",0.12094395280236,5.57587676171747,12.671545642708,2.76871787615407e-19,1.3926650917055e-16,1.18825876970582e-16,"MEF2C/CD40/HLA-DRB5/MAP3K8/CD74/HLA-DRB1/HLA-DMA/INPP5D/CD55/CD27/TNFSF9/SASH3/CORO1A/RHOH/CARD11/CCR7/DOCK8/GPR183/RARA/BCL2/PTPN6/RPS3/CD83/HLA-DQA1/HLA-DRA/HLA-DPA1/HLA-DQB1/HLA-DPB1/TNFRSF13C/HLA-DOB/CD70/BTK/SYK/LYN/NFKBID/HLA-DMB/TFRC/GRB2/SMARCB1/CD24/RPL13A",41,"B cells"
"GO:0046651","lymphocyte proliferation","39/369","307/17012",0.127035830618893,5.85673048912899,12.7865167150129,3.82136005934801e-19,1.68187609612054e-16,1.435021264392e-16,"MEF2C/CD40/CD74/HLA-DRB1/INPP5D/CD55/TNFSF9/SASH3/CORO1A/IKZF3/RAC2/CARD11/DOCK2/CD37/RIPOR2/LAPTM5/DOCK8/GPR183/ATM/BCL2/PTPN6/RPS3/FCGR2B/HLA-DPA1/HLA-DPB1/CD19/CD79A/MS4A1/TNFRSF13C/TNFRSF13B/CD70/BTK/SYK/LYN/HLA-DMB/TFRC/TMEM131L/CD24/RPL13A",39,"B cells"
"GO:0032943","mononuclear cell proliferation","39/369","314/17012",0.124203821656051,5.72616643363886,12.5864688655017,8.52502353803341e-19,3.33517865304618e-16,2.84566282778332e-16,"MEF2C/CD40/CD74/HLA-DRB1/INPP5D/CD55/TNFSF9/SASH3/CORO1A/IKZF3/RAC2/CARD11/DOCK2/CD37/RIPOR2/LAPTM5/DOCK8/GPR183/ATM/BCL2/PTPN6/RPS3/FCGR2B/HLA-DPA1/HLA-DPB1/CD19/CD79A/MS4A1/TNFRSF13C/TNFRSF13B/CD70/BTK/SYK/LYN/HLA-DMB/TFRC/TMEM131L/CD24/RPL13A",39,"B cells"
"GO:0030098","lymphocyte differentiation","45/369","438/17012",0.102739726027397,4.736607640049,11.7967719585243,2.91836869351841e-18,1.02755761698783e-15,8.76739394873846e-16,"HDAC9/CHD7/PLCG2/CD74/HLA-DRB1/RELB/INPP5D/CD27/TNFSF9/SASH3/IKZF3/RHOH/CD69/CARD11/DOCK2/CCR7/LAPTM5/CMTM7/GPR183/RARA/ATM/BCL2/PTPN6/IRF8/CD83/FCGR2B/HLA-DRA/CD19/CD79A/MS4A1/PAX5/SPIB/POU2AF1/LY9/IGHM/CD79B/BTK/SYK/BLNK/NFKBID/IRF4/CCR6/TMEM131L/SMARCB1/RPL22",45,"B cells"
"GO:0002064","epithelial cell development","47/1144","221/17012",0.212669683257919,3.16253203809765,8.68834874561763,1.10112751355995e-12,5.96040323090001e-09,5.00143707474862e-09,"MET/MAGI1/ID1/MYO1E/TJP1/TNFRSF1A/TJP2/ROCK2/CLOCK/FLNB/AMOTL2/RAB13/AFDN/PDE4D/YAP1/EZR/CLDN1/EPHA2/KLF5/WNT5B/SFN/TJP3/SOX9/CLDN3/F11R/MARVELD2/EXPH5/RAB25/PALLD/ST14/GSTM3/RARG/SPINT2/TFAP2C/EPB41L5/VCL/PTPRS/FAT1/XBP1/GRHL2/B4GALT1/VEZF1/SIPA1L3/FEM1B/HOXA13/IFT74/NOTCH2",47,"Basal epithelial"
"GO:0045216","cell-cell junction organization","46/1144","224/17012",0.205357142857143,3.05378996003996,8.30801733411728,7.00747082013623e-12,1.89657197746987e-08,1.59143350467831e-08,"MPDZ/TJP1/PLEKHA7/TJP2/ROCK2/FLOT1/CTNNA1/RAB13/PKN2/ADAM10/AFDN/SMAD3/CLDN4/CLDN1/EPHA2/CDH3/OCLN/TJP3/PERP/PARD6B/CXADR/CLDN3/F11R/CLDN7/MARVELD2/GRHL1/DSG2/JUP/TGFB2/IRX3/DSP/PATJ/CDH1/CD9/LSR/MARVELD3/PARD3/VCL/MICALL2/PKP3/SRF/GRHL2/ACTG1/DLG5/PRKCI/DLG1",46,"Basal epithelial"
"GO:0007015","actin filament organization","71/1144","452/17012",0.157079646017699,2.33587319759886,7.72896118438269,1.47600572090514e-11,2.66320632241984e-08,2.2347244511248e-08,"MET/PDLIM1/SVIL/PRKN/MYO1E/TRIOBP/MYO5C/TJP1/ASAP3/CNN3/CDC42EP4/ROCK2/NCKAP1/EMP2/CTTN/MICAL3/LIMA1/CX3CL1/LIMCH1/MARCKS/CCN2/NEDD9/ARFIP1/SMAD3/EZR/BCL2/TACSTD2/RHOV/RND3/SDC4/NEBL/F11R/CDC42EP1/SSH3/SHROOM1/KANK1/MYO5B/ENAH/ANG/SHROOM3/CFL2/CDC42EP5/RAB40B/FAT1/MICALL2/ARHGEF5/RHPN2/CD47/MYO6/ARHGAP12/SRF/ACTG1/RHOB/MSRB2/TPM4/PAWR/PPP1R9A/PRKCD/ITGB5/MYO1B/PYCARD/COBL/PRKCI/BAIAP2L1/PICK1/SHTN1/ADD3/ARHGAP6/TPM1/DLG1/RNH1",71,"Basal epithelial"
"GO:0008544","epidermis development","64/1144","393/17012",0.162849872773537,2.42168010106941,7.65618739180792,3.19212740117683e-11,4.31974640564254e-08,3.62474466738895e-08,"MET/EMP1/FZD6/TRIOBP/KLF4/LATS2/ROCK2/FLNB/SAV1/HES1/NF1/CCN2/AGPAT2/YAP1/PLAAT4/BCL2/KRT7/CLDN4/KRT17/KRT15/LAMB3/FGFR2/CLDN1/EPHA2/CDH3/CRABP2/PPL/OVOL1/SULT2B1/SFN/CNFN/AQP3/LAMC2/SPINT1/SOX9/EGFR/OVOL2/EXPH5/GRHL1/IRF6/PALLD/TGFB2/ST14/ERRFI1/DSP/LGR4/MAFF/ZFP36L1/SLC44A4/ALDH3A2/TFAP2C/LSR/ESRP1/PKP3/KCNQ1/ADAM9/MYO6/SRF/ASAH1/GRHL2/ERCC3/IFT74/ATP2A2/KRT10",64,"Basal epithelial"
"GO:0001885","endothelial cell development","21/1144","66/17012",0.318181818181818,4.7315638906548,8.15541540538397,9.66363362217568e-10,1.04618497593674e-06,8.77864822730275e-07,"MET/MAGI1/ID1/TJP1/TNFRSF1A/TJP2/ROCK2/AMOTL2/AFDN/PDE4D/EZR/CLDN1/TJP3/CLDN3/F11R/MARVELD2/GSTM3/VCL/PTPRS/VEZF1/HOXA13",21,"Basal epithelial"
"GO:0043588","skin development","53/1144","323/17012",0.164086687306502,2.44007231158934,7.01596223533026,1.2231057545375e-09,1.10344524155192e-06,9.25912514180583e-07,"ITGB4/MET/FZD6/ITGA2/KLF4/LATS2/ROCK2/FLNB/SAV1/NF1/YAP1/PLAAT4/BCL2/KRT7/CLDN4/KRT17/ITGB6/FGFR2/CLDN1/EPHA2/CDH3/PPL/OVOL1/FRAS1/SFN/CNFN/AQP3/SOX9/EGFR/OVOL2/EXPH5/RIPK4/GRHL1/IRF6/TRAF3IP2/JUP/PALLD/TGFB2/ST14/ERRFI1/DSP/LGR4/ITGA3/ZFP36L1/TFAP2C/LSR/PKP3/ADAM9/SRF/ASAH1/GRHL2/IFT74/KRT10",53,"Basal epithelial"
"GO:0072659","protein localization to plasma membrane","48/1144","286/17012",0.167832167832168,2.49576996430143,6.84965372873967,3.48516870713328e-09,2.69503117310178e-06,2.26142901823761e-06,"TNFRSF1A/GBP1/KIF13A/LARGE1/ROCK2/EMP2/FLOT1/SMURF1/RAB13/GOLPH3L/EZR/LGALS3/SQSTM1/EPHA2/ATP1B1/TPBG/SFN/EGFR/F11R/FYB2/TSPAN15/GRIP1/CRB3/JUP/ERRFI1/KRT18/CDH1/ITGA3/SORL1/AGR2/RAB34/MAP7/PKP3/WNK4/PGRMC1/ANK3/BLZF1/VAMP8/TMEM59/ZDHHC2/ZDHHC4/PRKCI/STX3/PLEKHF1/CD81/GOLGA4/DLG1/CAMK2D",48,"Basal epithelial"
"GO:0120192","tight junction assembly","22/1144","78/17012",0.282051282051282,4.19428007889546,7.59202020548054,4.95097695648177e-09,3.34995478317948e-06,2.81098231147616e-06,"MPDZ/TJP1/ROCK2/RAB13/AFDN/CLDN4/CLDN1/EPHA2/OCLN/CLDN3/F11R/CLDN7/MARVELD2/PATJ/LSR/MARVELD3/PARD3/MICALL2/SRF/GRHL2/ACTG1/DLG1",22,"Basal epithelial"
"GO:0007043","cell-cell junction assembly","33/1144","160/17012",0.20625,3.06706730769231,7.05351709169639,5.80881126836593e-09,3.49367726618498e-06,2.93158135941509e-06,"MPDZ/TJP1/ROCK2/CTNNA1/RAB13/PKN2/AFDN/CLDN4/CLDN1/EPHA2/CDH3/OCLN/PARD6B/CLDN3/F11R/CLDN7/MARVELD2/JUP/IRX3/PATJ/CDH1/CD9/LSR/MARVELD3/PARD3/VCL/MICALL2/PKP3/SRF/GRHL2/ACTG1/DLG5/DLG1",33,"Basal epithelial"
"GO:0060562","epithelial tube morphogenesis","53/1144","340/17012",0.155882352941176,2.31806869600987,6.59174642055528,7.71247973516018e-09,4.17476528064221e-06,3.50308947970697e-06,"MET/FZD6/PBX1/EDN1/NCKAP1/STK3/CTNND1/HES1/HS2ST1/SMAD3/YAP1/GATA3/BCL2/TACSTD2/CTSH/BMP2/FGFR2/LCN2/EPHA2/SDC4/GLI3/PERP/SPINT1/SOX9/DDR1/OVOL2/ADM/TGFB2/ST14/IRX3/RARG/LGR4/SPINT2/TFAP2C/PTK7/TGIF1/NRARP/PLXNB2/WNK4/BCL10/SRF/GRHL2/KDM5B/LMO4/RHOB/DLG5/LZTS2/COBL/TBX3/SIX1/NOTCH2/TCTN1/DLG1",53,"Basal epithelial"
"GO:0007018","microtubule-based movement","55/455","439/17012",0.125284738041002,4.6842724473704,12.9647226180463,6.46099138699215e-22,2.77758019726793e-18,2.36948357813481e-18,"APP/RPGR/RFX3/TRAK1/BICD1/BAG3/BICDL2/DNALI1/CCDC146/HSPB1/EFHC1/LRRC23/IFT22/ROPN1L/ZMYND10/CFAP77/DNAI1/CFAP126/CFAP52/CFAP73/SPAG17/LRRC46/CFAP45/RIBC2/ARMC3/CFAP61/CFAP47/HYDIN/CFAP43/DNAH11/SPAG6/CCDC40/DNAH7/IQUB/PLTP/DNAH6/PACRG/SPEF2/DPCD/DNAL4/AGBL4/SPAG16/CFAP298/TUBB4B/KIF9/KIF27/DYNC2LI1/RAB17/IFT27/BBOF1/ARL3/SYBU/DNAH5/DYNLL1/STAU1",55,"Ciliated epithelial"
"GO:0003341","cilium movement","38/455","225/17012",0.168888888888889,6.31458852258852,13.3031398102516,6.50870765743636e-20,1.39904671096595e-16,1.19349144623728e-16,"RFX3/DNALI1/CCDC146/EFHC1/LRRC23/ROPN1L/ZMYND10/CFAP77/DNAI1/CFAP126/CFAP52/CFAP73/SPAG17/LRRC46/CFAP45/RIBC2/ARMC3/CFAP61/CFAP47/HYDIN/CFAP43/DNAH11/SPAG6/CCDC40/DNAH7/IQUB/PLTP/DNAH6/PACRG/SPEF2/DPCD/SPAG16/CFAP298/TUBB4B/KIF9/KIF27/BBOF1/DNAH5",38,"Ciliated epithelial"
"GO:0001539","cilium or flagellum-dependent cell motility","32/455","189/17012",0.169312169312169,6.33041455898599,12.2157451103822,5.57422077144787e-17,5.99089377411359e-14,5.11068030729589e-14,"RFX3/DNALI1/CCDC146/EFHC1/LRRC23/ROPN1L/CFAP77/DNAI1/CFAP126/CFAP52/LRRC46/CFAP45/RIBC2/ARMC3/CFAP61/CFAP47/CFAP43/DNAH11/SPAG6/CCDC40/DNAH7/IQUB/PLTP/DNAH6/PACRG/SPEF2/DPCD/SPAG16/TUBB4B/KIF9/BBOF1/DNAH5",32,"Ciliated epithelial"
"GO:0060285","cilium-dependent cell motility","32/455","189/17012",0.169312169312169,6.33041455898599,12.2157451103822,5.57422077144787e-17,5.99089377411359e-14,5.11068030729589e-14,"RFX3/DNALI1/CCDC146/EFHC1/LRRC23/ROPN1L/CFAP77/DNAI1/CFAP126/CFAP52/LRRC46/CFAP45/RIBC2/ARMC3/CFAP61/CFAP47/CFAP43/DNAH11/SPAG6/CCDC40/DNAH7/IQUB/PLTP/DNAH6/PACRG/SPEF2/DPCD/SPAG16/TUBB4B/KIF9/BBOF1/DNAH5",32,"Ciliated epithelial"
"GO:0060271","cilium assembly","44/455","371/17012",0.118598382749326,4.43427623589349,11.0869545051986,8.62759963066325e-17,7.41801016244426e-14,6.32811728699595e-14,"RFX2/RPGR/RFX3/DNMBP/CDC14A/DNALI1/CCDC146/SPAG1/LRRC23/TCTN1/IFT22/ZMYND10/DNAI1/CCNO/CFAP73/SPAG17/LRRC46/FOXJ1/MAPK15/CFAP61/CFAP47/HYDIN/RSPH1/CFAP43/SPAG6/TMEM231/CCDC40/DNAH7/IQUB/SPEF2/B9D1/SPAG16/TMEM67/CFAP298/CBY1/KIF27/DYNC2LI1/RAB17/IFT27/CEP83/BBOF1/ARL3/DNAH5/DYNLL1",44,"Ciliated epithelial"
"GO:0044782","cilium organization","45/455","400/17012",0.1125,4.20626373626374,10.7571710333336,2.84590108932734e-16,1.97765162406719e-13,1.68708469735926e-13,"RFX2/RPGR/RFX3/DNMBP/CDC14A/DNALI1/CCDC146/SPAG1/LRRC23/TCTN1/IFT22/ZMYND10/DNAI1/CCNO/CFAP126/CFAP73/SPAG17/LRRC46/FOXJ1/MAPK15/CFAP61/CFAP47/HYDIN/RSPH1/CFAP43/SPAG6/TMEM231/CCDC40/DNAH7/IQUB/SPEF2/B9D1/SPAG16/TMEM67/CFAP298/CBY1/KIF27/DYNC2LI1/RAB17/IFT27/CEP83/BBOF1/ARL3/DNAH5/DYNLL1",45,"Ciliated epithelial"
"GO:0060294","cilium movement involved in cell motility","31/455","187/17012",0.165775401069519,6.19817829229594,11.848796327703,3.22018175586656e-16,1.97765162406719e-13,1.68708469735926e-13,"DNALI1/CCDC146/EFHC1/LRRC23/ROPN1L/CFAP77/DNAI1/CFAP126/CFAP52/LRRC46/CFAP45/RIBC2/ARMC3/CFAP61/CFAP47/CFAP43/DNAH11/SPAG6/CCDC40/DNAH7/IQUB/PLTP/DNAH6/PACRG/SPEF2/DPCD/SPAG16/TUBB4B/KIF9/BBOF1/DNAH5",31,"Ciliated epithelial"
"GO:0030317","flagellated sperm motility","29/455","169/17012",0.171597633136095,6.41586579101372,11.7295491090249,1.15956631705458e-15,6.23121949627208e-13,5.31569611660286e-13,"DNALI1/CCDC146/EFHC1/LRRC23/ROPN1L/CFAP77/DNAI1/CFAP126/CFAP52/LRRC46/CFAP45/RIBC2/ARMC3/CFAP61/CFAP47/CFAP43/DNAH11/SPAG6/CCDC40/IQUB/PLTP/PACRG/SPEF2/DPCD/SPAG16/TUBB4B/KIF9/BBOF1/DNAH5",29,"Ciliated epithelial"
"GO:0097722","sperm motility","29/455","170/17012",0.170588235294118,6.37812540400776,11.6825688732428,1.36403636557625e-15,6.5155470395692e-13,5.55824876920192e-13,"DNALI1/CCDC146/EFHC1/LRRC23/ROPN1L/CFAP77/DNAI1/CFAP126/CFAP52/LRRC46/CFAP45/RIBC2/ARMC3/CFAP61/CFAP47/CFAP43/DNAH11/SPAG6/CCDC40/IQUB/PLTP/PACRG/SPEF2/DPCD/SPAG16/TUBB4B/KIF9/BBOF1/DNAH5",29,"Ciliated epithelial"
"GO:0035082","axoneme assembly","20/455","87/17012",0.229885057471264,8.59517494000253,11.7736972815764,1.05578554334978e-13,4.45508637336454e-11,3.80052176755967e-11,"CCDC146/SPAG1/LRRC23/ZMYND10/DNAI1/CFAP73/SPAG17/LRRC46/FOXJ1/CFAP47/HYDIN/RSPH1/CFAP43/SPAG6/CCDC40/DNAH7/SPEF2/SPAG16/BBOF1/DNAH5",20,"Ciliated epithelial"
"GO:0006119","oxidative phosphorylation","12/70","139/17012",0.0863309352517986,20.9808838643371,15.2039889751148,3.88314136040158e-13,5.160243883459e-10,4.44909124462117e-10,"MT-ATP6/MT-ND4/MT-ND1/MT-ND5/MT-CO1/MT-ATP8/MT-ND4L/MT-ND6/MT-ND3/MT-CYB/MT-CO2/MT-CO3",12,"Ciliated/secretory epithelial"
"GO:0022904","respiratory electron transport chain","11/70","108/17012",0.101851851851852,24.7529100529101,15.9171593270768,6.35106939502646e-13,5.160243883459e-10,4.44909124462117e-10,"MT-ND4/MT-ND1/SOD2/MT-ND5/MT-CO1/MT-ND4L/MT-ND6/MT-ND3/MT-CYB/MT-CO2/MT-CO3",11,"Ciliated/secretory epithelial"
"GO:0022900","electron transport chain","11/70","118/17012",0.0932203389830508,22.655205811138,15.1729028793693,1.70608140953477e-12,9.01975925306123e-10,7.77671226936e-10,"MT-ND4/MT-ND1/SOD2/MT-ND5/MT-CO1/MT-ND4L/MT-ND6/MT-ND3/MT-CYB/MT-CO2/MT-CO3",11,"Ciliated/secretory epithelial"
"GO:0019646","aerobic electron transport chain","10/70","87/17012",0.114942528735632,27.9343185550082,16.1894793992304,2.22024843152276e-12,9.01975925306123e-10,7.77671226936e-10,"MT-ND4/MT-ND1/MT-ND5/MT-CO1/MT-ND4L/MT-ND6/MT-ND3/MT-CYB/MT-CO2/MT-CO3",10,"Ciliated/secretory epithelial"
"GO:0042773","ATP synthesis coupled electron transport","10/70","94/17012",0.106382978723404,25.854103343465,15.5317045230355,4.90568168095557e-12,1.32862212192547e-09,1.14551970479857e-09,"MT-ND4/MT-ND1/MT-ND5/MT-CO1/MT-ND4L/MT-ND6/MT-ND3/MT-CYB/MT-CO2/MT-CO3",10,"Ciliated/secretory epithelial"
"GO:0042775","mitochondrial ATP synthesis coupled electron transport","10/70","94/17012",0.106382978723404,25.854103343465,15.5317045230355,4.90568168095557e-12,1.32862212192547e-09,1.14551970479857e-09,"MT-ND4/MT-ND1/MT-ND5/MT-CO1/MT-ND4L/MT-ND6/MT-ND3/MT-CYB/MT-CO2/MT-CO3",10,"Ciliated/secretory epithelial"
"GO:1902600","proton transmembrane transport","12/70","184/17012",0.0652173913043478,15.8496894409938,13.0179210864048,1.10119882845759e-11,2.55635442320511e-09,2.20405359500308e-09,"MT-ATP6/MT-ND4/MT-ND1/MT-ND5/MT-CO1/MT-ATP8/MT-ND4L/MT-ND6/MT-ND3/MT-CYB/MT-CO2/MT-CO3",12,"Ciliated/secretory epithelial"
"GO:0045333","cellular respiration","14/70","324/17012",0.0432098765432099,10.5012345679012,11.0989527696248,4.61906075956915e-11,9.38246716787483e-09,8.08943404077176e-09,"MT-ATP6/MT-ND4/MT-ND1/SOD2/MT-ND5/MT-CO1/MT-ATP8/MT-ND4L/MT-ND6/MT-ND3/MT-CYB/MT-CO2/SLC4A4/MT-CO3",14,"Ciliated/secretory epithelial"
"GO:0009060","aerobic respiration","13/70","287/17012",0.0452961672473868,11.0082628173221,10.991277940317,1.37466313246096e-10,2.48203065583229e-08,2.13997266585443e-08,"MT-ATP6/MT-ND4/MT-ND1/MT-ND5/MT-CO1/MT-ATP8/MT-ND4L/MT-ND6/MT-ND3/MT-CYB/MT-CO2/SLC4A4/MT-CO3",13,"Ciliated/secretory epithelial"
"GO:0042776","proton motive force-driven mitochondrial ATP synthesis","8/70","67/17012",0.119402985074627,29.0183368869936,14.7703426770681,2.92667917630099e-10,4.75585366148912e-08,4.10043156174381e-08,"MT-ATP6/MT-ND4/MT-ND1/MT-ND5/MT-ATP8/MT-ND4L/MT-ND6/MT-ND3",8,"Ciliated/secretory epithelial"
"GO:0019886","antigen processing and presentation of exogenous peptide antigen via MHC class II","8/96","29/17012",0.275862068965517,48.8850574712644,19.4421150027025,2.97415897153774e-12,4.47014427227328e-09,3.51575839797023e-09,"CD74/HLA-DRB1/IFI30/FCER1G/HLA-DQA1/HLA-DRA/HLA-DPA1/HLA-DPB1",8,"Cycling/proliferating epithelial"
"GO:0048002","antigen processing and presentation of peptide antigen","10/96","67/17012",0.149253731343284,26.4490049751244,15.7231342265171,3.85447084938037e-12,4.47014427227328e-09,3.51575839797023e-09,"CD74/HLA-DRB1/IFI30/FCER1G/HLA-DQA1/HLA-DRA/HLA-DPA1/HLA-DPB1/AZGP1/CALR",10,"Cycling/proliferating epithelial"
"GO:0002495","antigen processing and presentation of peptide antigen via MHC class II","8/96","31/17012",0.258064516129032,45.7311827956989,18.7785172992937,5.416168342819e-12,4.47014427227328e-09,3.51575839797023e-09,"CD74/HLA-DRB1/IFI30/FCER1G/HLA-DQA1/HLA-DRA/HLA-DPA1/HLA-DPB1",8,"Cycling/proliferating epithelial"
"GO:0002504","antigen processing and presentation of peptide or polysaccharide antigen via MHC class II","8/96","33/17012",0.242424242424242,42.959595959596,18.1753973407342,9.44496635798946e-12,5.84643417559548e-09,4.59820730586329e-09,"CD74/HLA-DRB1/IFI30/FCER1G/HLA-DQA1/HLA-DRA/HLA-DPA1/HLA-DPB1",8,"Cycling/proliferating epithelial"
"GO:0002478","antigen processing and presentation of exogenous peptide antigen","8/96","39/17012",0.205128205128205,36.3504273504273,16.649429883635,4.07109086079723e-11,2.01600419426679e-08,1.5855827563105e-08,"CD74/HLA-DRB1/IFI30/FCER1G/HLA-DQA1/HLA-DRA/HLA-DPA1/HLA-DPB1",8,"Cycling/proliferating epithelial"
"GO:0019884","antigen processing and presentation of exogenous antigen","8/96","48/17012",0.166666666666667,29.5347222222222,14.9135775383737,2.39548091599721e-10,9.88535124668184e-08,7.77480648174535e-08,"CD74/HLA-DRB1/IFI30/FCER1G/HLA-DQA1/HLA-DRA/HLA-DPA1/HLA-DPB1",8,"Cycling/proliferating epithelial"
"GO:0019882","antigen processing and presentation","10/96","114/17012",0.087719298245614,15.5445906432749,11.7378343409436,8.51571122827389e-10,3.01212871445802e-07,2.36903244696341e-07,"CD74/HLA-DRB1/IFI30/FCER1G/HLA-DQA1/HLA-DRA/HLA-DPA1/HLA-DPB1/AZGP1/CALR",10,"Cycling/proliferating epithelial"
"GO:0002396","MHC protein complex assembly","6/96","22/17012",0.272727272727273,48.3295454545454,16.7339584049841,1.91213250150257e-09,5.2604889708004e-07,4.13736272254942e-07,"HLA-DRB1/HLA-DQA1/HLA-DRA/HLA-DPA1/HLA-DPB1/CALR",6,"Cycling/proliferating epithelial"
"GO:0002501","peptide antigen assembly with MHC protein complex","6/96","22/17012",0.272727272727273,48.3295454545454,16.7339584049841,1.91213250150257e-09,5.2604889708004e-07,4.13736272254942e-07,"HLA-DRB1/HLA-DQA1/HLA-DRA/HLA-DPA1/HLA-DPB1/CALR",6,"Cycling/proliferating epithelial"
"GO:0042773","ATP synthesis coupled electron transport","9/96","94/17012",0.0957446808510638,16.9667553191489,11.6938572261704,2.83825772565903e-09,6.38866011702886e-07,5.02466678705187e-07,"MT-ND5/MT-CO1/MT-ND4L/MT-ND6/MT-ND3/MT-CYB/MT-CO2/MT-CO3/CDK1",9,"Cycling/proliferating epithelial"
"GO:0043542","endothelial cell migration","94/2021","231/17012",0.406926406926407,3.42534984395449,13.6271250218324,3.71899728760137e-29,2.18267950809324e-25,1.7052581247149e-25,"TEK/RHOJ/ADAMTS9/PECAM1/ROBO4/MMRN2/CDH5/MET/NOS3/TGFBR3/CLEC14A/SOX18/FLT4/ACVRL1/EPHB4/PTPRM/LOXL2/HSPA12B/PRCP/CARD10/SASH1/VEGFC/JCAD/PLXND1/FAP/NRP2/ROBO1/GAB1/KDR/PIK3C2A/NRP1/PLPP3/ID1/EHD4/CDH13/HDAC7/BCAR1/DAB2IP/PXN/RIN2/STARD13/NOTCH1/SPRED1/MEF2C/CD40/FGFR1/DLL4/EDN1/AKT3/PTK2/PIK3R3/EMP2/SP1/PRKD2/EFNB2/CTNND1/VASH1/PLK2/MAP2K5/ADAM17/ATP2B4/PLCG1/RAB13/NF1/ADGRA2/MYH9/HDAC5/ABL1/BCAS3/SCARB1/SYNJ2BP/RAC1/ITGB1/RGCC/ETS1/TMSB4X/SPARC/FN1/THBS1/JUP/EFNA1/PTP4A3/GRN/STC1/ANGPT2/FGF2/PDGFB/ATOH8/PPARG/CCN3/PIK3CA/FSTL1/RRAS/PRKD1",94,"Endothelial"
"GO:0031589","cell-substrate adhesion","117/2021","360/17012",0.325,2.73572488866898,12.2217027585384,1.25354147637096e-25,3.67851746241059e-22,2.87390877424838e-22,"VWF/TEK/ADAMTS9/ITGB4/PECAM1/LIMS2/FAM107A/ITGA9/CD34/ACVRL1/TNXB/LAMB1/HOXD3/ITGA6/ADAM15/BCR/FZD4/KDR/ITGA8/PPM1F/SERPINE1/TAOK2/NRP1/PLPP3/ITGA5/SNED1/ITGA2/SRGAP2/DLC1/DISC1/CDH13/LAMA5/PARVB/FERMT2/DAB2/PXN/RIN2/GAS6/NOTCH1/TRIOBP/LEF1/PEAK1/DOCK1/TBCD/PTK2/WDPCP/ATXN3/JAM3/ROCK2/MACF1/JAK2/PRKCE/NID1/EMP2/LAMC1/ARL2/CORO1C/PHLDB2/CRK/CTTN/FER/RREB1/SPRY4/LIMS1/DUSP22/CX3CL1/BCAM/MAP4K4/HSD17B12/LIMCH1/RASA1/CTNNB1/GSK3B/SLK/NF1/MINK1/CCN2/PTPRK/VAMP3/CLASP1/PARVA/UTRN/NEDD9/ABL1/DAPK3/NTN4/RSU1/RAC1/ITGB1/PREX1/FN1/THBS1/JUP/EFEMP2/EFNA1/ITGB5/ACTN4/ANGPT2/SMAD6/PDGFB/ITGA1/EDIL3/MERTK/MMP14/JAG1/PKD1/GCNT2/CLASP2/THY1/ARHGEF7/RRAS/RCC2/DAG1/PTPRA/SORBS3/PPFIA1/WASHC2C",117,"Endothelial"
"GO:0043534","blood vessel endothelial cell migration","59/2021","121/17012",0.487603305785124,4.10445692133425,12.5829774685786,1.25732340176923e-23,2.45974368166121e-20,1.92171955723045e-20,"RHOJ/ROBO4/MMRN2/CDH5/NOS3/TGFBR3/CLEC14A/SOX18/ACVRL1/EPHB4/PRCP/CARD10/VEGFC/JCAD/ROBO1/GAB1/KDR/PIK3C2A/NRP1/ID1/EHD4/HDAC7/STARD13/NOTCH1/SPRED1/MEF2C/CD40/FGFR1/DLL4/AKT3/PIK3R3/EMP2/SP1/PRKD2/EFNB2/CTNND1/VASH1/PLK2/MAP2K5/ADAM17/ATP2B4/PLCG1/NF1/MYH9/HDAC5/ABL1/SCARB1/ITGB1/RGCC/ETS1/TMSB4X/THBS1/JUP/EFNA1/ANGPT2/FGF2/PDGFB/PPARG/PRKD1",59,"Endothelial"
"GO:0045446","endothelial cell differentiation","56/2021","113/17012",0.495575221238938,4.1715614367723,12.4198006294632,6.16810812389043e-23,8.85143072920963e-20,6.91534149212852e-20,"PDE2A/TIE1/RAPGEF3/PECAM1/ROBO4/CDH5/MET/HEG1/BMPR2/SOX18/SOX17/ACVRL1/DLL1/ICAM1/FZD4/KDR/PLCB1/NRP1/MAGI1/ID1/CLDN5/RDX/ZEB1/NOTCH4/NOTCH1/TJP1/TNFRSF1A/S1PR1/IKBKB/TJP2/APOLD1/ROCK2/CLIC4/PLOD3/MSN/AMOTL2/CTNNB1/ZDHHC21/AFDN/RAPGEF2/COL18A1/PDE4D/ADD1/RAPGEF1/LIPA/PPP1R16B/RAP1A/F11R/STC1/EDNRB/HEY1/BMP6/ATOH8/HEY2/JAG1/FSTL1",56,"Endothelial"
"GO:0007015","actin filament organization","130/2021","452/17012",0.287610619469027,2.42099547669821,11.2425421281097,7.54083381258275e-23,8.85143072920963e-20,6.91534149212852e-20,"RHOJ/ARHGEF15/SHANK3/SHROOM4/FAM171A1/RAPGEF3/KANK3/MET/FAM107A/SSH1/RND1/PDLIM1/ESAM/SYNPO/FSCN1/SHROOM2/PPM1F/NRP1/DPYSL3/SVIL/SWAP70/DLC1/TNFAIP1/FCHSD2/BCAR1/SPTBN1/FERMT2/RDX/HIP1/PXN/ELMO1/PLS3/PRKN/MYO1E/GSN/TRIOBP/LUZP1/MYO5C/ARHGEF10/TJP1/PHACTR1/ARRB1/PPP1R9B/MTSS1/S1PR1/INF2/CNN3/CCDC88A/CDC42EP4/DBN1/GAS2L1/ROCK2/NCKAP1/JAK2/PLEC/PRKCE/EMP2/TMOD3/DIAPH2/CORO1C/PHLDB2/SPTAN1/ARHGEF2/PLEKHG2/CTTN/FER/MYO1C/MICAL3/LIMA1/CX3CL1/LIMCH1/ALMS1/CYFIP1/RASA1/GBA2/CCN2/TMSB10/CLASP1/RICTOR/TTC17/WASF2/SPIRE1/NEDD9/RUFY3/ABL1/ARFIP1/MYO1D/RAC1/WASHC4/ADD1/TAGLN2/RGCC/PREX1/TMSB4X/MYL9/F11R/CDC42EP1/SHROOM1/CDC42EP5/MYO6/ARHGAP12/ITGB5/MYO1B/DLG1/RFLNB/CXCL12/SCIN/AIF1L/HIP1R/RHOBTB1/TMOD2/RHOC/FHOD1/ARHGAP18/KIRREL1/KANK2/PIK3CA/CLASP2/EPS8/SPECC1L/ABI2/ARHGAP35/CALD1/NCK1/CAPZA2/SORBS3/LATS1/PPFIA1/ARFGEF1/WASHC2C",130,"Endothelial"
"GO:0003158","endothelium development","61/2021","136/17012",0.448529411764706,3.77554792327619,11.9320812826222,5.48660756649452e-22,5.36681663462605e-19,4.19292325607897e-19,"PDE2A/TIE1/RAPGEF3/PECAM1/ROBO4/CDH5/MET/HEG1/BMPR2/SOX18/CD34/SOX17/ACVRL1/DLL1/ICAM1/FZD4/KDR/PLCB1/NRP1/MAGI1/ID1/CLDN5/RDX/ZEB1/NOTCH4/STARD13/NOTCH1/TJP1/DLL4/TNFRSF1A/EDN1/S1PR1/IKBKB/TJP2/APOLD1/ROCK2/CLIC4/PRKD2/PLOD3/MSN/AMOTL2/CTNNB1/ZDHHC21/AFDN/RAPGEF2/COL18A1/PDE4D/ADD1/RAPGEF1/LIPA/PPP1R16B/RAP1A/F11R/STC1/EDNRB/HEY1/BMP6/ATOH8/HEY2/JAG1/FSTL1",61,"Endothelial"
"GO:0010594","regulation of endothelial cell migration","69/2021","170/17012",0.405882352941176,3.4165613994237,11.6267474809839,1.17375804702569e-21,9.84112282570538e-19,7.68855647044195e-19,"TEK/RHOJ/ADAMTS9/ROBO4/MMRN2/MET/NOS3/TGFBR3/FLT4/ACVRL1/PTPRM/PRCP/CARD10/SASH1/VEGFC/JCAD/NRP2/GAB1/KDR/PIK3C2A/NRP1/PLPP3/HDAC7/BCAR1/DAB2IP/RIN2/STARD13/NOTCH1/SPRED1/MEF2C/CD40/FGFR1/DLL4/EDN1/AKT3/PTK2/EMP2/SP1/PRKD2/VASH1/PLK2/MAP2K5/ADAM17/ATP2B4/PLCG1/NF1/ADGRA2/HDAC5/ABL1/BCAS3/SCARB1/SYNJ2BP/RAC1/RGCC/ETS1/TMSB4X/SPARC/THBS1/JUP/EFNA1/GRN/STC1/ANGPT2/FGF2/PDGFB/ATOH8/PPARG/RRAS/PRKD1",69,"Endothelial"
"GO:0051056","regulation of small GTPase mediated signal transduction","98/2021","309/17012",0.317152103559871,2.66966431754603,10.8753675131984,8.76393849731915e-21,6.42944438009576e-18,5.02312053872661e-18,"TEK/ARHGEF15/FGD5/RASIP1/ARHGAP23/PKP4/PREX2/MET/HEG1/PLEKHG1/ARHGAP31/STARD8/BCR/KALRN/ROBO1/ABL2/RASGRF2/DOCK6/DOCK9/NRP1/MCF2L/SRGAP2/SWAP70/DLC1/TNFAIP1/SPRY1/FERMT2/ARHGEF3/RDX/DAB2IP/TGM2/STARD13/NOTCH1/RIPOR1/TRIO/ARHGEF10/ARRB1/ARHGAP29/PICALM/ARHGAP26/GIT1/DNMBP/ADGRG1/ABR/DENND1A/FLOT1/MYO9A/ARHGEF2/CRK/RGL2/SPRY4/SOS1/MAP4K4/ARHGAP17/CBL/NF1/BNIP2/TSC2/ARFGEF2/ARHGAP21/ARHGEF12/FGD4/F2R/IQSEC1/DENND4C/ABL1/RALGAPB/PPP2CB/RAC1/MAPKAP1/ITGB1/ARHGAP4/PREX1/ITPKB/AKAP13/ARHGAP24/F11R/ARHGAP5/KITLG/TAX1BP3/ARHGAP12/TNS3/SIPA1L3/SIPA1L2/GPR4/ARHGEF17/ARHGAP18/VAV3/DENND3/KCTD10/GIT2/KANK2/ARHGAP27/CYTH3/CSNK1E/EPS8/ARHGAP35/ARFGEF1",98,"Endothelial"
"GO:1902903","regulation of supramolecular fiber organization","110/2021","380/17012",0.289473684210526,2.43667803849059,10.3994839781487,9.88685505487666e-20,6.44732803523012e-17,5.03709247006348e-17,"ARHGEF15/SHANK3/RAPGEF3/KANK3/CDH5/MET/HSPG2/CLU/SSH1/ESAM/SYNPO/NAV3/HDGFL3/BMERB1/PPM1F/NRP1/SVIL/SWAP70/DLC1/FCHSD2/SPTBN1/FERMT2/RDX/PXN/PRKN/GSN/FES/TRIOBP/ARHGEF10/TJP1/TBCD/APP/EDN1/MTSS1/S1PR1/GIT1/CAMSAP2/CCDC88A/CDC42EP4/GAS2L1/ROCK2/NCKAP1/PRKCE/TMOD3/ARL2/PHLDB2/SPTAN1/ARHGEF2/PLEKHG2/CTTN/FER/LIMA1/TAOK1/CX3CL1/LIMCH1/MID1/ALMS1/CYFIP1/RASA1/APC/GBA2/TTBK2/CCN2/CLASP1/RICTOR/TOGARAM1/WASF2/ABL1/ARFIP1/PPP2CB/DAPK3/RAC1/WASHC4/ADD1/RGCC/PREX1/TMSB4X/AKAP13/MAP1B/F11R/CDC42EP1/CDC42EP5/DLG1/CXCL12/SCIN/HIP1R/TMOD2/RHOC/FHOD1/ARHGAP18/KIRREL1/KANK2/PIK3CA/CLASP2/SPAST/ARHGEF7/EPS8/SPECC1L/ABI2/PRKD1/ARHGAP35/MAP1S/NCK1/PFDN1/CAPZA2/SORBS3/LATS1/PPFIA1/ARFGEF1/WASHC2C",110,"Endothelial"
"GO:0032956","regulation of actin cytoskeleton organization","102/2021","343/17012",0.297376093294461,2.50319747606401,10.3262135359171,2.66051123817584e-19,1.5614540456854e-16,1.21991441615726e-16,"ARHGEF15/SHANK3/RAPGEF3/KANK3/MET/FAM107A/ARAP3/SSH1/RND1/ESAM/ABL2/SYNPO/FSCN1/PPM1F/TAOK2/NRP1/SVIL/SWAP70/DLC1/FCHSD2/SPTBN1/FERMT2/RDX/PXN/PRKN/GSN/TRIOBP/ARHGEF10/TJP1/EDN1/MTSS1/S1PR1/JAM3/CCDC88A/CDC42EP4/ROCK2/STAU2/NCKAP1/PRKCE/TMOD3/PHLDB2/SPTAN1/CRK/PLEKHG2/CTTN/FER/LIMA1/TAOK1/CX3CL1/LIMCH1/ALMS1/CYFIP1/RASA1/ARHGAP17/GBA2/BST2/CDK10/CCN2/CLASP1/RICTOR/WASF2/NEDD9/ABL1/ARFIP1/DAPK3/BCAS3/RAC1/WASHC4/ADD1/RGCC/PREX1/TMSB4X/AKAP13/F11R/CDC42EP1/CDC42EP5/DLG1/CXCL12/SCIN/HIP1R/RHOBTB1/TMOD2/RHOC/FHOD1/ARHGAP18/KIRREL1/KANK2/PIK3CA/CLASP2/EPS8/SPECC1L/ABI2/PRKD1/ARHGAP35/RALA/NCK1/CAPZA2/SORBS3/LATS1/PPFIA1/ARFGEF1/WASHC2C",102,"Endothelial"
"GO:0030198","extracellular matrix organization","104/1498","316/17012",0.329113924050633,3.73757414949891,15.2637818313404,3.47302840298388e-34,1.19568382834693e-30,9.64378240485485e-31,"FLRT2/ENG/TGFBR3/TNXB/FOXC1/LAMB1/FAP/APBB2/VWA1/MATN2/COL4A1/COL4A2/CYP1B1/HMCN1/GAS6/PLOD2/LAMB2/CAV1/TNFRSF1A/APP/ELN/EXT1/CAV2/LARGE1/TIMP3/PXDN/NID1/LAMC1/SERPINH1/FKBP10/QSOX1/PHLDB2/PLOD3/ANXA2/NF1/NPHP3/CLASP1/ABL1/MMP2/ITGB1/COMP/ABI3BP/LUM/MFAP4/AEBP1/TGFBI/COL14A1/COL3A1/COL1A2/COL1A1/CST3/THSD4/CCN1/TGFB2/EFEMP2/ADAMTSL2/SULF1/BMP1/PLOD1/PHLDB1/MMP14/SFRP2/PDGFRA/FBLN1/CCDC80/LAMA2/ADAMTS2/PRICKLE1/COL4A4/CTSK/LTBP4/EMILIN1/COL5A1/MMP23B/FBLN5/LRP1/ADAMTS12/GPM6B/LOXL1/COL6A1/ECM2/COL5A2/LOX/NDNF/COL12A1/NID2/ADAMTSL3/SH3PXD2B/DDR2/FMOD/PRDM5/FOXF1/OLFML2B/CRISPLD2/ANTXR1/RECK/SMOC2/CRTAP/P3H4/TGFBR1/ANTXR2/RIC1/PRDX4/P4HA1",104,"Fibroblast/stromal"
"GO:0043062","extracellular structure organization","104/1498","317/17012",0.32807570977918,3.72578369476863,15.2225266888031,4.74229772465994e-34,1.19568382834693e-30,9.64378240485485e-31,"FLRT2/ENG/TGFBR3/TNXB/FOXC1/LAMB1/FAP/APBB2/VWA1/MATN2/COL4A1/COL4A2/CYP1B1/HMCN1/GAS6/PLOD2/LAMB2/CAV1/TNFRSF1A/APP/ELN/EXT1/CAV2/LARGE1/TIMP3/PXDN/NID1/LAMC1/SERPINH1/FKBP10/QSOX1/PHLDB2/PLOD3/ANXA2/NF1/NPHP3/CLASP1/ABL1/MMP2/ITGB1/COMP/ABI3BP/LUM/MFAP4/AEBP1/TGFBI/COL14A1/COL3A1/COL1A2/COL1A1/CST3/THSD4/CCN1/TGFB2/EFEMP2/ADAMTSL2/SULF1/BMP1/PLOD1/PHLDB1/MMP14/SFRP2/PDGFRA/FBLN1/CCDC80/LAMA2/ADAMTS2/PRICKLE1/COL4A4/CTSK/LTBP4/EMILIN1/COL5A1/MMP23B/FBLN5/LRP1/ADAMTS12/GPM6B/LOXL1/COL6A1/ECM2/COL5A2/LOX/NDNF/COL12A1/NID2/ADAMTSL3/SH3PXD2B/DDR2/FMOD/PRDM5/FOXF1/OLFML2B/CRISPLD2/ANTXR1/RECK/SMOC2/CRTAP/P3H4/TGFBR1/ANTXR2/RIC1/PRDX4/P4HA1",104,"Fibroblast/stromal"
"GO:0045229","external encapsulating structure organization","104/1498","318/17012",0.327044025157233,3.71406739384168,15.1814382830185,6.46548573367121e-34,1.19568382834693e-30,9.64378240485485e-31,"FLRT2/ENG/TGFBR3/TNXB/FOXC1/LAMB1/FAP/APBB2/VWA1/MATN2/COL4A1/COL4A2/CYP1B1/HMCN1/GAS6/PLOD2/LAMB2/CAV1/TNFRSF1A/APP/ELN/EXT1/CAV2/LARGE1/TIMP3/PXDN/NID1/LAMC1/SERPINH1/FKBP10/QSOX1/PHLDB2/PLOD3/ANXA2/NF1/NPHP3/CLASP1/ABL1/MMP2/ITGB1/COMP/ABI3BP/LUM/MFAP4/AEBP1/TGFBI/COL14A1/COL3A1/COL1A2/COL1A1/CST3/THSD4/CCN1/TGFB2/EFEMP2/ADAMTSL2/SULF1/BMP1/PLOD1/PHLDB1/MMP14/SFRP2/PDGFRA/FBLN1/CCDC80/LAMA2/ADAMTS2/PRICKLE1/COL4A4/CTSK/LTBP4/EMILIN1/COL5A1/MMP23B/FBLN5/LRP1/ADAMTS12/GPM6B/LOXL1/COL6A1/ECM2/COL5A2/LOX/NDNF/COL12A1/NID2/ADAMTSL3/SH3PXD2B/DDR2/FMOD/PRDM5/FOXF1/OLFML2B/CRISPLD2/ANTXR1/RECK/SMOC2/CRTAP/P3H4/TGFBR1/ANTXR2/RIC1/PRDX4/P4HA1",104,"Fibroblast/stromal"
"GO:0030199","collagen fibril organization","39/1498","70/17012",0.557142857142857,6.32717909593744,13.8778731785826,2.10435891449848e-23,2.91874581440939e-20,2.35411309092975e-20,"TNXB/FOXC1/CYP1B1/PLOD2/EXT1/PXDN/SERPINH1/FKBP10/PLOD3/ANXA2/NF1/COMP/LUM/AEBP1/COL14A1/COL3A1/COL1A2/COL1A1/TGFB2/EFEMP2/BMP1/PLOD1/SFRP2/ADAMTS2/EMILIN1/COL5A1/ADAMTS12/LOXL1/COL6A1/COL5A2/LOX/COL12A1/DDR2/FMOD/CRTAP/P3H4/TGFBR1/ANTXR2/P4HA1",39,"Fibroblast/stromal"
"GO:0031589","cell-substrate adhesion","91/1498","360/17012",0.252777777777778,2.87066458982347,11.1473826756554,7.10648373318404e-21,7.885354350341e-18,6.35992891574007e-18,"TNXB/LAMB1/FZD4/ACTN1/SERPINE1/PLPP3/SNED1/DLC1/FERMT2/DAB2/RIN2/GAS6/TRIOBP/LEF1/PEAK1/DOCK1/CARMIL1/TIAM1/WDPCP/JAM3/JAK2/PRKCE/NID1/EMP2/LAMC1/ARL2/CORO1C/PHLDB2/CTTN/FER/ANXA2/NF1/CCN2/VAMP3/CLASP1/PARVA/ABL1/SORBS1/DAPK3/ITGB1/FLNA/COL8A1/ABI3BP/ITGBL1/FBLN2/COL3A1/COL1A1/FN1/THBS1/EFNA5/ITGB8/TNFRSF12A/TRIP6/CCN1/EFEMP2/DOCK5/VCL/CD63/ITGB5/ITGA1/EDIL3/MMP14/PKD1/THY1/RRAS/SORBS3/SFRP1/FBLN1/APOD/COL16A1/CCDC80/ITGA11/CDH11/SVEP1/EPHA3/EMILIN1/FBLN5/ADAMTS12/GPM6B/ECM2/NDNF/NID2/FOXF1/ANTXR1/SGCE/AXL/ANGPT1/EPDR1/PTEN/ITGB1BP1/ILK",91,"Fibroblast/stromal"
"GO:0007178","cell surface receptor protein serine/threonine kinase signaling pathway","93/1498","381/17012",0.244094488188976,2.77205302608202,10.8702355453843,3.49360363114348e-20,3.230418824264e-17,2.60549281333174e-17,"ENG/TGFBR3/BMPR2/ZNF423/FBN1/HTRA1/WWTR1/LRRC32/SMAD9/SPRY1/SPTBN1/CRIM1/FERMT2/DAB2/ZEB1/RBPMS/SPRED1/LEF1/CAV1/MAGI2/PML/LATS2/EXT1/CAV2/ZFYVE9/NREP/NFIA/JAK2/SKI/SMURF1/MAPK3/ADAM17/LTBP3/ZMIZ1/ABL1/AKAP11/SPART/ZEB2/COMP/SFRP4/COL3A1/LTBP1/COL1A2/EGR1/THBS1/FUT8/ITGB8/CCN1/TGFB2/CDKN1C/BMPR1A/NEO1/ITGB5/HOXA13/SMAD5/NOTCH2/INHBA/ADAMTSL2/SULF1/GLG1/FSTL1/TGFB1I1/SFRP2/HTRA3/SFRP1/CHRDL1/GPC3/TMEM119/LTBP2/LTBP4/EMILIN1/LRP1/BMP4/ASPN/LOX/CHRD/DKK3/FSTL3/FMOD/FZD1/NBL1/TSKU/SPRY2/VASN/FLCN/TGFBR1/RUNX2/ZNF703/ACVR1/TWSG1/ILK/SAP30L/ZBTB7A",93,"Fibroblast/stromal"
"GO:0141091","transforming growth factor beta receptor superfamily signaling pathway","87/1498","354/17012",0.245762711864407,2.79099816704759,10.581427945234,3.7173558835153e-19,2.94627006310613e-16,2.3763127610261e-16,"ENG/TGFBR3/BMPR2/ZNF423/FBN1/HTRA1/LRRC32/SMAD9/SPRY1/CRIM1/FERMT2/DAB2/ZEB1/SPRED1/LEF1/CAV1/MAGI2/PML/LATS2/EXT1/CAV2/ZFYVE9/NREP/NFIA/SKI/SMURF1/MAPK3/ADAM17/LTBP3/ZMIZ1/ABL1/SPART/ZEB2/COMP/SFRP4/COL3A1/LTBP1/COL1A2/EGR1/THBS1/FUT8/ITGB8/CCN1/TGFB2/CDKN1C/BMPR1A/NEO1/ITGB5/HOXA13/SMAD5/NOTCH2/INHBA/ADAMTSL2/SULF1/GLG1/FSTL1/TGFB1I1/SFRP2/HTRA3/SFRP1/CHRDL1/GPC3/TMEM119/LTBP2/LTBP4/EMILIN1/BMP4/ASPN/LOX/CHRD/DKK3/FSTL3/FMOD/FZD1/NBL1/TSKU/SPRY2/VASN/FLCN/TGFBR1/RUNX2/ZNF703/ACVR1/TWSG1/ILK/SAP30L/ZBTB7A",87,"Fibroblast/stromal"
"GO:0090287","regulation of cellular response to growth factor stimulus","80/1498","320/17012",0.25,2.83911882510013,10.3202335681397,3.50301875152707e-18,2.42934350418402e-15,1.95938588325547e-15,"ENG/TGFBR3/TNXB/ZNF423/FBN1/HTRA1/ROBO1/FZD4/LRRC32/SPRY1/CRIM1/TMEM204/ZEB1/SPRED1/CAV1/NR2F2/LATS2/CAV2/NREP/SKI/SMURF1/ADAM17/ZDHHC17/ADGRA2/ABL1/EPN2/SPART/ITGB1/ZEB2/SFRP4/DCN/LTBP1/THBS1/CCN1/CDKN1C/NPTN/CD63/NEO1/HOXA13/NOTCH2/ADAMTSL2/FGF2/SULF1/GLG1/FSTL1/TGFB1I1/SFRP2/HTRA3/HHIP/SFRP1/CHRDL1/GPC3/LTBP4/EMILIN1/ADAMTS12/BMP4/ASPN/SLIT2/LOX/CHRD/DKK3/FSTL3/FAM20C/FZD1/NBL1/SMOC2/ANGPT1/SPRY2/GPC1/DMD/VEGFB/VASN/FLCN/RUNX2/ZNF703/ARNT/TWSG1/ILK/SAP30L/ZBTB7A",80,"Fibroblast/stromal"
"GO:0016055","Wnt signaling pathway","100/1498","459/17012",0.217864923747277,2.47417762535959,9.94893826454947,7.06993606265598e-18,4.35822280840171e-15,3.51512259676615e-15,"TRABD2B/IGFBP4/TCF7L1/FZD4/NXN/WWTR1/PLPP3/RBMS3/WNT2B/FERMT2/DAB2/PRKN/DIXDC1/LRP6/LEF1/CAV1/PRICKLE2/APP/TIAM1/MAGI2/KLF4/LRRK1/PKD2/LATS2/EXT1/VGLL4/WWOX/SKI/MCC/STK3/INVS/AMOTL2/SMURF1/TCF7L2/APC/DAAM1/ADGRA2/NPHP3/ABL1/DAPK3/TNKS/YAP1/ZEB2/CTHRC1/SFRP4/COL1A1/EGR1/APOE/CDK14/ROR2/TPBG/GLI3/EGFR/RARG/PTK7/WLS/TAX1BP3/CALCOCO1/SPIN1/LZTS2/IGFBP2/CBY1/TMEM9/FGF2/SULF1/APCDD1/PKD1/HIC1/NDRG2/TGFB1I1/SFRP2/SFRP1/CPZ/GPC3/PRICKLE1/IGFBP6/GLI1/LRP1/ISL1/COL6A1/DACT1/DKK3/BICC1/ROR1/EDNRA/DAAM2/SEMA5A/FZD1/TSKU/RECK/MITF/PLEKHA4/FRZB/PPP2R3A/ZNF703/ATP6AP2/RNF146/ILK/TBL1X/CPE",100,"Fibroblast/stromal"
"GO:0001503","ossification","94/1498","418/17012",0.22488038277512,2.55384851253026,9.99494042423399,8.02005717559022e-18,4.44952772101745e-15,3.58876453194042e-15,"BMPR2/FOXC1/WWTR1/SMAD9/CRIM1/FERMT2/PBX1/LEF1/ZHX3/IL6ST/ID3/ANO6/EXT1/SLC8A1/RRBP1/WWOX/SKI/PDLIM7/MAPK3/LTBP3/EXT2/NF1/DNAJC13/CCN2/MMP2/YAP1/PRKACA/COMP/CTHRC1/VCAN/COL1A2/COL1A1/MGP/EGR2/RASSF2/FHL2/GLI3/EGFR/CCN1/BMPR1A/CEBPD/IGFBP3/TPM4/ATRAID/SMAD5/OSR2/IGFBP2/PTN/FGF2/BMP1/MMP14/IGFBP5/SFRP2/SFRP1/CHRDL1/ITGA11/GPC3/TMEM119/PRICKLE1/CDH11/GLI2/TWIST2/GLI1/IGF1/ADAMTS12/MRC2/GPM6B/BMP4/COL6A1/ASPN/IGF2/PTCH1/LOX/ENPP1/PKDCC/CHRD/ECM1/RORB/CLEC11A/FSTL3/DDR2/SLC24A3/FAM20C/FZD1/TENT5A/THRA/RUNX2/PTEN/ACVR1/XYLT1/TWSG1/ILK/RDH14/PTPN11",94,"Fibroblast/stromal"
"GO:0002768","immune response-regulating cell surface receptor signaling pathway","79/811","366/17012",0.215846994535519,4.52773005060204,15.2645983192643,1.23456975599386e-30,6.24815753508492e-27,4.34048735265209e-27,"TLR4/LY96/MEF2C/CD40/PLSCR1/HLA-DRB1/INPP5D/LIPA/RABGEF1/FYB1/CD53/NCKAP1L/LCP2/PDE4B/LAPTM5/LPXN/CYBA/CMTM3/NR4A3/TRAF3/PTPRJ/PTPN6/PRNP/PIK3AP1/PELI1/C5AR1/FCER1G/TYROBP/NFKB1/NFKBIA/FCGR2B/FCGR2A/HLA-DQB1/C3/HLA-DPB1/LGALS3/SQSTM1/BTK/SYK/LAT2/LYN/BLNK/NFKBID/GRB2/CD81/NFKBIZ/TREM2/LILRB2/MNDA/CD14/TLR2/HCK/FCGR1A/LILRB4/FPR3/FPR1/CLEC7A/CD33/SCIMP/FCGR3A/LILRB1/C3AR1/TLR1/THEMIS2/IRAK2/ITGAM/FGR/KLHL6/NINJ1/CD300A/PAK1/OAS1/RIPK2/MALT1/BLVRA/DUSP3/MYD88/VAV1/PSEN1",79,"Macrophages"
"GO:0071216","cellular response to biotic stimulus","63/811","255/17012",0.247058823529412,5.18244723290056,15.055904946953,4.61726696527347e-28,1.16839940556245e-24,8.11666929684914e-25,"IRAK3/TLR4/LY96/MEF2C/CD40/SIRPA/JAK2/PPARD/AHR/CARD16/TNFRSF1B/PDE4B/GBP2/PTPN6/IL1B/IRF8/ABCA1/CEBPB/NFKB1/CXCL8/NFKBIA/FCGR2B/CD68/LY86/BTK/SYK/LYN/GSTP1/PYCARD/NFKBIZ/AXL/TREM2/LILRB2/CD14/TLR2/HCK/CD86/KMO/SPI1/MRC1/CLEC7A/NLRP3/SCIMP/LILRB1/IL18/TLR1/PTAFR/IRAK2/CX3CR1/IRF5/HAVCR2/TNF/CASP1/LITAF/PPP1R15B/EIF2AK3/RIPK2/MALT1/MYD88/MAP2K3/TSPO/NFKBIB/RHOA",63,"Macrophages"
"GO:0002429","immune response-activating cell surface receptor signaling pathway","72/811","336/17012",0.214285714285714,4.49497974282191,14.4768074056485,9.0482858150324e-28,1.52644581699597e-24,1.06039560077924e-24,"TLR4/LY96/MEF2C/PLSCR1/HLA-DRB1/INPP5D/LIPA/RABGEF1/FYB1/CD53/NCKAP1L/LCP2/PDE4B/LAPTM5/LPXN/CYBA/CMTM3/NR4A3/TRAF3/PTPRJ/PTPN6/PRNP/PIK3AP1/PELI1/C5AR1/FCER1G/TYROBP/NFKB1/NFKBIA/FCGR2B/HLA-DQB1/C3/HLA-DPB1/LGALS3/SQSTM1/BTK/SYK/LAT2/LYN/BLNK/NFKBID/GRB2/CD81/NFKBIZ/TREM2/MNDA/CD14/TLR2/HCK/LILRB4/FPR3/FPR1/CLEC7A/SCIMP/C3AR1/TLR1/THEMIS2/IRAK2/ITGAM/FGR/KLHL6/NINJ1/CD300A/PAK1/OAS1/RIPK2/MALT1/BLVRA/DUSP3/MYD88/VAV1/PSEN1",72,"Macrophages"
"GO:0002237","response to molecule of bacterial origin","73/811","354/17012",0.206214689265537,4.32567730429755,14.1473385736492,4.86822779749464e-27,6.15952522078009e-24,4.27891601148213e-24,"IRAK3/TLR4/LY96/MEF2C/CD40/SIRPA/LGALS9/JAK2/ADAM17/PPARD/AHR/CXCL2/RAC1/CARD16/IL10RA/TNFRSF1B/PDE4B/GBP2/PTPN6/AKIRIN2/IL1B/IRF8/PELI1/C5AR1/ABCA1/SOD2/CEBPB/NFKB1/CXCL8/NFKBIA/FCGR2B/ACP5/CD68/LY86/BTK/LYN/GSTP1/PYCARD/NFKBIZ/AXL/TREM2/LILRB2/CD14/TLR2/HCK/CD86/KMO/SPI1/MRC1/NLRP3/SCIMP/LILRB1/IL18/TLR1/PTAFR/IRAK2/CX3CR1/IRF5/HAVCR2/TNF/CASP1/LITAF/CARD9/RIPK2/MAPKAPK3/MALT1/BLVRA/MYD88/MAP2K3/TSPO/GPX4/NFKBIB/RHOA",73,"Macrophages"
"GO:0071219","cellular response to molecule of bacterial origin","58/811","228/17012",0.254385964912281,5.33614554264824,14.7478250599297,1.26632761401855e-26,1.28177681090958e-23,8.90428259120415e-24,"IRAK3/TLR4/LY96/MEF2C/CD40/SIRPA/JAK2/PPARD/AHR/CARD16/TNFRSF1B/PDE4B/GBP2/PTPN6/IL1B/IRF8/ABCA1/CEBPB/NFKB1/CXCL8/NFKBIA/FCGR2B/CD68/LY86/LYN/GSTP1/PYCARD/NFKBIZ/AXL/TREM2/LILRB2/CD14/TLR2/HCK/CD86/KMO/SPI1/MRC1/NLRP3/SCIMP/LILRB1/IL18/TLR1/PTAFR/IRAK2/CX3CR1/IRF5/HAVCR2/TNF/CASP1/LITAF/RIPK2/MALT1/MYD88/MAP2K3/TSPO/NFKBIB/RHOA",58,"Macrophages"
"GO:0050867","positive regulation of cell activation","75/811","390/17012",0.192307692307692,4.03395617945556,13.5613962794989,9.77572237835527e-26,8.24582182614267e-23,5.72823030591344e-23,"TLR4/ABL2/MEF2C/CD40/SIRPA/HLA-DRB5/LGALS9/JAK2/MAP3K8/CD74/HLA-DRB1/CTSC/ZMIZ1/HLA-DMA/PNP/INPP5D/NCKAP1L/DOCK8/GPR183/VSIR/NR4A3/PTPRJ/PTPN6/HSPH1/AKIRIN2/IL1B/PELI1/PLEK/CCL3/TYROBP/CD83/LGALS1/HLA-DQA1/HLA-DRA/HLA-DPA1/HLA-DQB1/AIF1/RUNX1/HLA-DPB1/BTK/SYK/LYN/NFKBID/HLA-DMB/GRB2/PYCARD/CD81/NFKBIZ/HSPD1/AXL/TREM2/LILRB2/CD86/LILRB4/SPI1/CLEC7A/NLRP3/FCGR3A/LILRB1/IL18/HLA-DOA/TNFSF13B/TNFSF13/HAVCR2/CEBPA/TNF/CD4/RIPK2/MALT1/RPS6KA1/MYD88/VAV1/BLOC1S6/ACTB/RHOA",75,"Macrophages"
"GO:0002697","regulation of immune effector process","76/811","410/17012",0.185365853658537,3.88834020029473,13.2453825754811,5.1692084601915e-25,3.31298819541328e-22,2.30147580001463e-22,"IRAK3/TLR4/ICAM1/CD40/LGALS9/IL13RA1/CD74/HLA-DRB1/AHR/INPP5D/RABGEF1/TNFRSF1B/WAS/ITGB2/NCKAP1L/SERPINB9/LAPTM5/NCF1/ARRB2/NR4A3/PTPN6/IL1B/FCER1G/TYROBP/LGALS1/FCGR2B/ACP5/HLA-DRA/C3/LGALS3/BTK/SYK/LYN/NFKBID/HLA-DMB/STX7/GRB2/VAMP8/PYCARD/CD81/NFKBIZ/GRN/HSPD1/GAB2/AXL/VSIG4/TREM2/CD86/FCGR1A/LILRB4/SPI1/CALHM6/CLEC7A/NLRP3/SCIMP/LILRB1/IL18/FGL2/TNFSF13/ADGRE2/CX3CR1/ITGAM/IRF5/HAVCR2/FGR/TNF/CD300A/CD84/STX4/LITAF/CARD9/RIPK2/MALT1/MYD88/STXBP2/VAV1",76,"Macrophages"
"GO:0002696","positive regulation of leukocyte activation","72/811","371/17012",0.194070080862534,4.07092505010286,13.3804555594595,5.47899639508161e-25,3.31298819541328e-22,2.30147580001463e-22,"TLR4/ABL2/MEF2C/CD40/SIRPA/HLA-DRB5/LGALS9/JAK2/MAP3K8/CD74/HLA-DRB1/CTSC/ZMIZ1/HLA-DMA/PNP/INPP5D/NCKAP1L/DOCK8/GPR183/VSIR/NR4A3/PTPN6/HSPH1/AKIRIN2/IL1B/PELI1/CCL3/TYROBP/CD83/LGALS1/HLA-DQA1/HLA-DRA/HLA-DPA1/HLA-DQB1/AIF1/RUNX1/HLA-DPB1/BTK/SYK/LYN/NFKBID/HLA-DMB/GRB2/PYCARD/CD81/NFKBIZ/HSPD1/AXL/TREM2/LILRB2/CD86/LILRB4/SPI1/CLEC7A/NLRP3/FCGR3A/LILRB1/IL18/HLA-DOA/TNFSF13B/TNFSF13/HAVCR2/CEBPA/TNF/CD4/RIPK2/MALT1/MYD88/VAV1/BLOC1S6/ACTB/RHOA",72,"Macrophages"
"GO:0002263","cell activation involved in immune response","67/811","324/17012",0.20679012345679,4.33774794111827,13.571515112343,5.89150242219315e-25,3.31298819541328e-22,2.30147580001463e-22,"TLR4/ICAM1/SWAP70/CD40/LGALS9/JAK2/CD74/HLA-DRB1/ST3GAL1/CBL/SNAP23/RABGEF1/APBB1IP/ITGB2/NCKAP1L/DOCK2/DOCK10/GPR183/NR4A3/PTPN6/IRF8/CCL3/FCER1G/TYROBP/LGALS1/FCGR2B/HLA-DRA/LGALS3/BTK/SYK/LAT2/LYN/NFKBID/HLA-DMB/VAMP8/PYCARD/CD81/NFKBIZ/GRN/HSPD1/GAB2/LRP1/TREM2/CD86/SPI1/NLRP3/FCGR3A/LILRB1/IL18/FGL2/TNFSF13/ADGRE2/CX3CR1/ITGAM/HAVCR2/FGR/TNF/CD300A/IL6R/CD84/STX4/RIPK2/MALT1/MYD88/STXBP2/SEMA4A/PSEN1",67,"Macrophages"
"GO:0002443","leukocyte mediated immunity","81/811","464/17012",0.174568965517241,3.66185849738509,13.0069549933053,8.21826524385891e-25,4.159264039917e-22,2.8893690436304e-22,"TLR4/ICAM1/SWAP70/CD40/LGALS9/CD74/HLA-DRB1/CTSC/ADAM17/CBL/SNAP23/AHR/INPP5D/RABGEF1/TNFRSF1B/WAS/ITGB2/NCKAP1L/SERPINB9/NCF1/ARRB2/TCIRG1/NR4A3/IRF7/PTPN6/IL1B/CCL3/FCER1G/TYROBP/FCGR2B/FCGR2A/C1QC/C1QB/HLA-DRA/C1QA/C3/BTK/SYK/LAT2/LYN/STX7/GRB2/CTSH/VAMP8/UNC93B1/CD81/NFKBIZ/HSPD1/GAB2/PLEKHM2/TREM2/FCGR1A/LILRB4/SPI1/CALHM6/CLEC7A/NLRP3/SCIMP/FCGR3A/LILRB1/IL18/TNFSF13/SLAMF7/ADGRE2/CX3CR1/ITGAM/HAVCR2/FGR/TNF/CD300A/IL6R/CD84/STX4/ARL8B/CARD9/MALT1/MYD88/STXBP2/VAV1/PRDX1/RNF19B",81,"Macrophages"
"GO:0002275","myeloid cell activation involved in immune response","32/773","99/17012",0.323232323232323,7.11362002953206,13.3100824087184,3.13944253338934e-19,1.03063091791624e-15,8.36216173512424e-16,"PLCG2/PRKCE/FER/IL4R/RABGEF1/LAT/RAC2/DOCK2/NR4A3/PTPN6/FCER1G/TYROBP/BTK/SYK/LAT2/LYN/PYCARD/GATA2/SPI1/ADGRE2/ITGAM/HAVCR2/CD300A/CD84/STXBP2/SLC18A2/KIT/RAB44/CLNK/ENPP3/FCER1A/UNC13D",32,"Mast cells"
"GO:0045576","mast cell activation","27/773","68/17012",0.397058823529412,8.73837607488015,13.9499080615388,4.19211274320212e-19,1.03063091791624e-15,8.36216173512424e-16,"FER/IL4R/RABGEF1/LAT/RAC2/RHOH/LCP2/NR4A3/PTPN6/FCER1G/BTK/SYK/LAT2/LYN/GATA2/ADGRE2/CD300A/CD84/STXBP2/SLC18A2/KIT/CRLF2/RAB44/CLNK/ENPP3/FCER1A/UNC13D",27,"Mast cells"
"GO:0002366","leukocyte activation involved in immune response","56/773","320/17012",0.175,3.85135834411384,11.2343417266691,1.94754726547433e-18,3.19202996811243e-15,2.58989618812201e-15,"ICAM1/SWAP70/PLCG2/PRKCE/FER/FOXP1/RELB/IL4R/RABGEF1/LAT/RAC2/GPR65/CD69/SMAD7/NCKAP1L/DOCK2/DOCK10/ANXA1/RARA/LFNG/NR4A3/PTPN6/FCER1G/TYROBP/LGALS1/BTK/SYK/LAT2/LYN/NFKBID/BCL3/PYCARD/GATA2/NFKBIZ/TP53BP1/SPI1/IL18/ADGRE2/ITGAM/HAVCR2/CD300A/IL6R/CD84/STXBP2/SEMA4A/SLC18A2/KIT/IL18R1/RAB44/CLNK/ENPP3/FCER1A/UNC13D/ERCC1/DOCK11/SUPT6H",56,"Mast cells"
"GO:0002279","mast cell activation involved in immune response","24/773","55/17012",0.436363636363636,9.60338703986828,13.942842575844,2.76957740059848e-18,3.40450301968568e-15,2.76228903901796e-15,"FER/IL4R/RABGEF1/LAT/RAC2/NR4A3/PTPN6/FCER1G/BTK/SYK/LAT2/LYN/GATA2/ADGRE2/CD300A/CD84/STXBP2/SLC18A2/KIT/RAB44/CLNK/ENPP3/FCER1A/UNC13D",24,"Mast cells"
"GO:0002263","cell activation involved in immune response","56/773","324/17012",0.172839506172839,3.80381071023589,11.1171656860619,3.51788228582727e-18,3.45948543988253e-15,2.80689976069165e-15,"ICAM1/SWAP70/PLCG2/PRKCE/FER/FOXP1/RELB/IL4R/RABGEF1/LAT/RAC2/GPR65/CD69/SMAD7/NCKAP1L/DOCK2/DOCK10/ANXA1/RARA/LFNG/NR4A3/PTPN6/FCER1G/TYROBP/LGALS1/BTK/SYK/LAT2/LYN/NFKBID/BCL3/PYCARD/GATA2/NFKBIZ/TP53BP1/SPI1/IL18/ADGRE2/ITGAM/HAVCR2/CD300A/IL6R/CD84/STXBP2/SEMA4A/SLC18A2/KIT/IL18R1/RAB44/CLNK/ENPP3/FCER1A/UNC13D/ERCC1/DOCK11/SUPT6H",56,"Mast cells"
"GO:0002274","myeloid leukocyte activation","47/773","247/17012",0.190283400809717,4.18771179117063,11.010341134294,3.85807913315895e-17,3.16169584962376e-14,2.56528419555657e-14,"CLU/PLCG2/PRKCE/FER/FOXP1/RELB/IL4R/KMT2E/CSF1/RABGEF1/LAT/RAC2/RHOH/DOCK2/LCP2/CD37/ANXA1/NR4A3/PTPN6/FCER1G/TYROBP/NR4A1/BTK/SYK/LAT2/LYN/PYCARD/IFNGR2/GATA2/SPI1/CD33/IL18/ADGRE2/ITGAM/HAVCR2/CD300A/CD84/STXBP2/IL1RL1/SLC18A2/KIT/CRLF2/RAB44/CLNK/ENPP3/FCER1A/UNC13D",47,"Mast cells"
"GO:0002448","mast cell mediated immunity","23/773","55/17012",0.418181818181818,9.2032459132071,13.2943648645305,4.50976946816001e-17,3.16779092499182e-14,2.57022951644006e-14,"IL4R/RABGEF1/LAT/RAC2/SERPINB9/NR4A3/FCER1G/BTK/SYK/LAT2/LYN/GATA2/ADGRE2/CD300A/CD84/STXBP2/SLC18A2/KIT/RAB44/CLNK/FCER1A/NDST2/UNC13D",23,"Mast cells"
"GO:0006887","exocytosis","56/773","365/17012",0.153424657534247,3.37653334278474,10.0137647081326,8.70609606231134e-16,5.3509842922981e-13,4.3415926416e-13,"RALB/EXOC6B/IL4R/RAB11A/RAB3GAP1/SDCBP/RABGEF1/LAT/RAC2/SYTL3/NCKAP1L/PRKCB/RAB8B/ANXA1/NR4A3/FCER1G/BTK/SYK/LAT2/LYN/STXBP6/STX3/RAB27B/ATP2A2/SYTL2/GATA2/SCIN/CLASP2/PRKCA/STXBP5/SPI1/ADGRE2/STX11/ITGAM/CD300A/CD84/ARL8B/PAK1/STXBP2/SLC18A2/KIT/PRSS12/RAB44/P2RX1/CLNK/SLC4A8/FCER1A/CADPS/RAB37/WASHC1/BRAF/UNC13D/RAB21/RAB5A/ABCC4/CALM3",56,"Mast cells"
"GO:0002768","immune response-regulating cell surface receptor signaling pathway","56/773","366/17012",0.153005464480874,3.36730784184817,9.98884703603408,9.84640014239252e-16,5.37941661112711e-13,4.36466158358686e-13,"ZNRF1/PLCG2/PRKCE/FER/FOXP1/RABGEF1/SKAP1/LAT/NCKAP1L/PRKCB/LCP2/LAPTM5/LPXN/CYLD/CMTM3/ELF1/FOSL2/RFTN1/NR4A3/TRAF3/PTPN6/PRNP/PIK3AP1/FCER1G/TYROBP/NFKB1/NFKBIA/SQSTM1/BTK/SYK/LAT2/LYN/NFKBID/NFKBIZ/VAV3/PIK3CA/CD33/ITGAM/KLHL6/NINJ1/CD300A/PAK1/BLVRA/VAV1/GCSAML/KIT/CD22/FCER1A/MAPK1/TEC/LAX1/TESPA1/BTN2A2/BRAF/DENND1B/CD38",56,"Mast cells"
"GO:0043303","mast cell degranulation","21/773","52/17012",0.403846153846154,8.8877500248781,12.4284484375855,2.48150092742744e-15,1.22015400601607e-12,9.89988264731578e-13,"IL4R/RABGEF1/LAT/RAC2/NR4A3/FCER1G/BTK/SYK/LAT2/LYN/GATA2/ADGRE2/CD300A/CD84/STXBP2/SLC18A2/KIT/RAB44/CLNK/FCER1A/UNC13D",21,"Mast cells"
"GO:0002504","antigen processing and presentation of peptide or polysaccharide antigen via MHC class II","15/110","33/17012",0.454545454545455,70.297520661157,32.1448074453064,5.0458262864848e-25,1.41838176913088e-21,9.66674088568666e-22,"HLA-DRB5/CD74/HLA-DRB1/HLA-DMA/IFI30/CTSS/FCGR2B/HLA-DQA1/HLA-DRA/LGMN/HLA-DPA1/HLA-DQB1/HLA-DPB1/THBS1/CTSD",15,"Mast cells - myeloid-associated"
"GO:0019886","antigen processing and presentation of exogenous peptide antigen via MHC class II","14/110","29/17012",0.482758620689655,74.660815047022,32.0273149291445,6.78405059554286e-24,9.53498311203549e-21,6.49840635994105e-21,"HLA-DRB5/CD74/HLA-DRB1/HLA-DMA/IFI30/CTSS/FCGR2B/HLA-DQA1/HLA-DRA/LGMN/HLA-DPA1/HLA-DQB1/HLA-DPB1/CTSD",14,"Mast cells - myeloid-associated"
"GO:0002495","antigen processing and presentation of peptide antigen via MHC class II","14/110","31/17012",0.451612903225806,69.8439882697947,30.9497720016952,2.29514570556026e-23,2.15055152610996e-20,1.46567199442795e-20,"HLA-DRB5/CD74/HLA-DRB1/HLA-DMA/IFI30/CTSS/FCGR2B/HLA-DQA1/HLA-DRA/LGMN/HLA-DPA1/HLA-DQB1/HLA-DPB1/CTSD",14,"Mast cells - myeloid-associated"
"GO:0002478","antigen processing and presentation of exogenous peptide antigen","14/110","39/17012",0.358974358974359,55.5170163170163,27.4964921971696,1.2514747414278e-21,8.79473874538389e-19,5.99390534052264e-19,"HLA-DRB5/CD74/HLA-DRB1/HLA-DMA/IFI30/CTSS/FCGR2B/HLA-DQA1/HLA-DRA/LGMN/HLA-DPA1/HLA-DQB1/HLA-DPB1/CTSD",14,"Mast cells - myeloid-associated"
"GO:0019882","antigen processing and presentation","18/110","114/17012",0.157894736842105,24.4191387559809,20.2394128196934,2.2099956454795e-20,1.24245955188858e-17,8.46777278899515e-18,"HLA-DRB5/CD74/HLA-DRB1/HLA-DMA/IFI30/CTSS/FCGR2B/HLA-DQA1/HLA-DRA/CD68/LGMN/HLA-DPA1/HLA-DQB1/HLA-DPB1/THBS1/CTSD/CTSH/FGL2",18,"Mast cells - myeloid-associated"
"GO:0019884","antigen processing and presentation of exogenous antigen","14/110","48/17012",0.291666666666667,45.1075757575758,24.6866347609851,3.81548974684064e-20,1.78755694639484e-17,1.21827918232456e-17,"HLA-DRB5/CD74/HLA-DRB1/HLA-DMA/IFI30/CTSS/FCGR2B/HLA-DQA1/HLA-DRA/LGMN/HLA-DPA1/HLA-DQB1/HLA-DPB1/CTSD",14,"Mast cells - myeloid-associated"
"GO:0048002","antigen processing and presentation of peptide antigen","14/110","67/17012",0.208955223880597,32.3158751696065,20.7192191569873,7.00102037664053e-18,2.81140975410522e-15,1.91606873465951e-15,"HLA-DRB5/CD74/HLA-DRB1/HLA-DMA/IFI30/CTSS/FCGR2B/HLA-DQA1/HLA-DRA/LGMN/HLA-DPA1/HLA-DQB1/HLA-DPB1/CTSD",14,"Mast cells - myeloid-associated"
"GO:0002696","positive regulation of leukocyte activation","23/110","371/17012",0.0619946091644205,9.58774810095565,13.4917646808422,1.61146371210577e-16,5.66228061841165e-14,3.8590315210954e-14,"MEF2C/CCL2/HLA-DRB5/MAP3K8/CD74/HLA-DRB1/CTSC/HLA-DMA/HSPH1/IL1B/CCL3/TYROBP/CD83/HLA-DQA1/HLA-DRA/HLA-DPA1/HLA-DQB1/HLA-DPB1/THBS1/LYN/CD46/HSPD1/CLEC7A",23,"Mast cells - myeloid-associated"
"GO:0050867","positive regulation of cell activation","23/110","390/17012",0.058974358974359,9.12065268065268,13.0880159886746,4.78452939412525e-16,1.49436801409845e-13,1.01846122775532e-13,"MEF2C/CCL2/HLA-DRB5/MAP3K8/CD74/HLA-DRB1/CTSC/HLA-DMA/HSPH1/IL1B/CCL3/TYROBP/CD83/HLA-DQA1/HLA-DRA/HLA-DPA1/HLA-DQB1/HLA-DPB1/THBS1/LYN/CD46/HSPD1/CLEC7A",23,"Mast cells - myeloid-associated"
"GO:0002399","MHC class II protein complex assembly","8/110","14/17012",0.571428571428571,88.374025974026,26.3839411096873,6.85944314657818e-15,1.75289951682102e-12,1.19465899777725e-12,"HLA-DRB5/HLA-DRB1/HLA-DMA/HLA-DQA1/HLA-DRA/HLA-DPA1/HLA-DQB1/HLA-DPB1",8,"Mast cells - myeloid-associated"
"GO:0019646","aerobic electron transport chain","10/65","87/17012",0.114942528735632,30.0831122900088,16.842686058143,1.02279662164574e-12,1.09810565261683e-09,9.2074838226291e-10,"MT-ND2/MT-ND4/MT-ND1/MT-ND5/MT-CO1/MT-ND4L/MT-ND3/MT-CYB/MT-CO2/MT-CO3",10,"Mixed mast-epithelial / doublet-like"
"GO:0042773","ATP synthesis coupled electron transport","10/65","94/17012",0.106382978723404,27.8428805237316,16.1619485813124,2.26413536622027e-12,1.09810565261683e-09,9.2074838226291e-10,"MT-ND2/MT-ND4/MT-ND1/MT-ND5/MT-CO1/MT-ND4L/MT-ND3/MT-CYB/MT-CO2/MT-CO3",10,"Mixed mast-epithelial / doublet-like"
"GO:0042775","mitochondrial ATP synthesis coupled electron transport","10/65","94/17012",0.106382978723404,27.8428805237316,16.1619485813124,2.26413536622027e-12,1.09810565261683e-09,9.2074838226291e-10,"MT-ND2/MT-ND4/MT-ND1/MT-ND5/MT-CO1/MT-ND4L/MT-ND3/MT-CYB/MT-CO2/MT-CO3",10,"Mixed mast-epithelial / doublet-like"
"GO:1902600","proton transmembrane transport","12/65","184/17012",0.0652173913043478,17.0688963210702,13.5723138658146,4.36927769719745e-12,1.29786782822991e-09,1.08824656387663e-09,"MT-ND2/MT-ND4/MT-ND1/MT-ND5/MT-CO1/MT-ATP8/MT-ND4L/MT-ND3/MT-CYB/MT-CO2/MT-CO3/SLC18A2",12,"Mixed mast-epithelial / doublet-like"
"GO:0006119","oxidative phosphorylation","11/65","139/17012",0.079136690647482,20.7118981737687,14.4515649735544,4.46002690113373e-12,1.29786782822991e-09,1.08824656387663e-09,"MT-ND2/MT-ND4/MT-ND1/MT-ND5/MT-CO1/MT-ATP8/MT-ND4L/MT-ND3/MT-CYB/MT-CO2/MT-CO3",11,"Mixed mast-epithelial / doublet-like"
"GO:0022904","respiratory electron transport chain","10/65","108/17012",0.0925925925925926,24.2336182336182,15.0006186526142,9.30436782999469e-12,2.25630919877371e-09,1.89188812543225e-09,"MT-ND2/MT-ND4/MT-ND1/MT-ND5/MT-CO1/MT-ND4L/MT-ND3/MT-CYB/MT-CO2/MT-CO3",10,"Mixed mast-epithelial / doublet-like"
"GO:0022900","electron transport chain","10/65","118/17012",0.0847457627118644,22.1799217731421,14.2979671966555,2.27350367850804e-11,4.72563978889886e-09,3.96239212539974e-09,"MT-ND2/MT-ND4/MT-ND1/MT-ND5/MT-CO1/MT-ND4L/MT-ND3/MT-CYB/MT-CO2/MT-CO3",10,"Mixed mast-epithelial / doublet-like"
"GO:0042776","proton motive force-driven mitochondrial ATP synthesis","7/65","67/17012",0.104477611940299,27.3442020665901,13.3806388645356,6.19238807752307e-09,1.12624058159951e-06,9.44339181822268e-07,"MT-ND2/MT-ND4/MT-ND1/MT-ND5/MT-ATP8/MT-ND4L/MT-ND3",7,"Mixed mast-epithelial / doublet-like"
"GO:0009060","aerobic respiration","11/65","287/17012",0.0383275261324042,10.0311980702225,9.55605054621498,1.03822555076025e-08,1.65806453210768e-06,1.39026716781537e-06,"MT-ND2/MT-ND4/MT-ND1/MT-ND5/MT-CO1/MT-ATP8/MT-ND4L/MT-ND3/MT-CYB/MT-CO2/MT-CO3",11,"Mixed mast-epithelial / doublet-like"
"GO:0015986","proton motive force-driven ATP synthesis","7/65","73/17012",0.0958904109589041,25.0967334035827,12.7776475524396,1.13956325230768e-08,1.65806453210768e-06,1.39026716781537e-06,"MT-ND2/MT-ND4/MT-ND1/MT-ND5/MT-ATP8/MT-ND4L/MT-ND3",7,"Mixed mast-epithelial / doublet-like"
"GO:0007159","leukocyte cell-cell adhesion","48/298","420/17012",0.114285714285714,6.52425695110259,15.3067152073806,1.63307633632366e-25,5.34342577245101e-22,4.28037902889043e-22,"MSN/HLA-E/CD55/CCL5/ZAP70/ICOS/CD6/LCK/PTPN22/CD3E/RASGRP1/CD5/SKAP1/ITGAL/RASAL3/SELPLG/IL2RG/CD28/IL7R/RUNX3/CORO1A/ITGA4/PTPRC/RAC2/SPN/RHOH/FYN/CD69/SOCS1/ITGB2/TGFB1/SMAD7/HLA-A/SEMA4D/STK10/CD37/CCR7/ETS1/RIPOR2/LAPTM5/DOCK8/B2M/CD44/ANXA1/SELENOK/EZR/RPS3/SELL",48,"Naive/memory T cells"
"GO:0002181","cytoplasmic translation","32/298","202/17012",0.158415841584158,9.04352448667685,15.3557513693689,1.39292048615756e-21,2.27881791535377e-18,1.82545895291175e-18,"RPS27/RPS29/RPL28/RPS15A/RPS26/FAU/RPS3/RPL36AL/RPL21/RPS25/RPLP2/RPS12/RPL13/RPS21/RPS19/RPS20/RPL39/RPSA/RPL34/RPS27A/RPL10/RPS14/RPS23/RPL11/RPS3A/RPL32/RPS16/RPL37/RPS13/RPL19/RPL30/RPL38",32,"Naive/memory T cells"
"GO:0050863","regulation of T cell activation","41/298","395/17012",0.10379746835443,5.92551185115963,13.2253283018141,2.76770831178959e-20,3.01864719872518e-17,2.41810305135301e-17,"HLA-E/CD55/CCL5/CD2/ZAP70/ICOS/CD6/LCK/PTPN22/CD3E/RASGRP1/CD5/RASAL3/LAT/IL2RG/CD28/IL7R/RUNX3/CORO1A/PTPRC/RAC2/SPN/CAMK4/RHOH/TCF7/FYN/CD69/TNFRSF1B/SOCS1/TGFB1/SMAD7/HLA-A/CD37/CCR7/RIPOR2/LAPTM5/DOCK8/B2M/ANXA1/SELENOK/RPS3",41,"Naive/memory T cells"
"GO:1903037","regulation of leukocyte cell-cell adhesion","40/298","383/17012",0.10443864229765,5.96211470727391,13.1149299484058,6.65733085606158e-20,4.74489448053946e-17,3.8009224219995e-17,"HLA-E/CD55/CCL5/ZAP70/ICOS/CD6/LCK/PTPN22/CD3E/RASGRP1/CD5/SKAP1/RASAL3/IL2RG/CD28/IL7R/RUNX3/CORO1A/ITGA4/PTPRC/SPN/RHOH/FYN/CD69/SOCS1/ITGB2/TGFB1/SMAD7/HLA-A/CD37/CCR7/ETS1/RIPOR2/LAPTM5/DOCK8/B2M/CD44/ANXA1/SELENOK/RPS3",40,"Naive/memory T cells"
"GO:0050852","T cell receptor signaling pathway","27/298","150/17012",0.18,10.2757046979866,15.235996225954,7.25075562429624e-20,4.74489448053946e-17,3.8009224219995e-17,"ZAP70/THEMIS/CD3D/LCK/PTPN22/CD3E/TRBC1/LIME1/TRBC2/CD3G/SKAP1/TRAT1/CD247/ITK/LAT/CD28/PTPRC/FYB1/FYN/CD53/HLA-A/CCR7/PDE4B/LAPTM5/ELF1/EZR/RPS3",27,"Naive/memory T cells"
"GO:0030098","lymphocyte differentiation","42/298","438/17012",0.0958904109589041,5.47411970212375,12.6667104360163,1.83731049718776e-19,1.00194665779973e-16,8.02614585613602e-17,"ITM2A/JAK1/CD2/ZAP70/ICOS/THEMIS/CD3D/LCK/PTPN22/CD3E/CD3G/RASGRP1/BCL11B/ITK/IL2RG/CD28/IL7R/STAT4/RUNX3/FLT3LG/ITGA4/PTPRC/SPN/CAMK4/IKZF1/RHOH/TCF7/CD69/SOCS1/ZFP36L2/PTGER4/TGFB1/SMAD7/PREX1/CCR7/DOCK10/LAPTM5/B2M/PIK3R1/GPR183/ANXA1/ATM",42,"Naive/memory T cells"
"GO:0046631","alpha-beta T cell activation","30/298","204/17012",0.147058823529412,8.39518357678642,14.1885782199838,2.41499853992091e-19,1.12883931751731e-16,9.04262611188429e-17,"HLA-E/CD55/JAK1/ZAP70/ICOS/CD3D/NKG7/CD3E/TRBC1/TRBC2/CD3G/BCL11B/RASAL3/CD247/ITK/IL2RG/CD28/STAT4/RUNX3/PTPRC/SPN/CLEC2B/CD69/SOCS1/PTGER4/SMAD7/HLA-A/PIK3R1/GPR183/ANXA1",30,"Naive/memory T cells"
"GO:0050851","antigen receptor-mediated signaling pathway","30/298","209/17012",0.143540669856459,8.19434186442311,13.9734503379989,4.88953275134769e-19,1.95950419736448e-16,1.56967103700861e-16,"PRKCH/ZAP70/THEMIS/CD3D/LCK/PTPN22/CD3E/TRBC1/LIME1/TRBC2/CD3G/SKAP1/TRAT1/CD247/ITK/LAT/CD28/PTPRC/FYB1/FYN/CD53/FCMR/HLA-A/PRKCB/CCR7/PDE4B/LAPTM5/ELF1/EZR/RPS3",30,"Naive/memory T cells"
"GO:1903039","positive regulation of leukocyte cell-cell adhesion","34/298","282/17012",0.120567375886525,6.88285972678376,13.3014177132695,5.38983428370425e-19,1.95950419736448e-16,1.56967103700861e-16,"HLA-E/CD55/CCL5/ZAP70/ICOS/CD6/LCK/CD3E/RASGRP1/CD5/SKAP1/RASAL3/IL2RG/CD28/IL7R/RUNX3/CORO1A/ITGA4/PTPRC/SPN/RHOH/FYN/SOCS1/ITGB2/TGFB1/HLA-A/CCR7/ETS1/DOCK8/B2M/CD44/ANXA1/SELENOK/RPS3",34,"Naive/memory T cells"
"GO:0022409","positive regulation of cell-cell adhesion","36/298","336/17012",0.107142857142857,6.11649089165868,12.6482009303059,2.35510716292052e-18,7.70591063707594e-16,6.17285982702326e-16,"HLA-E/CD55/JAK1/CCL5/ZAP70/ICOS/CD6/LCK/CD3E/RASGRP1/CD5/SKAP1/RASAL3/IL2RG/CD28/IL7R/RUNX3/CORO1A/ITGA4/PTPRC/SPN/RHOH/FYN/SOCS1/ITGB2/TGFB1/SMAD7/HLA-A/CCR7/ETS1/DOCK8/B2M/CD44/ANXA1/SELENOK/RPS3",36,"Naive/memory T cells"
"GO:0016079","synaptic vesicle exocytosis","31/2084","104/17012",0.298076923076923,2.43324597667208,5.47777573390435,1.44750695682373e-06,0.00816180529578138,0.00766818470027173,"CPLX1/STXBP1/CADPS2/PCLO/PFN2/RIMS2/SYT1/NLGN1/STXBP5/PREPL/CADPS/BRAF/CPLX2/UNC13A/SNAP25/SYT4/CACNA1B/ERC2/SYP/UNC13B/STX1A/RAB3A/DNAJC5/PPP3CA/SEPTIN5/SYT7/SCRIB/OSBPL2/PPFIA3/P2RY1/DVL1",31,"Neuroendocrine"
"GO:0070507","regulation of microtubule cytoskeleton organization","42/2084","166/17012",0.253012048192771,2.06537474273293,5.15372224341772,2.8567746922581e-06,0.00816180529578138,0.00766818470027173,"HDGFL3/DIXDC1/CAMSAP2/APC/GBA2/GSK3B/TTBK2/CLASP1/TOGARAM1/NME7/BICD1/PPP2CB/CDK2AP2/OCLN/CHMP4C/TRIM36/GNAI1/FGF13/PKD1/CLASP2/ARHGEF7/MAP1S/STMN3/MAPRE3/MAP9/PAK1/STMN1/MAPT/SLAIN1/MAP2/RCC1/KIF21A/AKAP9/CAMSAP3/CKAP5/TRAF3IP1/CHMP6/CAMSAP1/PRUNE1/MARK2/DRG1/ATAT1",42,"Neuroendocrine"
"GO:0021915","neural tube development","41/2084","165/17012",0.248484848484848,2.02841854243006,4.95979297309179,6.0504565664824e-06,0.0115241029402935,0.010827132803179,"FZD6/MTHFD1L/PKD2/NCKAP1/STK3/PLOD3/MARCKS/HES1/NF1/TSC2/TTBK2/MIB1/SEC24B/SSBP3/PRKACB/SPINT1/OVOL2/ST14/SPINT2/PTK7/ZNF358/GRHL2/COBL/TCTN1/CBY1/PKD1/CC2D2A/TULP3/TWIST1/FZD3/CITED2/TBC1D32/SCRIB/TRAF3IP1/TSC1/WDR19/FKBP8/C2CD3/TMED2/DVL1/KAT5",41,"Neuroendocrine"
"GO:0031113","regulation of microtubule polymerization","22/2084","67/17012",0.328358208955224,2.68043658864984,5.14934168177253,8.54623586897639e-06,0.0122082979388328,0.011469948139942,"CAMSAP2/GBA2/CLASP1/TOGARAM1/NME7/PPP2CB/OCLN/CLASP2/ARHGEF7/MAPRE3/PAK1/STMN1/MAPT/SLAIN1/MAP2/KIF21A/AKAP9/CAMSAP3/CKAP5/CAMSAP1/PRUNE1/DRG1",22,"Neuroendocrine"
"GO:0032252","secretory granule localization","12/2084","25/17012",0.48,3.91831094049904,5.4557717238963,1.23307547981805e-05,0.0140915865833607,0.013239336730678,"STXBP1/CADPS2/SYBU/USO1/CADPS/UNC13A/SNAP25/SYT4/KIF1A/UNC13B/RAB3A/MAP2",12,"Neuroendocrine"
"GO:1990504","dense core granule exocytosis","8/2084","12/17012",0.666666666666667,5.44209852847089,5.75131713713102,1.56865955619748e-05,0.0143274671577775,0.0134609514036928,"STXBP1/CADPS2/CADPS/UNC13A/SNAP25/SYT4/UNC13B/RAB3A",8,"Neuroendocrine"
"GO:0032253","dense core granule localization","11/2084","22/17012",0.5,4.08157389635317,5.4038116588713,1.7552024869521e-05,0.0143274671577775,0.0134609514036928,"STXBP1/CADPS2/SYBU/CADPS/UNC13A/SNAP25/SYT4/KIF1A/UNC13B/RAB3A/MAP2",11,"Neuroendocrine"
"GO:0009066","aspartate family amino acid metabolic process","16/2084","44/17012",0.363636363636364,2.96841737916594,4.88473679641857,3.45694535110077e-05,0.0206935731907333,0.0194420395469557,"MSRA/PLOD2/ASS1/AASS/PLOD3/MTHFD2L/ACAT1/ASRGL1/ASNSD1/GCAT/AADAT/GOT1/MTRR/MRI1/BCAT2/NIT2",16,"Neuroendocrine"
"GO:0031110","regulation of microtubule polymerization or depolymerization","28/2084","104/17012",0.269230769230769,2.19777055957478,4.57780354022576,3.7375663540396e-05,0.0206935731907333,0.0194420395469557,"HDGFL3/CAMSAP2/APC/GBA2/TTBK2/CLASP1/TOGARAM1/NME7/PPP2CB/OCLN/FGF13/CLASP2/ARHGEF7/MAP1S/STMN3/MAPRE3/PAK1/STMN1/MAPT/SLAIN1/MAP2/KIF21A/AKAP9/CAMSAP3/CKAP5/CAMSAP1/PRUNE1/DRG1",28,"Neuroendocrine"
"GO:0042594","response to starvation","49/2084","225/17012",0.217777777777778,1.77775218596716,4.38792221964692,3.79425530915239e-05,0.0206935731907333,0.0194420395469557,"AKR1C3/CADPS2/RPTOR/XPR1/WRN/TBC1D5/LRP11/TSC2/WDR59/MICU1/DNAJC15/CUL3/PDK4/XBP1/PICK1/FOXO3/ULK1/PRKD1/MAPK8/CHKA/MTMR3/ACAT1/FLCN/LAMP2/PAK1/WDR45B/WDR24/DSC2/PRKAG2/AKT1/RRAGD/NPRL3/ULK2/TBL2/TSC1/YWHAG/FNIP1/SEH1L/DDIT3/FBXO22/FOXK2/WIPI2/MAP1LC3A/MAP3K5/SREBF1/PAK4/GABARAPL2/KAT5/IMPACT",49,"Neuroendocrine"
"GO:0022604","regulation of cell morphogenesis","83/2920","243/17012",0.34156378600823,1.9899599751959,7.07517556976774,8.70836636791601e-11,2.71065010882262e-07,2.35991028008879e-07,"FAM171A1/FGD6/FZD4/PRKN/PTK2/WDPCP/CDC42EP4/DBN1/MACF1/STAU2/SH3D19/MYO9A/SMURF1/RREB1/MYO10/PTK2B/CYFIP1/BRWD3/MKLN1/FGD4/RHOU/ZMYM4/BRWD1/SLC23A2/CFDP1/CUX1/DIAPH1/NEDD4L/MYH14/CLDN3/F11R/GRIP1/KANK1/SHROOM3/OBSL1/PLXNB2/MAP3K13/DLG1/PLXNB1/RIMS2/CAPRIN1/SYT1/VEGFA/ARHGAP35/PRKDC/MYH10/GNA12/PDZD8/RAB21/PTPRD/WASF3/BAMBI/ARMCX5-GPRASP2/SS18L1/RAC3/BAIAP2/CAMSAP1/FBXW8/HPN/SRC/MARK2/SYT17/P2RY1/DVL1/NTNG1/IL1RAPL1/CUX2/SLC26A5/CAMK2B/WNT5A/CDKL3/COCH/CDKL5/LIMD1/ZMPSTE24/CUL7/ZMYM3/LARP4/NF2/CAPRIN2/ARPIN/HDAC6/DVL2",83,"Neuronal-associated prostate epithelial"
"GO:0051056","regulation of small GTPase mediated signal transduction","99/2920","309/17012",0.320388349514563,1.86659130203485,6.9978778201951,9.00548208911168e-11,2.71065010882262e-07,2.35991028008879e-07,"PKP4/RALGAPA2/NRP1/MCF2L/ARHGEF3/DAB2IP/STARD13/TRIO/ARHGEF10/ARRB1/TIAM1/VAV2/ARHGAP29/CHN1/DENND1A/MYO9A/ITSN1/SPRY4/NF1/TSC2/ARFGEF2/ARHGAP21/ARHGEF12/FGD4/RHOU/DENND4C/ABL1/ITGAV/RALGAPB/CYTH2/MAPKAP1/FAM13A/OGT/F11R/EPS8L2/ERBB2/KANK1/EPS8L1/ITGA3/SRGAP3/ARHGAP5/KITLG/ARHGEF5/PSD3/ARHGAP8/ARHGAP12/RTN4/SIPA1L3/CCDC125/NOTCH2/CSNK1A1/ARHGAP6/AUTS2/ARHGAP39/PLXNB1/SIPA1L2/CYTH3/ARHGAP35/ARFGEF1/SLIT2/FLCN/CGNL1/DOCK7/NUP62/FBP1/ALS2/RAP1GAP2/SPATA13/RAP1GAP/ARHGAP32/ARFGEF3/F2RL1/ARHGEF11/TIAM2/RHOD/SRC/CD2AP/SCAI/RALGPS1/OPHN1/GARNL3/ARHGEF16/WNT5A/WNT4/CDKL5/PIK3CB/BCL6/CADM4/ARHGEF10L/ARHGAP44/MAP2K1/RAF1/PSD4/LZTR1/IQSEC2/ARFGAP1/RABL3/SGSM3/ARHGEF9",99,"Neuronal-associated prostate epithelial"
"GO:0016126","sterol biosynthetic process","33/2920","68/17012",0.485294117647059,2.82733682514101,6.87282240961157,2.42309496256905e-09,2.9535742525668e-06,2.5714016792324e-06,"QKI/FDPS/ERLIN2/LPCAT3/SQLE/SEC14L2/PRKAA1/INSIG1/HMGCS1/TM7SF2/PRKAG2/AKT1/MSMO1/MBTPS2/MVK/HMGCR/SCAP/LSS/CYP51A1/SREBF1/DHCR24/SREBF2/PRKAA2/ACLY/EBP/DHCR7/HMGCS2/HSD17B7/PLPP6/NSDHL/MVD/ARV1/ERG28",33,"Neuronal-associated prostate epithelial"
"GO:0006695","cholesterol biosynthetic process","31/2920","62/17012",0.5,2.91301369863014,6.86908837942154,2.92033374435493e-09,2.9535742525668e-06,2.5714016792324e-06,"QKI/FDPS/ERLIN2/LPCAT3/SQLE/SEC14L2/PRKAA1/INSIG1/HMGCS1/TM7SF2/AKT1/MSMO1/MBTPS2/MVK/HMGCR/SCAP/LSS/CYP51A1/SREBF1/DHCR24/SREBF2/PRKAA2/ACLY/EBP/DHCR7/HMGCS2/HSD17B7/PLPP6/NSDHL/MVD/ARV1",31,"Neuronal-associated prostate epithelial"
"GO:1902653","secondary alcohol biosynthetic process","31/2920","62/17012",0.5,2.91301369863014,6.86908837942154,2.92033374435493e-09,2.9535742525668e-06,2.5714016792324e-06,"QKI/FDPS/ERLIN2/LPCAT3/SQLE/SEC14L2/PRKAA1/INSIG1/HMGCS1/TM7SF2/AKT1/MSMO1/MBTPS2/MVK/HMGCR/SCAP/LSS/CYP51A1/SREBF1/DHCR24/SREBF2/PRKAA2/ACLY/EBP/DHCR7/HMGCS2/HSD17B7/PLPP6/NSDHL/MVD/ARV1",31,"Neuronal-associated prostate epithelial"
"GO:0060271","cilium assembly","109/2920","371/17012",0.293800539083558,1.71168999003065,6.30896521297027,2.94376171352173e-09,2.9535742525668e-06,2.5714016792324e-06,"TBC1D30/BBS9/WDPCP/TTLL5/SDCCAG8/RILPL1/PIBF1/FNBP1L/ODF2L/IFT88/AHI1/CPLANE1/GSK3B/KIAA0586/TTLL3/DYNC2H1/NUDCD3/TOGARAM1/USP9X/NME7/WDR11/RAB11FIP3/HTT/YAP1/CCDC146/SPAG1/RAB3IP/CEP70/SPATA6/CDC14B/IFT74/TCTN1/TTC21B/IFT22/CFAP47/RSPH1/CCDC40/DNAH7/SPEF2/B9D1/SPAG16/KIF27/DYNC2LI1/RAB17/CEP83/BBOF1/DNAH5/CFAP69/MARK4/ARHGAP35/KIF3B/RAB23/CEP290/IFT43/NEK1/ABCC4/ONECUT2/WDR44/DNAAF5/ARMC9/AKT1/WDR35/TBC1D32/MPHOSPH9/TRAF3IP1/CEP89/TTC8/FBXW8/IFT81/C2CD3/GALNT11/KIF3A/ATAT1/RABEP2/CFAP70/FHDC1/RABL2A/OCRL/LRGUK/CFAP44/MAK/CDKL5/DNAAF4/TTC12/EVI5L/NME5/RPGRIP1L/STK36/IFT140/DNAH8/INTU/KIAA0753/CNTROB/CCDC159/CCP110/CCDC57/BBS4/FAM149B1/ARL6/DNAL1/ELMOD3/IFT80/ATXN10/BBS1/HDAC6/TMEM80/MKKS/IFT172/IFT46",109,"Neuronal-associated prostate epithelial"
"GO:0044782","cilium organization","114/2920","400/17012",0.285,1.66041780821918,6.08426106696644,8.65696527872655e-09,6.78029279090589e-06,5.90296866688589e-06,"TBC1D30/LRRC49/BBS9/NECTIN2/WDPCP/TTLL5/SDCCAG8/RILPL1/PIBF1/FNBP1L/ODF2L/IFT88/AHI1/CPLANE1/GSK3B/KIAA0586/TTLL3/DYNC2H1/NUDCD3/TOGARAM1/USP9X/TTC17/NME7/WDR11/RAB11FIP3/HTT/YAP1/CCDC88C/CCDC146/SPAG1/RAB3IP/CEP70/SPATA6/CDC14B/IFT74/TCTN1/TTC21B/IFT22/CFAP47/RSPH1/CCDC40/DNAH7/SPEF2/B9D1/SPAG16/KIF27/DYNC2LI1/RAB17/CEP83/BBOF1/DNAH5/CFAP69/MARK4/ARHGAP35/KIF3B/RAB23/CEP290/IFT43/NEK1/ABCC4/ONECUT2/WDR44/DNAAF5/ARMC9/AKT1/WDR35/TBC1D32/MPHOSPH9/TRAF3IP1/CEP89/TTC8/FBXW8/IFT81/C2CD3/GALNT11/KIF3A/ATAT1/RABEP2/CFAP70/FHDC1/RABL2A/OCRL/LRGUK/CFAP44/MAK/CDKL5/DNAAF4/TTC12/EVI5L/NME5/RPGRIP1L/STK36/IFT140/DNAH8/INTU/KIAA0753/CNTROB/CCDC159/CCP110/CCDC57/BBS4/FAM149B1/ARL6/DNAL1/ELMOD3/IFT80/ATXN10/CWH43/BBS1/HDAC6/TMEM80/MKKS/IFT172/IFT46",114,"Neuronal-associated prostate epithelial"
"GO:0009062","fatty acid catabolic process","42/2920","102/17012",0.411764705882353,2.39895245769541,6.45061717285797,9.01035586831347e-09,6.78029279090589e-06,5.90296866688589e-06,"CPT1A/PPARD/ABHD3/PCCA/ECHDC2/CROT/AUH/ACADVL/PEX13/AIG1/HADH/ETFDH/ECHS1/IRS2/TWIST1/FAAH/AKT1/AKT2/PHYH/ACADL/ACOXL/PLIN5/HSD17B4/DECR2/SLC25A17/ABHD2/LONP2/PEX7/ACOX1/SLC27A4/PPARA/ACAD11/ACOX3/PCCB/ETFA/ACOT7/ECH1/CRAT/ACAA1/HACL1/ACBD5/IVD",42,"Neuronal-associated prostate epithelial"
"GO:0006066","alcohol metabolic process","103/2920","353/17012",0.291784702549575,1.69994567115526,6.04919035901441,1.1894535063674e-08,7.95612234259083e-06,6.92665381076408e-06,"LRP5/OSBPL5/ACER3/QKI/OSBPL1A/ITPKC/H6PD/INPP5A/GPD2/LMF1/PPARD/PPIP5K2/CBR4/FDPS/SCARB1/INPP4B/PLPP2/ALDH1A2/DHRS3/ERRFI1/ALDH2/ALDH1A3/ABCA5/ERLIN2/GK5/ACADVL/LPCAT3/SPR/SQLE/SEC14L2/RDH11/PLPP1/CUBN/CLN8/PRKAA1/PLA2G4A/RDH10/INSIG1/AKR1A1/SOAT1/HMGCS1/NAAA/SULT1A1/DHDDS/TM7SF2/AKT1/MSMO1/MBTPS2/MVK/LDLR/DHRS7/HMGCR/SCAP/PCBD2/IDH2/LSS/CYP51A1/P2RY1/SREBF1/AGTR1/AGT/CYP39A1/ACADL/ACER2/OCRL/CACNA1H/SNCA/DHCR24/GDPD1/WNT4/NPC1/SREBF2/IDH1/PRKAA2/IPPK/ACLY/SGPP1/EBP/DHCR7/RETSAT/ITPK1/IP6K2/HMGCS2/HSD17B7/ACSS1/PLPP6/NSDHL/HDLBP/MVD/FECH/ABCA2/SRD5A3/ARV1/PNPLA4/PTS/APOL2/CYP2R1/THTPA/GDE1/TKFC/PPIP5K1/EPHX2/SPHK2",103,"Neuronal-associated prostate epithelial"
"GO:0030705","cytoskeleton-dependent intracellular transport","67/2920","200/17012",0.335,1.95171917808219,6.16288634746687,1.35017167697239e-08,8.12803349537377e-06,7.07632082067949e-06,"MYO5C/APP/KIF13A/TANC2/WDPCP/STAU2/FNBP1L/IFT88/MYO10/SPG7/ARHGAP21/DYNC2H1/DYNC1I2/NME7/RUFY3/BICD1/MAPK8IP3/HTT/CCDC88C/BICDL2/HOOK1/KIF16B/PEX14/HOOK2/CCDC186/RAB27B/IFT74/TTC21B/IFT22/AGBL4/DYNC2LI1/RAB17/SYBU/SPAST/KIF1B/RHOT1/KIF3B/WASL/IFT43/RAB21/KIF1A/MAPT/MAP2/KIF5C/COPG2/WDR35/KIF21A/FBXW11/CAMSAP3/TRAF3IP1/IFT81/KIF3A/KIFC2/MAK/IFT140/INTU/AP3S2/MYO19/MAP2K1/IFT80/RAB6A/AP3S1/HDAC6/AP3D1/IFT172/LRPPRC/IFT46",67,"Neuronal-associated prostate epithelial"
"GO:0031589","cell-substrate adhesion","73/903","360/17012",0.202777777777778,3.82021656207703,12.8048653112476,1.05088966114483e-23,5.13885044299823e-20,4.15709825956029e-20,"ACTN1/PLPP3/DLC1/LAMA5/FERMT2/GAS6/PEAK1/PTK2/JAM3/ROCK2/NID1/EMP2/LAMC1/ARL2/CORO1C/PHLDB2/CTTN/FER/LIMS1/BCAM/CCN2/PTPRK/VAMP3/PARVA/UTRN/ITGAV/SORBS1/DAPK3/NTN4/RSU1/ITGB1/MYADM/ZYX/FLNA/COL3A1/COL1A1/FN1/THBS1/TNFRSF12A/TRIP6/CCN1/EFEMP2/VCL/SRF/CD63/ITGB5/ACTN4/ANGPT2/ITGA1/EDIL3/JAG1/THY1/ARHGEF7/RRAS/SORBS3/CCDC80/CDH11/EPHA3/EMILIN1/ECM2/ANTXR1/SGCE/AXL/ANGPT1/PTEN/ITGB1BP1/ILK/TLN1/RHOA/ITGA7/ATP1B2/EGFLAM/ROCK1",73,"Pericyte/smooth muscle"
"GO:0007015","actin filament organization","76/903","452/17012",0.168141592920354,3.16769078489597,11.0588734733753,1.6822022324092e-19,4.11298445824049e-16,3.32721894178619e-16,"PDLIM1/ESAM/ACTN1/SVIL/DLC1/FCHSD2/BCAR1/SPTBN1/FERMT2/HIP1/PLS3/GSN/TJP1/INF2/CNN3/CCDC88A/CDC42EP4/ROCK2/NCKAP1/EMP2/CORO1C/PHLDB2/CTTN/FER/MYO1C/CYFIP1/CCN2/RUFY3/SORBS1/MYO1D/TAGLN2/NCK2/MYADM/ZYX/ZEB2/FLNA/MYL9/CDC42EP1/ENAH/CFL2/FAT1/SRF/RHOB/MSRB2/TPM4/PAWR/ITGB5/MYO1B/TPM1/DSTN/ALDOA/PDLIM3/RHOC/KIRREL1/KANK2/EPS8/ABI2/CALD1/SORBS3/DAAM2/SEMA5A/MICAL2/TPM2/SYNPO2/LMOD1/RHOQ/ITGB1BP1/WASL/ARPC5/VASP/RHOA/CNN1/CAP2/ARPC1A/ROCK1/WDR1",76,"Pericyte/smooth muscle"
"GO:0003012","muscle system process","76/903","456/17012",0.166666666666667,3.13990402362495,10.9666381642121,2.859978471715e-19,4.66176490889545e-16,3.77115757779122e-16,"APBB2/MYOF/GSN/CACNA1C/CAV1/TNFRSF1A/SLC8A1/LARGE1/ROCK2/CTTN/ATP2B4/CACNA2D1/UTRN/DAPK3/SORBS2/LMNA/ANXA6/RCSD1/FLNA/COL14A1/ACTA2/MYL9/CRYAB/ARHGAP42/SRF/TPM4/SMAD5/FBXO32/ATP2A2/TPM1/GNAI1/ALDOA/SULF1/SNTB1/SMTN/HEY2/SYNM/CALD1/MYL6/IGFBP5/SLMAP/COL6A1/FXYD1/EDNRA/PDGFRB/DMD/VEGFB/MYLK/TPM2/LMOD1/TBX2/PRKG1/MYL6B/PPP1R12B/C12orf57/RHOA/DTNA/TMEM38B/CACNB2/HDAC2/AGT/CACNA1H/GUCY1A1/GAMT/PLN/MYOCD/MYH11/CNN1/GJC1/KCNE4/ABCC9/ATP1A2/ADRA2A/DMPK/ROCK1/CAMK2G",76,"Pericyte/smooth muscle"
"GO:0006936","muscle contraction","63/903","360/17012",0.175,3.2968992248062,10.4288038027446,3.23051046570921e-17,3.94929904432951e-14,3.19480482371979e-14,"APBB2/MYOF/GSN/CACNA1C/CAV1/SLC8A1/LARGE1/ROCK2/CTTN/ATP2B4/CACNA2D1/UTRN/DAPK3/ANXA6/RCSD1/FLNA/ACTA2/MYL9/CRYAB/ARHGAP42/SRF/TPM4/SMAD5/ATP2A2/TPM1/ALDOA/SULF1/SNTB1/SMTN/SYNM/CALD1/MYL6/SLMAP/FXYD1/EDNRA/DMD/VEGFB/MYLK/TPM2/LMOD1/TBX2/PRKG1/MYL6B/PPP1R12B/C12orf57/RHOA/DTNA/TMEM38B/CACNB2/CACNA1H/GUCY1A1/GAMT/PLN/MYOCD/MYH11/CNN1/GJC1/KCNE4/ABCC9/ATP1A2/ADRA2A/DMPK/ROCK1",63,"Pericyte/smooth muscle"
"GO:0007160","cell-matrix adhesion","49/903","240/17012",0.204166666666667,3.84638242894057,10.5143141889998,2.10482040521113e-16,2.05851435629649e-13,1.66524528058599e-13,"ACTN1/PLPP3/DLC1/FERMT2/PEAK1/PTK2/JAM3/ROCK2/NID1/EMP2/CORO1C/PHLDB2/CTTN/LIMS1/BCAM/CCN2/PTPRK/UTRN/ITGAV/SORBS1/DAPK3/ITGB1/ZYX/COL3A1/FN1/THBS1/TRIP6/EFEMP2/VCL/SRF/CD63/ITGB5/ITGA1/JAG1/THY1/ARHGEF7/RRAS/CDH11/EPHA3/EMILIN1/ECM2/SGCE/PTEN/ITGB1BP1/ILK/TLN1/RHOA/ITGA7/ROCK1",49,"Pericyte/smooth muscle"
"GO:0030198","extracellular matrix organization","57/903","316/17012",0.180379746835443,3.39825055721435,10.1884093097973,2.68828650889548e-16,2.17627665875204e-13,1.76050967249815e-13,"FOXC1/APBB2/COL4A1/COL4A2/OLFML2A/GAS6/LAMB2/CAV1/TNFRSF1A/APP/EXT1/CAV2/LARGE1/TIMP3/NID1/LAMC1/SERPINH1/FKBP10/PHLDB2/ADAMTS1/NTN4/ITGB1/MFAP4/AEBP1/TGFBI/COL14A1/COL3A1/COL1A2/COL1A1/CST3/CCN1/EFEMP2/SULF1/BMP1/PLOD1/PHLDB1/CCDC80/LTBP4/EMILIN1/COL5A1/LRP1/COL6A1/ECM2/COL5A2/COL12A1/DDR2/OLFML2B/CRISPLD2/ANTXR1/SMOC2/CRTAP/RIC1/TMEM38B/AGT/MYH11/FOXC2/EGFLAM",57,"Pericyte/smooth muscle"
"GO:0043062","extracellular structure organization","57/903","317/17012",0.17981072555205,3.38753052391083,10.1592081532339,3.11532446038124e-16,2.17627665875204e-13,1.76050967249815e-13,"FOXC1/APBB2/COL4A1/COL4A2/OLFML2A/GAS6/LAMB2/CAV1/TNFRSF1A/APP/EXT1/CAV2/LARGE1/TIMP3/NID1/LAMC1/SERPINH1/FKBP10/PHLDB2/ADAMTS1/NTN4/ITGB1/MFAP4/AEBP1/TGFBI/COL14A1/COL3A1/COL1A2/COL1A1/CST3/CCN1/EFEMP2/SULF1/BMP1/PLOD1/PHLDB1/CCDC80/LTBP4/EMILIN1/COL5A1/LRP1/COL6A1/ECM2/COL5A2/COL12A1/DDR2/OLFML2B/CRISPLD2/ANTXR1/SMOC2/CRTAP/RIC1/TMEM38B/AGT/MYH11/FOXC2/EGFLAM",57,"Pericyte/smooth muscle"
"GO:0045229","external encapsulating structure organization","57/903","318/17012",0.179245283018868,3.37687791220042,10.1301234283234,3.60770476198616e-16,2.20520953576404e-13,1.78391506520316e-13,"FOXC1/APBB2/COL4A1/COL4A2/OLFML2A/GAS6/LAMB2/CAV1/TNFRSF1A/APP/EXT1/CAV2/LARGE1/TIMP3/NID1/LAMC1/SERPINH1/FKBP10/PHLDB2/ADAMTS1/NTN4/ITGB1/MFAP4/AEBP1/TGFBI/COL14A1/COL3A1/COL1A2/COL1A1/CST3/CCN1/EFEMP2/SULF1/BMP1/PLOD1/PHLDB1/CCDC80/LTBP4/EMILIN1/COL5A1/LRP1/COL6A1/ECM2/COL5A2/COL12A1/DDR2/OLFML2B/CRISPLD2/ANTXR1/SMOC2/CRTAP/RIC1/TMEM38B/AGT/MYH11/FOXC2/EGFLAM",57,"Pericyte/smooth muscle"
"GO:0007044","cell-substrate junction assembly","30/903","99/17012",0.303030303030303,5.70891640659083,11.1250702079524,2.14554041202182e-15,1.16574362386519e-12,9.43034019693333e-13,"ACTN1/LAMA3/DLC1/FERMT2/PEAK1/PTK2/ROCK2/LAMC1/CORO1C/PHLDB2/CTTN/LIMS1/TNS1/PTPRK/SORBS1/DAPK3/FN1/THBS1/TRIP6/VCL/DST/THY1/ARHGEF7/CDH11/EPHA3/PTEN/ITGB1BP1/TLN1/RHOA/ROCK1",30,"Pericyte/smooth muscle"
"GO:0007229","integrin-mediated signaling pathway","32/903","116/17012",0.275862068965517,5.19708252186199,10.7388817234887,4.9835537689789e-15,2.33543917993461e-12,1.889264974318e-12,"PLPP3/LAMA5/BCAR1/FERMT2/LAMB2/PTK2/NID1/EMP2/LAMC1/LIMS1/ADAMTS1/MYH9/CCN2/ITGAV/ITGB1/ZYX/FLNA/COL3A1/TIMP1/FN1/CCN1/DST/CD63/ITGB5/PTN/ITGA1/THY1/ITGB1BP1/ILK/PTPN11/TLN1/ITGA7",32,"Pericyte/smooth muscle"
"GO:0050853","B cell receptor signaling pathway","22/255","75/17012",0.293333333333333,19.5693594771242,19.8813645742659,7.53249223632846e-23,2.32226735646007e-19,2.09641152345815e-19,"PLCG2/LIME1/FCGR2B/CD19/CD79A/IGHM/CD79B/BTK/BLNK/STAP1/IGHA1/KLHL6/CD38/IGHG3/IGHG1/IGHA2/IGLC1/IGLC3/IGKC/IGHG4/IGHG2/SH2B2",22,"Plasma cells"
"GO:0050851","antigen receptor-mediated signaling pathway","26/255","209/17012",0.124401913875598,8.29931513275167,13.0978110463817,9.48874407117932e-17,1.46268989857229e-13,1.32043364864201e-13,"PLCG2/DUSP22/LIME1/PDE4B/FCGR2B/CD19/CD79A/IGHM/CD79B/BTK/BLNK/STAP1/IGHA1/THEMIS2/KLHL6/LAX1/CD38/IGHG3/IGHG1/IGHA2/IGLC1/IGLC3/IGKC/IGHG4/IGHG2/SH2B2",26,"Plasma cells"
"GO:0034976","response to endoplasmic reticulum stress","29/255","283/17012",0.102473498233216,6.83638883115083,12.2134771028696,2.90912227517311e-16,2.9896079914529e-13,2.69884887563429e-13,"MAN1A1/ERN1/DNAJB9/FCGR2B/HERPUD1/PTPN1/XBP1/DERL3/SEL1L/HSP90B1/UBE2J1/CREB3L2/ERLEC1/EDEM1/EIF2AK3/BHLHA15/CHAC1/FICD/SDF2L1/BCL2L11/SYVN1/EIF2AK4/SELENOS/HM13/MANF/HYOU1/EDEM2/SEC61B/PDIA4",29,"Plasma cells"
"GO:0030970","retrograde protein transport, ER to cytosol","12/255","28/17012",0.428571428571429,28.5915966386555,18.0248946560356,2.44272823314038e-15,1.50618622855436e-12,1.35969967335225e-12,"HERPUD1/DERL3/SEL1L/HSP90B1/UBE2J1/ERLEC1/EDEM1/SYVN1/SELENOS/HM13/EDEM2/SEC61B",12,"Plasma cells"
"GO:1903513","endoplasmic reticulum to cytosol transport","12/255","28/17012",0.428571428571429,28.5915966386555,18.0248946560356,2.44272823314038e-15,1.50618622855436e-12,1.35969967335225e-12,"HERPUD1/DERL3/SEL1L/HSP90B1/UBE2J1/ERLEC1/EDEM1/SYVN1/SELENOS/HM13/EDEM2/SEC61B",12,"Plasma cells"
"GO:0002429","immune response-activating cell surface receptor signaling pathway","29/255","336/17012",0.0863095238095238,5.75802987861811,10.8664513021225,2.68637310046703e-14,1.38034804478998e-11,1.24610008379558e-11,"LY96/PLCG2/DUSP22/LIME1/PDE4B/CYBA/PELI1/FCGR2B/CD19/CD79A/IGHM/CD79B/BTK/BLNK/STAP1/IGHA1/THEMIS2/KLHL6/LAX1/CD38/IGHG3/IGHG1/IGHA2/IGLC1/IGLC3/IGKC/IGHG4/IGHG2/SH2B2",29,"Plasma cells"
"GO:0002768","immune response-regulating cell surface receptor signaling pathway","29/255","366/17012",0.0792349726775956,5.2860602164363,10.2254103049696,2.40369132816858e-13,1.04573639344276e-10,9.44031624788792e-11,"LY96/PLCG2/DUSP22/LIME1/PDE4B/CYBA/PELI1/FCGR2B/CD19/CD79A/IGHM/CD79B/BTK/BLNK/STAP1/IGHA1/THEMIS2/KLHL6/LAX1/CD38/IGHG3/IGHG1/IGHA2/IGLC1/IGLC3/IGKC/IGHG4/IGHG2/SH2B2",29,"Plasma cells"
"GO:0045047","protein targeting to ER","12/255","39/17012",0.307692307692308,20.5273001508296,15.0602463987268,2.71355535113268e-13,1.04573639344276e-10,9.44031624788792e-11,"MAN1A1/TRAM2/SPCS3/HERPUD1/TRAM1/EDEM1/SSR3/SPCS2/SEC61A1/SPCS1/SRPRB/SEC61B",12,"Plasma cells"
"GO:0072599","establishment of protein localization to endoplasmic reticulum","12/255","43/17012",0.27906976744186,18.6177838577291,14.2690236643594,1.00926536878209e-12,3.4572945910613e-10,3.12104986556706e-10,"MAN1A1/TRAM2/SPCS3/HERPUD1/TRAM1/EDEM1/SSR3/SPCS2/SEC61A1/SPCS1/SRPRB/SEC61B",12,"Plasma cells"
"GO:0032527","protein exit from endoplasmic reticulum","12/255","46/17012",0.260869565217391,17.4035805626598,13.7424674850555,2.46034162707102e-12,7.58523323625996e-10,6.8475192231324e-10,"HERPUD1/DERL3/SEL1L/HSP90B1/UBE2J1/ERLEC1/EDEM1/SYVN1/SELENOS/HM13/EDEM2/SEC61B",12,"Plasma cells"
"GO:0006119","oxidative phosphorylation","74/2899","139/17012",0.532374100719424,3.12409389494269,11.3963116387101,1.81827223813842e-22,1.10241845798332e-18,9.78039067040771e-19,"MT-ATP6/MT-ND4/TMEM135/MT-ND1/MT-ND5/MT-CO1/MT-ATP8/MT-ND4L/MT-ND6/MT-ND3/MT-CYB/MT-CO2/MT-CO3/COX6C/NDUFB9/CYC1/COX6A1/COX8A/UQCC3/NDUFA1/NDUFS8/UQCRH/NDUFB2/AK4/NDUFB10/SNCA/NUPR1/SLC25A33/NDUFV3/UQCC2/ATP5IF1/NDUFB7/UQCRC1/UQCRQ/NDUFB3/NDUFC1/UQCR10/COX5A/NDUFB4/NDUFB1/NDUFV2/NDUFA8/ATP5MF/NDUFA2/NDUFS6/COX7A2L/MTCH2/NDUFA7/ETFRF1/ATP5F1B/COX7B/NDUFB6/SDHC/NDUFAB1/ATP5F1C/ATP5PB/UQCRB/ATP5PF/UQCR11/COX6B1/ATP5F1A/ATP5F1D/PARK7/NDUFC2/COX5B/ATP5PD/NDUFA11/ATP5MG/COQ9/NDUFB11/COX7A2/CHCHD2/COX7C/ATP5ME",74,"Prostate epithelial"
"GO:0002181","cytoplasmic translation","90/2899","202/17012",0.445544554455446,2.61455810982961,10.4622445588016,4.26258117989073e-20,1.29220148468387e-16,1.14640999101272e-16,"YBX3/CPEB3/RPTOR/TSC2/CPEB2/RPL27A/RPS19/RPL39/RPL18A/RPSA/RPLP1/RPL23A/RPS14/RPS8/RPS11/RPL11/RPS3A/RPL32/RPS5/RPS16/RPL37/RPL18/RPS13/RPL13A/RPL19/RPS18/RPL22/RPL30/RPL17/RPL5/RPS6/RPS2/RPS28/RPL8/RPL27/RPL35A/RPL4/RPS7/RPL38/RPL3/RPL10A/RPL26/RPL12/EIF3L/RPL29/RPL14/RPL15/RPL35/RACK1/RPL6/RPS15/ANG/PLXNB2/RPL22L1/EIF4A1/RPL7/PRKAA1/DHX29/CPEB4/WDR24/AKT1/RPL36A/YWHAG/AKT2/RPL36/RPS6KB1/PKP1/PRKAA2/PKM/EIF4G1/RPL26L1/RPLP0/PABPC1/RPS24/PAIP1/LAMTOR1/EIF3E/EEF2/RPL37A/RPL7A/RPL31/EIF3H/EIF3I/RPS4X/RPL23/RPS17/RPL41/EEF1D/RPL24/EIF4B",90,"Prostate epithelial"
"GO:0019646","aerobic electron transport chain","52/2899","87/17012",0.597701149425287,3.50744806968713,10.6269000083648,3.46809492291081e-19,5.75238442855044e-16,5.10337672506971e-16,"MT-ND4/MT-ND1/MT-ND5/MT-CO1/MT-ND4L/MT-ND6/MT-ND3/MT-CYB/MT-CO2/MT-CO3/COX6C/NDUFB9/CYC1/COX6A1/COX8A/UQCC3/NDUFA1/NDUFS8/UQCRH/NDUFB2/NDUFB10/SNCA/NDUFV3/NDUFB7/UQCRC1/UQCRQ/NDUFB3/NDUFC1/UQCR10/COX5A/NDUFB4/NDUFB1/NDUFV2/NDUFA8/NDUFA2/NDUFS6/COX7A2L/NDUFA7/COX7B/NDUFB6/SDHC/NDUFAB1/UQCRB/UQCR11/COX6B1/PARK7/NDUFC2/COX5B/NDUFA11/COQ9/COX7A2/COX7C",52,"Prostate epithelial"
"GO:0009060","aerobic respiration","112/2899","287/17012",0.390243902439024,2.29004114118409,9.98943223483973,3.79507466834929e-19,5.75238442855044e-16,5.10337672506971e-16,"RPTOR/HK1/MT-ATP6/HDAC4/ZBTB20/STAT3/MT-ND4/TMEM135/MT-ND1/YAP1/LDHA/MT-ND5/MT-CO1/MT-ATP8/MT-ND4L/MT-ND6/MT-ND3/MT-CYB/MT-CO2/SLC4A4/MT-CO3/COX6C/NDUFB9/CYC1/COX6A1/TPI1/COX8A/ALDOA/GAPDH/IDE/PRKAA1/PFKM/PGM1/FBP1/PDHX/PRKAG2/MLST8/UQCC3/NDUFA1/NDUFS8/UQCRH/MDH2/FOXK2/FH/IDH2/NDUFB2/AK4/NDUFB10/SNCA/IDH1/NUPR1/PRKAA2/DHTKD1/SLC25A33/NDUFV3/MPC2/GPI/PKM/UQCC2/ATP5IF1/NDUFB7/UQCRC1/OGDHL/UQCRQ/NDUFB3/NDUFC1/UQCR10/COX5A/NDUFB4/NDUFB1/NDUFV2/NDUFA8/ATP5MF/NDUFA2/NDUFS6/COX7A2L/MTCH2/NDUFA7/ETFRF1/ATP5F1B/COX7B/NDUFB6/SDHC/CAT/NDUFAB1/ATP5F1C/ATP5PB/UQCRB/MDH1/ATP5PF/UQCR11/SUCLA2/COX6B1/ATP5F1A/ATP5F1D/PARK7/NDUFC2/COX5B/ATP5PD/ENO1/RAN/NDUFA11/ATP5MG/COQ9/NDUFB11/COX7A2/CHCHD2/COX7C/BCKDK/ATP5ME/SUCLG2/DLAT",112,"Prostate epithelial"
"GO:0006091","generation of precursor metabolites and energy","160/2899","477/17012",0.335429769392034,1.96837917795698,9.72258820396594,5.1181816758588e-19,6.14321427957997e-16,5.45011154260157e-16,"ADGRF5/SELENON/SLC25A25/RPTOR/SLC25A13/HK1/PHKB/PDIA5/VPS54/PPARD/MT-ATP6/HDAC4/ZBTB20/STAT3/MT-ND4/TMEM135/MT-ND1/ATG2B/YAP1/LDHA/MT-ND5/MT-CO1/MT-ATP8/MT-ND4L/MT-ND6/MT-ND3/MT-CYB/MT-CO2/PHLDA2/CROT/COMT/SLC4A4/ACADVL/IMMP2L/PYGB/MT-CO3/CYB561/PRPS2/COX6C/NDUFB9/CYC1/COX6A1/TPI1/COX8A/ALDOA/GAPDH/IDE/PRKAA1/ACAT1/PFKM/PGM1/GNPDA1/GAA/PGD/TKT/PGLS/FBP1/TALDO1/WDR45B/IRS2/PDHX/PRKAG2/AKT1/TRAP1/MLST8/UQCC3/NDUFA1/GFPT1/NDUFS8/SLC27A5/UQCRH/MDH2/AKT2/FOXK2/FH/IDH2/NDUFB2/FDX2/AK4/NDUFB10/SNCA/IDH1/NUPR1/PRKAA2/DHTKD1/SLC25A33/ACOX1/HMGCS2/ETFA/ADHFE1/GNMT/NDUFV3/MYBBP1A/MPC2/CHCHD5/GPI/PKM/UQCC2/ATP5IF1/NDUFB7/SLC25A4/UQCRC1/SELENOS/OGDHL/ACSM1/ALDH1L1/UQCRQ/NDUFB3/NDUFC1/UQCR10/COX5A/NDUFB4/NDUFB1/NDUFV2/NDUFA8/ATP5MF/NDUFA2/NDUFS6/COX7A2L/MTCH2/AGL/NDUFA7/ETFRF1/ATP5F1B/COX7B/NDUFB6/SDHC/CAT/NDUFAB1/ATP5F1C/ETFB/ATP5PB/UQCRB/MDH1/ATP5PF/UQCR11/SUCLA2/COX17/COX6B1/ATP5F1A/ATP5F1D/PARK7/NDUFC2/COX5B/ATP5PD/ENO1/RAN/WIPI1/NDUFA11/ATP5MG/COQ9/NDUFB11/COX7A2/CHCHD2/COX7C/BCKDK/ATP5ME/SUCLG2/HMGB1/DLAT",160,"Prostate epithelial"
"GO:0022904","respiratory electron transport chain","59/2899","108/17012",0.546296296296296,3.20579254659972,10.4222421618292,6.44995687628486e-19,6.14321427957997e-16,5.45011154260157e-16,"VPS54/MT-ND4/MT-ND1/MT-ND5/MT-CO1/MT-ND4L/MT-ND6/MT-ND3/MT-CYB/MT-CO2/IMMP2L/MT-CO3/COX6C/NDUFB9/CYC1/COX6A1/COX8A/UQCC3/NDUFA1/NDUFS8/UQCRH/NDUFB2/NDUFB10/SNCA/ETFA/NDUFV3/MYBBP1A/NDUFB7/UQCRC1/UQCRQ/NDUFB3/NDUFC1/UQCR10/COX5A/NDUFB4/NDUFB1/NDUFV2/NDUFA8/NDUFA2/NDUFS6/COX7A2L/MTCH2/NDUFA7/COX7B/NDUFB6/SDHC/NDUFAB1/ETFB/UQCRB/UQCR11/COX6B1/PARK7/NDUFC2/COX5B/NDUFA11/COQ9/COX7A2/CHCHD2/COX7C",59,"Prostate epithelial"
"GO:0042773","ATP synthesis coupled electron transport","54/2899","94/17012",0.574468085106383,3.37111109480158,10.44769963358,9.060723036577e-19,6.14321427957997e-16,5.45011154260157e-16,"MT-ND4/MT-ND1/MT-ND5/MT-CO1/MT-ND4L/MT-ND6/MT-ND3/MT-CYB/MT-CO2/MT-CO3/COX6C/NDUFB9/CYC1/COX6A1/COX8A/UQCC3/NDUFA1/NDUFS8/UQCRH/NDUFB2/NDUFB10/SNCA/NDUFV3/NDUFB7/UQCRC1/UQCRQ/NDUFB3/NDUFC1/UQCR10/COX5A/NDUFB4/NDUFB1/NDUFV2/NDUFA8/NDUFA2/NDUFS6/COX7A2L/MTCH2/NDUFA7/COX7B/NDUFB6/SDHC/NDUFAB1/UQCRB/UQCR11/COX6B1/PARK7/NDUFC2/COX5B/NDUFA11/COQ9/COX7A2/CHCHD2/COX7C",54,"Prostate epithelial"
"GO:0042775","mitochondrial ATP synthesis coupled electron transport","54/2899","94/17012",0.574468085106383,3.37111109480158,10.44769963358,9.060723036577e-19,6.14321427957997e-16,5.45011154260157e-16,"MT-ND4/MT-ND1/MT-ND5/MT-CO1/MT-ND4L/MT-ND6/MT-ND3/MT-CYB/MT-CO2/MT-CO3/COX6C/NDUFB9/CYC1/COX6A1/COX8A/UQCC3/NDUFA1/NDUFS8/UQCRH/NDUFB2/NDUFB10/SNCA/NDUFV3/NDUFB7/UQCRC1/UQCRQ/NDUFB3/NDUFC1/UQCR10/COX5A/NDUFB4/NDUFB1/NDUFV2/NDUFA8/NDUFA2/NDUFS6/COX7A2L/MTCH2/NDUFA7/COX7B/NDUFB6/SDHC/NDUFAB1/UQCRB/UQCR11/COX6B1/PARK7/NDUFC2/COX5B/NDUFA11/COQ9/COX7A2/CHCHD2/COX7C",54,"Prostate epithelial"
"GO:0045333","cellular respiration","121/2899","324/17012",0.373456790123457,2.191530497958,9.81419949285235,9.1190711720633e-19,6.14321427957997e-16,5.45011154260157e-16,"SLC25A25/RPTOR/SLC25A13/HK1/VPS54/MT-ATP6/HDAC4/ZBTB20/STAT3/MT-ND4/TMEM135/MT-ND1/YAP1/LDHA/MT-ND5/MT-CO1/MT-ATP8/MT-ND4L/MT-ND6/MT-ND3/MT-CYB/MT-CO2/SLC4A4/IMMP2L/MT-CO3/COX6C/NDUFB9/CYC1/COX6A1/TPI1/COX8A/ALDOA/GAPDH/IDE/PRKAA1/PFKM/PGM1/FBP1/PDHX/PRKAG2/TRAP1/MLST8/UQCC3/NDUFA1/NDUFS8/UQCRH/MDH2/FOXK2/FH/IDH2/NDUFB2/AK4/NDUFB10/SNCA/IDH1/NUPR1/PRKAA2/DHTKD1/SLC25A33/ETFA/NDUFV3/MYBBP1A/MPC2/CHCHD5/GPI/PKM/UQCC2/ATP5IF1/NDUFB7/UQCRC1/OGDHL/UQCRQ/NDUFB3/NDUFC1/UQCR10/COX5A/NDUFB4/NDUFB1/NDUFV2/NDUFA8/ATP5MF/NDUFA2/NDUFS6/COX7A2L/MTCH2/NDUFA7/ETFRF1/ATP5F1B/COX7B/NDUFB6/SDHC/CAT/NDUFAB1/ATP5F1C/ETFB/ATP5PB/UQCRB/MDH1/ATP5PF/UQCR11/SUCLA2/COX6B1/ATP5F1A/ATP5F1D/PARK7/NDUFC2/COX5B/ATP5PD/ENO1/RAN/NDUFA11/ATP5MG/COQ9/NDUFB11/COX7A2/CHCHD2/COX7C/BCKDK/ATP5ME/SUCLG2/DLAT",121,"Prostate epithelial"
"GO:0022900","electron transport chain","62/2899","118/17012",0.525423728813559,3.0833075110646,10.2921829526568,1.14521083253585e-18,6.94341327766484e-16,6.16002879395598e-16,"PDIA5/VPS54/MT-ND4/MT-ND1/MT-ND5/MT-CO1/MT-ND4L/MT-ND6/MT-ND3/MT-CYB/MT-CO2/IMMP2L/MT-CO3/CYB561/COX6C/NDUFB9/CYC1/COX6A1/COX8A/UQCC3/NDUFA1/NDUFS8/UQCRH/NDUFB2/FDX2/NDUFB10/SNCA/ETFA/NDUFV3/MYBBP1A/NDUFB7/UQCRC1/UQCRQ/NDUFB3/NDUFC1/UQCR10/COX5A/NDUFB4/NDUFB1/NDUFV2/NDUFA8/NDUFA2/NDUFS6/COX7A2L/MTCH2/NDUFA7/COX7B/NDUFB6/SDHC/NDUFAB1/ETFB/UQCRB/UQCR11/COX6B1/PARK7/NDUFC2/COX5B/NDUFA11/COQ9/COX7A2/CHCHD2/COX7C",62,"Prostate epithelial"
"GO:0019646","aerobic electron transport chain","11/160","87/17012",0.126436781609195,13.4433908045977,11.3379155298778,5.45496367740906e-10,7.50924743485002e-07,5.75576069285621e-07,"MT-ND2/MT-ND4/MT-ND1/MT-ND5/MT-CO1/MT-ND4L/MT-ND6/MT-ND3/MT-CYB/MT-CO2/MT-CO3",11,"Secretory/progenitor-like epithelial"
"GO:0001666","response to hypoxia","18/160","303/17012",0.0594059405940594,6.31633663366337,9.09824748484217,5.50736279046393e-10,7.50924743485002e-07,5.75576069285621e-07,"PLAT/CAV1/MT-ND2/MT-ND4/MT-ND1/EGR1/MT-ND5/MT-CO1/FOS/MT-CYB/MT-CO2/LCN2/ATP1B1/AQP3/CLDN3/ZFP36L1/ALAS1/MDM2",18,"Secretory/progenitor-like epithelial"
"GO:0036293","response to decreased oxygen levels","18/160","316/17012",0.0569620253164557,6.05648734177215,8.84067521735669,1.08005355789423e-09,7.50924743485002e-07,5.75576069285621e-07,"PLAT/CAV1/MT-ND2/MT-ND4/MT-ND1/EGR1/MT-ND5/MT-CO1/FOS/MT-CYB/MT-CO2/LCN2/ATP1B1/AQP3/CLDN3/ZFP36L1/ALAS1/MDM2",18,"Secretory/progenitor-like epithelial"
"GO:0042773","ATP synthesis coupled electron transport","11/160","94/17012",0.117021276595745,12.4422872340426,10.8393053416952,1.27103037150474e-09,7.50924743485002e-07,5.75576069285621e-07,"MT-ND2/MT-ND4/MT-ND1/MT-ND5/MT-CO1/MT-ND4L/MT-ND6/MT-ND3/MT-CYB/MT-CO2/MT-CO3",11,"Secretory/progenitor-like epithelial"
"GO:0042775","mitochondrial ATP synthesis coupled electron transport","11/160","94/17012",0.117021276595745,12.4422872340426,10.8393053416952,1.27103037150474e-09,7.50924743485002e-07,5.75576069285621e-07,"MT-ND2/MT-ND4/MT-ND1/MT-ND5/MT-CO1/MT-ND4L/MT-ND6/MT-ND3/MT-CYB/MT-CO2/MT-CO3",11,"Secretory/progenitor-like epithelial"
"GO:1902600","proton transmembrane transport","14/160","184/17012",0.0760869565217391,8.08994565217391,9.42181894518238,2.12258861308733e-09,1.04502112717666e-06,8.00997913465061e-07,"MT-ND2/MT-ND4/MT-ND1/MT-ND5/MT-CO1/MT-ATP8/MT-ND4L/MT-ND6/MT-ND3/MT-CYB/MT-CO2/ATP1B1/ATP1A1/MT-CO3",14,"Secretory/progenitor-like epithelial"
"GO:0070482","response to oxygen levels","18/160","340/17012",0.0529411764705882,5.62897058823529,8.40096581423101,3.44718255033989e-09,1.45471103624344e-06,1.1150210023731e-06,"PLAT/CAV1/MT-ND2/MT-ND4/MT-ND1/EGR1/MT-ND5/MT-CO1/FOS/MT-CYB/MT-CO2/LCN2/ATP1B1/AQP3/CLDN3/ZFP36L1/ALAS1/MDM2",18,"Secretory/progenitor-like epithelial"
"GO:0022904","respiratory electron transport chain","11/160","108/17012",0.101851851851852,10.8293981481481,9.98488922378602,5.67311863324905e-09,2.09479905532721e-06,1.60564186580509e-06,"MT-ND2/MT-ND4/MT-ND1/MT-ND5/MT-CO1/MT-ND4L/MT-ND6/MT-ND3/MT-CYB/MT-CO2/MT-CO3",11,"Secretory/progenitor-like epithelial"
"GO:0006119","oxidative phosphorylation","12/160","139/17012",0.0863309352517986,9.17913669064748,9.43447855160534,7.53383648204940e-09,2.4727725519971e-06,1.8953546517998e-06,"MT-ND2/MT-ND4/MT-ND1/MT-ND5/MT-CO1/MT-ATP8/MT-ND4L/MT-ND6/MT-ND3/MT-CYB/MT-CO2/MT-CO3",12,"Secretory/progenitor-like epithelial"
"GO:0022900","electron transport chain","11/160","118/17012",0.0932203389830508,9.91165254237288,9.46525225138228,1.45160080179457e-08,4.28802876850117e-06,3.28672981543172e-06,"MT-ND2/MT-ND4/MT-ND1/MT-ND5/MT-CO1/MT-ND4L/MT-ND6/MT-ND3/MT-CYB/MT-CO2/MT-CO3",11,"Secretory/progenitor-like epithelial"
